-- --------------------------------------------------------
-- Host:                         127.0.0.1
-- Server version:               5.5.28-0ubuntu0.12.04.2 - (Ubuntu)
-- Server OS:                    debian-linux-gnu
-- HeidiSQL version:             7.0.0.4053
-- Date/time:                    2012-12-02 20:25:00
-- --------------------------------------------------------

/*!40101 SET @OLD_CHARACTER_SET_CLIENT=@@CHARACTER_SET_CLIENT */;
/*!40101 SET NAMES utf8 */;
/*!40014 SET FOREIGN_KEY_CHECKS=0 */;

-- Dumping database structure for edu
CREATE DATABASE IF NOT EXISTS `edu` /*!40100 DEFAULT CHARACTER SET latin1 */;
USE `edu`;


-- Dumping structure for table edu.alumno
DROP TABLE IF EXISTS `alumno`;
CREATE TABLE IF NOT EXISTS `alumno` (
  `id` bigint(20) unsigned NOT NULL AUTO_INCREMENT,
  `fechaIngreso` date DEFAULT NULL,
  `fechaEngreso` date DEFAULT NULL,
  `fechaSalida` date DEFAULT NULL,
  `persona` bigint(20) unsigned NOT NULL,
  PRIMARY KEY (`id`),
  KEY `persona` (`persona`),
  CONSTRAINT `persona` FOREIGN KEY (`persona`) REFERENCES `persona` (`id`)
) ENGINE=InnoDB AUTO_INCREMENT=173 DEFAULT CHARSET=utf8 COLLATE=utf8_spanish_ci;

-- Dumping data for table edu.alumno: ~172 rows (approximately)
DELETE FROM `alumno`;
/*!40000 ALTER TABLE `alumno` DISABLE KEYS */;
INSERT INTO `alumno` (`id`, `fechaIngreso`, `fechaEngreso`, `fechaSalida`, `persona`) VALUES
	(1, '2012-07-17', NULL, NULL, 4),
	(2, '2012-07-17', NULL, NULL, 5),
	(3, '2012-07-17', NULL, NULL, 6),
	(4, '2012-09-22', NULL, NULL, 10),
	(5, '2012-09-22', NULL, NULL, 11),
	(6, '2012-09-22', NULL, NULL, 12),
	(7, '2012-09-22', NULL, NULL, 13),
	(8, '2012-09-22', NULL, NULL, 14),
	(9, '2012-09-22', NULL, NULL, 15),
	(10, '2012-09-22', NULL, NULL, 16),
	(11, '2012-09-22', NULL, NULL, 17),
	(12, '2012-09-22', NULL, NULL, 18),
	(13, '2012-09-22', NULL, NULL, 19),
	(14, '2012-09-22', NULL, NULL, 20),
	(15, '2012-09-22', NULL, NULL, 21),
	(16, '2012-09-22', NULL, NULL, 22),
	(17, '2012-09-22', NULL, NULL, 23),
	(18, '2012-09-22', NULL, NULL, 24),
	(19, '2012-09-23', NULL, NULL, 25),
	(20, '2012-09-24', NULL, NULL, 26),
	(21, '2012-09-24', NULL, NULL, 27),
	(22, '2012-11-13', NULL, NULL, 259),
	(23, '2012-11-13', NULL, NULL, 260),
	(24, '2012-11-13', NULL, NULL, 261),
	(25, '2012-11-13', NULL, NULL, 262),
	(26, '2012-11-13', NULL, NULL, 263),
	(27, '2012-11-13', NULL, NULL, 264),
	(28, '2012-11-13', NULL, NULL, 265),
	(29, '2012-11-13', NULL, NULL, 266),
	(30, '2012-11-13', NULL, NULL, 267),
	(31, '2012-11-13', NULL, NULL, 268),
	(32, '2012-11-13', NULL, NULL, 269),
	(33, '2012-11-13', NULL, NULL, 270),
	(34, '2012-11-13', NULL, NULL, 271),
	(35, '2012-11-13', NULL, NULL, 272),
	(36, '2012-11-13', NULL, NULL, 273),
	(37, '2012-11-13', NULL, NULL, 274),
	(38, '2012-11-13', NULL, NULL, 275),
	(39, '2012-11-13', NULL, NULL, 276),
	(40, '2012-11-13', NULL, NULL, 277),
	(41, '2012-11-13', NULL, NULL, 278),
	(42, '2012-11-13', NULL, NULL, 279),
	(43, '2012-11-13', NULL, NULL, 280),
	(44, '2012-11-13', NULL, NULL, 281),
	(45, '2012-11-13', NULL, NULL, 282),
	(46, '2012-11-13', NULL, NULL, 283),
	(47, '2012-11-13', NULL, NULL, 284),
	(48, '2012-11-13', NULL, NULL, 285),
	(49, '2012-11-13', NULL, NULL, 286),
	(50, '2012-11-13', NULL, NULL, 287),
	(51, '2012-11-13', NULL, NULL, 288),
	(52, '2012-11-13', NULL, NULL, 289),
	(53, '2012-11-13', NULL, NULL, 290),
	(54, '2012-11-13', NULL, NULL, 291),
	(55, '2012-11-13', NULL, NULL, 292),
	(56, '2012-11-13', NULL, NULL, 293),
	(57, '2012-11-13', NULL, NULL, 294),
	(58, '2012-11-13', NULL, NULL, 295),
	(59, '2012-11-13', NULL, NULL, 296),
	(60, '2012-11-13', NULL, NULL, 297),
	(61, '2012-11-13', NULL, NULL, 298),
	(62, '2012-11-13', NULL, NULL, 299),
	(63, '2012-11-13', NULL, NULL, 300),
	(64, '2012-11-13', NULL, NULL, 301),
	(65, '2012-11-13', NULL, NULL, 302),
	(66, '2012-11-13', NULL, NULL, 303),
	(67, '2012-11-13', NULL, NULL, 304),
	(68, '2012-11-13', NULL, NULL, 305),
	(69, '2012-11-13', NULL, NULL, 306),
	(70, '2012-11-13', NULL, NULL, 307),
	(71, '2012-11-13', NULL, NULL, 308),
	(72, '2012-11-13', NULL, NULL, 309),
	(73, '2012-11-13', NULL, NULL, 310),
	(74, '2012-11-13', NULL, NULL, 311),
	(75, '2012-11-13', NULL, NULL, 312),
	(76, '2012-11-13', NULL, NULL, 313),
	(77, '2012-11-13', NULL, NULL, 314),
	(78, '2012-11-13', NULL, NULL, 315),
	(79, '2012-11-13', NULL, NULL, 316),
	(80, '2012-11-13', NULL, NULL, 317),
	(81, '2012-11-13', NULL, NULL, 318),
	(82, '2012-11-13', NULL, NULL, 319),
	(83, '2012-11-13', NULL, NULL, 320),
	(84, '2012-11-13', NULL, NULL, 321),
	(85, '2012-11-13', NULL, NULL, 322),
	(86, '2012-11-13', NULL, NULL, 323),
	(87, '2012-11-13', NULL, NULL, 324),
	(88, '2012-11-13', NULL, NULL, 325),
	(89, '2012-11-13', NULL, NULL, 326),
	(90, '2012-11-13', NULL, NULL, 327),
	(91, '2012-11-13', NULL, NULL, 328),
	(92, '2012-11-13', NULL, NULL, 329),
	(93, '2012-11-13', NULL, NULL, 330),
	(94, '2012-11-13', NULL, NULL, 331),
	(95, '2012-11-13', NULL, NULL, 332),
	(96, '2012-11-13', NULL, NULL, 333),
	(97, '2012-11-13', NULL, NULL, 334),
	(98, '2012-11-13', NULL, NULL, 335),
	(99, '2012-11-13', NULL, NULL, 336),
	(100, '2012-11-13', NULL, NULL, 337),
	(101, '2012-11-13', NULL, NULL, 338),
	(102, '2012-11-13', NULL, NULL, 339),
	(103, '2012-11-13', NULL, NULL, 340),
	(104, '2012-11-13', NULL, NULL, 341),
	(105, '2012-11-13', NULL, NULL, 342),
	(106, '2012-11-13', NULL, NULL, 343),
	(107, '2012-11-13', NULL, NULL, 344),
	(108, '2012-11-13', NULL, NULL, 345),
	(109, '2012-11-13', NULL, NULL, 346),
	(110, '2012-11-13', NULL, NULL, 347),
	(111, '2012-11-13', NULL, NULL, 348),
	(112, '2012-11-13', NULL, NULL, 349),
	(113, '2012-11-13', NULL, NULL, 350),
	(114, '2012-11-13', NULL, NULL, 351),
	(115, '2012-11-13', NULL, NULL, 352),
	(116, '2012-11-13', NULL, NULL, 353),
	(117, '2012-11-13', NULL, NULL, 354),
	(118, '2012-11-13', NULL, NULL, 355),
	(119, '2012-11-13', NULL, NULL, 356),
	(120, '2012-11-13', NULL, NULL, 357),
	(121, '2012-11-13', NULL, NULL, 358),
	(122, '2012-11-13', NULL, NULL, 359),
	(123, '2012-11-13', NULL, NULL, 360),
	(124, '2012-11-13', NULL, NULL, 361),
	(125, '2012-11-13', NULL, NULL, 362),
	(126, '2012-11-13', NULL, NULL, 363),
	(127, '2012-11-13', NULL, NULL, 364),
	(128, '2012-11-13', NULL, NULL, 365),
	(129, '2012-11-13', NULL, NULL, 366),
	(130, '2012-11-13', NULL, NULL, 367),
	(131, '2012-11-13', NULL, NULL, 368),
	(132, '2012-11-13', NULL, NULL, 369),
	(133, '2012-11-13', NULL, NULL, 370),
	(134, '2012-11-13', NULL, NULL, 371),
	(135, '2012-11-13', NULL, NULL, 372),
	(136, '2012-11-13', NULL, NULL, 373),
	(137, '2012-11-13', NULL, NULL, 374),
	(138, '2012-11-13', NULL, NULL, 375),
	(139, '2012-11-13', NULL, NULL, 376),
	(140, '2012-11-13', NULL, NULL, 377),
	(141, '2012-11-13', NULL, NULL, 378),
	(142, '2012-11-13', NULL, NULL, 379),
	(143, '2012-11-13', NULL, NULL, 380),
	(144, '2012-11-13', NULL, NULL, 381),
	(145, '2012-11-13', NULL, NULL, 382),
	(146, '2012-11-13', NULL, NULL, 383),
	(147, '2012-11-13', NULL, NULL, 384),
	(148, '2012-11-13', NULL, NULL, 385),
	(149, '2012-11-13', NULL, NULL, 386),
	(150, '2012-11-13', NULL, NULL, 387),
	(151, '2012-11-13', NULL, NULL, 388),
	(152, '2012-11-13', NULL, NULL, 389),
	(153, '2012-11-13', NULL, NULL, 390),
	(154, '2012-11-13', NULL, NULL, 391),
	(155, '2012-11-13', NULL, NULL, 392),
	(156, '2012-11-13', NULL, NULL, 393),
	(157, '2012-11-13', NULL, NULL, 394),
	(158, '2012-11-13', NULL, NULL, 395),
	(159, '2012-11-13', NULL, NULL, 396),
	(160, '2012-11-13', NULL, NULL, 397),
	(161, '2012-11-13', NULL, NULL, 398),
	(162, '2012-11-13', NULL, NULL, 399),
	(163, '2012-11-13', NULL, NULL, 400),
	(164, '2012-11-13', NULL, NULL, 401),
	(165, '2012-11-13', NULL, NULL, 402),
	(166, '2012-11-13', NULL, NULL, 403),
	(167, '2012-11-13', NULL, NULL, 404),
	(168, '2012-11-13', NULL, NULL, 405),
	(169, '2012-11-13', NULL, NULL, 406),
	(170, '2012-11-13', NULL, NULL, 407),
	(171, '2012-11-13', NULL, NULL, 408),
	(172, '2012-11-30', NULL, NULL, 640);
/*!40000 ALTER TABLE `alumno` ENABLE KEYS */;


-- Dumping structure for table edu.cargo
DROP TABLE IF EXISTS `cargo`;
CREATE TABLE IF NOT EXISTS `cargo` (
  `id` bigint(20) unsigned NOT NULL AUTO_INCREMENT,
  `nombre` varchar(255) CHARACTER SET latin1 DEFAULT NULL,
  `descripcion` tinytext CHARACTER SET latin1,
  PRIMARY KEY (`id`)
) ENGINE=InnoDB AUTO_INCREMENT=2 DEFAULT CHARSET=utf8 COLLATE=utf8_spanish_ci;

-- Dumping data for table edu.cargo: ~1 rows (approximately)
DELETE FROM `cargo`;
/*!40000 ALTER TABLE `cargo` DISABLE KEYS */;
INSERT INTO `cargo` (`id`, `nombre`, `descripcion`) VALUES
	(1, 'titular', 'titular');
/*!40000 ALTER TABLE `cargo` ENABLE KEYS */;


-- Dumping structure for table edu.ci_sessions
DROP TABLE IF EXISTS `ci_sessions`;
CREATE TABLE IF NOT EXISTS `ci_sessions` (
  `session_id` varchar(40) COLLATE utf8_bin NOT NULL DEFAULT '0',
  `ip_address` varchar(16) COLLATE utf8_bin NOT NULL DEFAULT '0',
  `user_agent` varchar(150) COLLATE utf8_bin NOT NULL,
  `last_activity` int(10) unsigned NOT NULL DEFAULT '0',
  `user_data` text COLLATE utf8_bin NOT NULL,
  PRIMARY KEY (`session_id`)
) ENGINE=InnoDB DEFAULT CHARSET=utf8 COLLATE=utf8_bin;

-- Dumping data for table edu.ci_sessions: ~1 rows (approximately)
DELETE FROM `ci_sessions`;
/*!40000 ALTER TABLE `ci_sessions` DISABLE KEYS */;
INSERT INTO `ci_sessions` (`session_id`, `ip_address`, `user_agent`, `last_activity`, `user_data`) VALUES
	('a71f012794de6185c9738ad119ce64ad', '127.0.0.1', 'Mozilla/5.0 (X11; Linux x86_64) AppleWebKit/536.11 (KHTML, like Gecko) Ubuntu/12.04 Chromium/20.0.1132.47 Chrome/20.0.11', 1354490460, 'a:4:{s:9:"user_data";s:0:"";s:9:"logged_in";a:3:{s:2:"id";s:2:"29";s:9:"ussername";s:20:"gonzasiman@gmail.com";s:7:"persona";s:3:"639";}s:7:"escuela";a:13:{s:6:"nombre";s:14:"Eusebio Blanco";s:2:"id";s:1:"4";s:3:"cue";s:5:"50012";s:9:"direccion";s:24:"Bandera de los Andes 123";s:6:"numero";s:4:"4232";s:8:"telefono";N;s:15:"fechaResolucion";s:8:"01/11/03";s:13:"fechaCreacion";N;s:11:"fechaCierre";N;s:12:"nivel_nombre";s:9:"Polimodal";s:19:"especialidad_nombre";s:8:"Ciencias";s:16:"localidad_nombre";s:9:"San José";s:19:"departamento_nombre";s:11:"Guaymallén";}s:3:"rol";a:2:{s:3:"rol";s:1:"2";s:7:"escuela";s:1:"4";}}');
/*!40000 ALTER TABLE `ci_sessions` ENABLE KEYS */;


-- Dumping structure for table edu.codigospostales
DROP TABLE IF EXISTS `codigospostales`;
CREATE TABLE IF NOT EXISTS `codigospostales` (
  `id` int(10) NOT NULL AUTO_INCREMENT,
  `codigo` varchar(10) DEFAULT NULL,
  PRIMARY KEY (`id`)
) ENGINE=InnoDB AUTO_INCREMENT=877 DEFAULT CHARSET=utf8;

-- Dumping data for table edu.codigospostales: ~78 rows (approximately)
DELETE FROM `codigospostales`;
/*!40000 ALTER TABLE `codigospostales` DISABLE KEYS */;
INSERT INTO `codigospostales` (`id`, `codigo`) VALUES
	(799, 'M5509'),
	(800, 'M5563'),
	(801, 'M5569'),
	(802, 'M5549'),
	(803, 'M5621'),
	(804, 'M5541'),
	(805, 'M5537'),
	(806, 'M5582'),
	(807, 'M5591'),
	(808, 'M5553'),
	(809, 'M5570'),
	(810, 'M5543'),
	(811, 'M5561'),
	(812, 'M5575'),
	(813, 'M5609'),
	(814, 'M5560'),
	(815, 'M5535'),
	(816, 'M5623'),
	(817, 'M5636'),
	(818, 'M5517'),
	(819, 'M5611'),
	(820, 'M5605'),
	(821, 'M5507'),
	(822, 'M5587'),
	(823, 'M5539'),
	(824, 'M5501'),
	(825, 'M5500'),
	(826, 'M5525'),
	(827, 'M5519'),
	(828, 'M5521'),
	(829, 'M5547'),
	(830, 'M5513'),
	(831, 'M5620'),
	(832, 'M5511'),
	(833, 'M5584'),
	(834, 'M5613'),
	(835, 'M5533'),
	(836, 'M5634'),
	(837, 'M5523'),
	(838, 'M5590'),
	(839, 'M5579'),
	(840, 'M5565'),
	(841, 'M5603'),
	(842, 'M5601'),
	(843, 'M5505'),
	(844, 'M5594'),
	(845, 'M5632'),
	(846, 'M5529'),
	(847, 'M5607'),
	(848, 'M5573'),
	(849, 'M5622'),
	(850, 'M5615'),
	(851, 'M5527'),
	(852, 'M5580'),
	(853, 'M5637'),
	(854, 'M5557'),
	(855, 'M5595'),
	(856, 'M5589'),
	(857, 'M5571'),
	(858, 'M5598'),
	(859, 'M5531'),
	(860, 'M5577'),
	(861, 'M5600'),
	(862, 'M5585'),
	(863, 'M5592'),
	(864, 'M5544'),
	(865, 'M5635'),
	(866, 'M5624'),
	(867, 'M5567'),
	(868, 'M5545'),
	(869, 'M5596'),
	(870, 'M5677'),
	(871, 'M5515'),
	(872, 'M6279'),
	(873, 'M5503'),
	(874, 'M5551'),
	(875, 'M5555'),
	(876, 'M5435');
/*!40000 ALTER TABLE `codigospostales` ENABLE KEYS */;


-- Dumping structure for table edu.comunicaciones
DROP TABLE IF EXISTS `comunicaciones`;
CREATE TABLE IF NOT EXISTS `comunicaciones` (
  `id` bigint(20) unsigned NOT NULL AUTO_INCREMENT,
  `fechaAlta` timestamp NULL DEFAULT CURRENT_TIMESTAMP,
  `fechaBaja` date DEFAULT NULL,
  `titulo` varchar(255) CHARACTER SET latin1 DEFAULT NULL,
  `descripcion` longtext CHARACTER SET latin1,
  `inscripcion` bigint(20) unsigned NOT NULL,
  PRIMARY KEY (`id`),
  KEY `fk_comunicaciones_inscripcionalumno_1_idx` (`inscripcion`),
  CONSTRAINT `fk_comunicaciones_inscripcionalumno_1` FOREIGN KEY (`inscripcion`) REFERENCES `inscripcionalumno` (`id`) ON DELETE NO ACTION ON UPDATE NO ACTION
) ENGINE=InnoDB DEFAULT CHARSET=utf8 COLLATE=utf8_spanish_ci;

-- Dumping data for table edu.comunicaciones: ~0 rows (approximately)
DELETE FROM `comunicaciones`;
/*!40000 ALTER TABLE `comunicaciones` DISABLE KEYS */;
/*!40000 ALTER TABLE `comunicaciones` ENABLE KEYS */;


-- Dumping structure for table edu.contenido
DROP TABLE IF EXISTS `contenido`;
CREATE TABLE IF NOT EXISTS `contenido` (
  `id` bigint(20) unsigned NOT NULL AUTO_INCREMENT,
  `nombre` varchar(255) CHARACTER SET latin1 DEFAULT NULL,
  `descripcion` longtext COLLATE utf8_spanish_ci,
  `materia` bigint(20) unsigned NOT NULL,
  PRIMARY KEY (`id`),
  KEY `fk_contenido_materia_1` (`materia`),
  CONSTRAINT `fk_contenido_materia_1` FOREIGN KEY (`materia`) REFERENCES `materia` (`id`)
) ENGINE=InnoDB AUTO_INCREMENT=7 DEFAULT CHARSET=utf8 COLLATE=utf8_spanish_ci COMMENT='utf8_spanish_ci';

-- Dumping data for table edu.contenido: ~4 rows (approximately)
DELETE FROM `contenido`;
/*!40000 ALTER TABLE `contenido` DISABLE KEYS */;
INSERT INTO `contenido` (`id`, `nombre`, `descripcion`, `materia`) VALUES
	(3, 'Contenido 1 Mat', '<p>Contenido de Matemática</p>', 3),
	(4, 'El Hombre del SIglo XX', '<p>\r\n Hombre de cra&ntilde;on!</p>\r\n', 6),
	(5, 'Primer contenido', '<p>\r\n contenido de lengua</p>\r\n', 4),
	(6, 'El Rol del hombre en el mundo', '<p>\r\n Detalle del contenido..</p>\r\n', 7),
	(7, 'Diseño Multimedial', '<p>\n &nbsp;</p>\n<h1 class="firstHeading" id="firstHeading"  rgb(0, 0, 0); background-image: none; font-weight: normal; margin: 0px 0px 0.1em; overflow: hidden; padding-top: 0px; padding-bottom: 0px; border-bottom-width: 1px; border-bottom-style: solid; border-bottom-color: rgb(170, 170, 170); font-size: 1.6em; line-height: 1.2em; font-family: sans-serif; ">\n <span dir="auto">Dise&ntilde;o multimedial</span></h1>\n<div id="bodyContent"  0.8em; position: relative; width: 1681px; line-height: 1.5em; color: rgb(0, 0, 0); font-family: sans-serif; ">\n <div id="contentSub"  11px; line-height: 1.2em; margin: 0px 0px 1.4em 1em; color: rgb(125, 125, 125); width: auto; ">\n  &nbsp;</div>\n <div class="mw-jump" id="jump-to-nav"  hidden; height: 0px; zoom: 1; margin-top: -1.4em; margin-bottom: 1.4em; ">\n  &nbsp;</div>\n <div class="mw-content-ltr" dir="ltr" id="mw-content-text" lang="es"  ltr; ">\n  <p  0.4em 0px 0.5em; line-height: 1.5em; ">\n   Comprendemos el&nbsp;<b>Dise&ntilde;o Multimedial</b>&nbsp;en la &oacute;rbita de aquellas disciplinas o t&eacute;cnicas que derivan del&nbsp;<a class="mw-redirect" href="http://es.wikipedia.org/wiki/Diseño_Gráfico"  none; color: rgb(11, 0, 128); background-image: none; background-position: initial initial; background-repeat: initial initial; " title="Diseño Gráfico">Dise&ntilde;o Gr&aacute;fico</a>&nbsp;como piedra fundamental o base pr&aacute;ctica y te&oacute;rica. En este contexto el dise&ntilde;o multimedial puede considerarse como la t&eacute;cnica profesional de combinar diferentes medios para lograr comunicar un mensaje.</p>\n  <p  0.4em 0px 0.5em; line-height: 1.5em; ">\n   Enti&eacute;ndase como medios aplicables al caso a todas aquellas formas de&nbsp;<a href="http://es.wikipedia.org/wiki/Comunicación"  none; color: rgb(11, 0, 128); background-image: none; background-position: initial initial; background-repeat: initial initial; " title="Comunicación">comunicaci&oacute;n</a>&nbsp;y, en este contexto, las relacionadas con la&nbsp;<a href="http://es.wikipedia.org/wiki/Publicidad"  none; color: rgb(11, 0, 128); background-image: none; background-position: initial initial; background-repeat: initial initial; " title="Publicidad">publicidad</a>&nbsp;o la&nbsp;<a href="http://es.wikipedia.org/wiki/Promoción_de_ventas"  none; color: rgb(11, 0, 128); background-image: none; background-position: initial initial; background-repeat: initial initial; " title="Promoción de ventas">promoci&oacute;n</a>.</p>\n  <p  0.4em 0px 0.5em; line-height: 1.5em; ">\n   Es as&iacute; como el dise&ntilde;o multimedial puede ser considerado como una instancia superadora del&nbsp;<a class="mw-redirect" href="http://es.wikipedia.org/wiki/Diseño_Gráfico"  none; color: rgb(11, 0, 128); background-image: none; background-position: initial initial; background-repeat: initial initial; " title="Diseño Gráfico">Dise&ntilde;o Gr&aacute;fico</a>&nbsp;o, al menos , como una disciplina o t&eacute;cnica que utiliza el&nbsp;<a class="mw-redirect" href="http://es.wikipedia.org/wiki/Diseño_Gráfico"  none; color: rgb(11, 0, 128); background-image: none; background-position: initial initial; background-repeat: initial initial; " title="Diseño Gráfico">Dise&ntilde;o Gr&aacute;fico</a>&nbsp;como herramienta y que combina este medio (Gr&aacute;fico) con otros medios como los audibles e incluso incursiona en la animaci&oacute;n.</p>\n  <p  0.4em 0px 0.5em; line-height: 1.5em; ">\n   Dir&iacute;jase a la definici&oacute;n de&nbsp;<a href="http://es.wikipedia.org/wiki/Multimedia"  none; color: rgb(11, 0, 128); background-image: none; background-position: initial initial; background-repeat: initial initial; " title="Multimedia">multimedia</a>&nbsp;para obtener informaci&oacute;n ampliada sobre este t&eacute;rmino en particular.</p>\n </div>\n</div>\n<p>\n &nbsp;</p>\n', 41),
	(8, 'Historia del Diseño', '<p>\n <img a="" alt="" coninck="" die="" el="" grooten="" height="11" href="http://es.wikipedia.org/wiki/1491" hystorie="" impreso="" initial="" mediante="" none="" src="http://bits.wikimedia.org/static-1.21wmf4/skins/common/images/magnify-clip.png" title="1491" vanden="" width="15" />1491&nbsp;por&nbsp;<a em=""px="" ador="" al="" artesano="" asemejaba="" christiaen="" class="new" de="" del="" el="" grafos="" href="http://es.wikipedia.org/w/index.php?title=Christiaen_Snellaert&action=edit&redlink=1" initial="" los="" p="" que="" s="" se="" title="Christiaen Snellaert (aún no redactado)" trabajo=""> La definici&oacute;n de la profesi&oacute;n del dise&ntilde;ador gr&aacute;fico es m&aacute;s bien reciente, en lo que refiere su preparaci&oacute;n, su actividad y sus objetivos. Aunque no existe consenso acerca de la fecha exacta en la que naci&oacute; el dise&ntilde;o gr&aacute;fico, algunos lo datan durante el per&iacute;odo de entreguerras. Otros entienden que comienza a identificarse como tal para finales del&nbsp;</a><a em=""px="" href="http://es.wikipedia.org/wiki/Siglo_XIX" initial="" p="" siglo="" title="Siglo XIX"> Puede argumentarse que comunicaciones gr&aacute;ficas con prop&oacute;sitos espec&iacute;ficos tienen su origen en las&nbsp;</a><a a="" class="mw-redirect" href="http://es.wikipedia.org/wiki/Paleolítico" initial="" pinturas="" title="Paleolítico">Paleol&iacute;tico</a>&nbsp;y en el nacimiento del lenguaje escrito en el tercer milenio a. de C. Pero las diferencias de m&eacute;todos de trabajo,<a a="" actual="" ador="" al="" auxiliares="" claridad="" con="" de="" el="" es="" fico="" hombre="" href="http://es.wikipedia.org/wiki/Xilografía" identificar="" initial="" la="" n="" no="" posible="" que="" requerida="" son="" tales="" title="Xilografía" y="">xil&oacute;grafo</a>&nbsp;del&nbsp;<a a="" con="" href="http://es.wikipedia.org/wiki/Litografía" initial="" o="" siglo="" title="Litografía">lit&oacute;grafo</a>&nbsp;de&nbsp;<a em=""px="" href="http://es.wikipedia.org/wiki/1890" initial="" p="" title="1890"> La diversidad de opiniones responde a que algunos consideran como producto del dise&ntilde;o gr&aacute;fico a toda manifestaci&oacute;n gr&aacute;fica y otros solamente a aquellas que surgen como resultado de la aplicaci&oacute;n de un modelo de producci&oacute;n industrial; es decir, aquellas manifestaciones visuales que han sido &quot;proyectadas&quot; contemplando necesidades de diversos tipos: productivas, simb&oacute;licas, ergon&oacute;micas, contextuales, etc.</a></p>\n<div 1px="" 3px="" a="" background-color:="" background-image:="" background-position:="" background-repeat:="" class="image" color:="" font-size:="" href="http://commons.wikimedia.org/wiki/File:Die_hystorie_vanden_grooten_Coninck_Alexander_Delft_1491_01.jpg" initial="" overflow:="" padding:="" solid="" text-align:="" width:="">\n <div a="" background-image:="" background-position:="" background-repeat:="" border:="" class="internal" color:="" display:="" float:="" href="http://es.wikipedia.org/wiki/Archivo:Die_hystorie_vanden_grooten_Coninck_Alexander_Delft_1491_01.jpg" initial="" none="" title="Aumentar">\n  <h3 0px="" background-image:="" border-bottom-style:="" class="editsection" float:="" font-family:="" font-size:="" font-weight:="" line-height:="" margin-left:="" margin:="" overflow:="" padding-bottom:="" padding-top:="" span="">\n   <a em=""px="" href="http://es.wikipedia.org/wiki/1890" initial="" p="" title="1890">[</a><a em=""px=""em="" class="thumb tright" div="" href="http://es.wikipedia.org/w/index.php?title=Diseño_gráfico&action=edit§ion=2" id="Antecedentes" initial="" span="" title="Editar sección: Antecedentes"> </a></h3>\n  <div 1px="" 3px="" a="" background-color:="" background-image:="" background-position:="" background-repeat:="" class="image" color:="" font-size:="" href="http://commons.wikimedia.org/wiki/File:KellsFol114vTuncDicit.gif" initial="" overflow:="" padding:="" solid="" text-align:="" width:="">\n   <div a="" background-image:="" background-position:="" background-repeat:="" border:="" class="internal" color:="" display:="" float:="" href="http://es.wikipedia.org/wiki/Archivo:KellsFol114vTuncDicit.gif" initial="" none="" title="Aumentar">\n    <a em=""px=""em="" class="thumb tright" div="" href="http://es.wikipedia.org/w/index.php?title=Diseño_gráfico&action=edit§ion=2" id="Antecedentes" initial="" span="" title="Editar sección: Antecedentes"><img a="" alt="" class="mw-redirect" gina="" height="11" href="http://es.wikipedia.org/wiki/The_book_of_Kells" initial="" none="" src="http://bits.wikimedia.org/static-1.21wmf4/skins/common/images/magnify-clip.png" title="The book of Kells" una="" width="15" />Libro de Kells</a>: Folio 114, con texto decorado contiene el&nbsp;<i>Tunc dicit illis</i>. Un ejemplo del arte y diagramaci&oacute;n de p&aacute;gina de la edad media.</div>\n  </div>\n </div>\n <p 0.4em="" 0px="" a="" background-image:="" background-position:="" background-repeat:="" class="mw-redirect" color:="" font-family:="" font-size:="" href="http://es.wikipedia.org/wiki/The_book_of_Kells" initial="" line-height:="" title="The book of Kells">\n  El libro de Kells&nbsp;&mdash; Una Biblia manuscrita profusamente ilustrada, realizada por monjes irlandeses del siglo IX E.C.&mdash; es para algunos un muy hermoso y temprano ejemplo del concepto de dise&ntilde;o gr&aacute;fico. Se trata de una manifestaci&oacute;n gr&aacute;fica, de gran valor art&iacute;stico, de alt&iacute;sima calidad, y que incluso sirve de modelo para aprender a dise&ntilde;ar &mdash;pues incluso supera en calidad a muchas de las producciones editoriales actuales&mdash;, y adem&aacute;s desde un punto de vista funcional contempor&aacute;neo esta pieza gr&aacute;fica responde al conjunto de necesidades planteadas al equipo de personas que lo realiz&oacute;, no obstante otros opinan que no ser&iacute;a producto del dise&ntilde;o gr&aacute;fico, pues entienden que su concepci&oacute;n no se ajusta a la idea del proyecto de dise&ntilde;o gr&aacute;fico actual.</p>\n <p 0.4em="" 0px="" a="" background-image:="" background-position:="" background-repeat:="" color:="" de="" font-family:="" font-size:="" historia="" href="http://es.wikipedia.org/wiki/Tipografía" initial="" la="" line-height:="" title="Tipografía">\n  tipograf&iacute;a&nbsp;&mdash;y por car&aacute;cter transitivo, tambi&eacute;n la historia del libro&mdash; est&aacute; estrechamente vinculada a la del dise&ntilde;o gr&aacute;fico; esto puede ser as&iacute; porque pr&aacute;cticamente no existen dise&ntilde;os gr&aacute;ficos en los que no se incluyan elementos gr&aacute;ficos de este tipo. De ah&iacute; que cuando se habla de la historia del dise&ntilde;o gr&aacute;fico, tambi&eacute;n se cita la tipograf&iacute;a de la&nbsp;<a a="" class="mw-redirect" columna="" href="http://es.wikipedia.org/wiki/Johannes_Gutenberg" imprenta="" initial="" la="" las="" miniaturas="" title="Johannes Gutenberg">Johannes Gutenberg</a>, la evoluci&oacute;n de la industria del libro, los afiches parisinos, el Movimiento de Artes y Oficios (<a a="" and="" arts="" href="http://es.wikipedia.org/wiki/William_Morris" initial="" title="William Morris">William Morris</a>, la Bauhaus, etc.&quot;</p>\n <p 0.4em="" 0px="" a="" background-image:="" background-position:="" background-repeat:="" color:="" de="" font-family:="" font-size:="" href="http://es.wikipedia.org/wiki/Johannes_Gutenberg" initial="" la="" line-height:="" n="" tipos="" title="Johannes Gutenberg">\n  Johannes Gutenberg&nbsp;hizo a los libros m&aacute;s baratos de producir, adem&aacute;s de facilitar su difusi&oacute;n. Los primeros libros impresos (incunables) marcaron el modelo a seguir hasta el siglo XX. El dise&ntilde;o gr&aacute;fico de esta &eacute;poca se ha llegado a conocer como Estilo Antiguo (especialmente la tipograf&iacute;a que estos primeros tip&oacute;grafos usaron) o Humanista, debido a la escuela filos&oacute;fica predominante de la &eacute;poca.</p>\n <p 0.4em="" 0px="" a="" artes="" background-image:="" bellas="" border-bottom-style:="" cambios="" clara="" color:="" crear="" del="" en="" entre="" esfuerzo="" ficamente="" finales="" font-family:="" font-size:="" gran="" h3="" hasta="" hizo="" las="" line-height:="" margin:="" n="" no="" overflow:="" padding-bottom:="" padding-top:="" por="" que="" se="" siglo="" significativos="" tras="" un="" una="" vieron="" y="">\n  <span a="" background-image:="" background-position:="" background-repeat:="" class="editsection" color:="" float:="" font-size:="" font-weight:="" href="http://es.wikipedia.org/w/index.php?title=Diseño_gráfico&action=edit§ion=3" initial="" margin-left:="" title="Editar sección: Siglo XIX">editar]</span><span class="mw-headline" id="Siglo_XIX">Siglo XIX</span></p>\n <div 0.5em="" 0px="" 1.3em="" 1px="" 3px="" background-color:="" class="thumbinner" color:="" div="" float:="" font-family:="" font-size:="" line-height:="" margin:="" overflow:="" padding:="" solid="" text-align:="" width:="">\n  <div 3px="" background-image:="" background-position:="" background-repeat:="" class="magnify" div="" float:="" font-size:="" initial="" line-height:="" none="" padding:="" text-align:="">\n   &nbsp;</div>\n  Primera p&aacute;gina del libro&nbsp;<i>The Nature of Gothic</i>&nbsp;de&nbsp;<a a="" editado="" href="http://es.wikipedia.org/wiki/Arts_and_Crafts" imprenta="" initial="" john="" la="" por="" title="Arts and Crafts">Arts and Crafts</a>propon&iacute;a revivir el arte medieval, la inspiraci&oacute;n en la naturaleza y el trabajo manual.</div>\n</div>\n<p 0.4em="" 0px="" a="" background-image:="" background-position:="" background-repeat:="" color:="" durante="" font-family:="" font-size:="" href="http://es.wikipedia.org/wiki/Siglo_XIX" initial="" line-height:="" title="Siglo XIX">\n siglo XIX&nbsp;el dise&ntilde;o de mensajes visuales fue confiado alternativamente a dos profesionales: el dibujante o el impresor. El primero estaba formado como&nbsp;<a a="" el="" href="http://es.wikipedia.org/wiki/Artesano" initial="" segundo="" title="Artesano" y="">artesano</a>, ambos frecuentemente en las mismas escuelas de artes y oficios. Para el impresor ten&iacute;a como arte el uso de ornamentos y la selecci&oacute;n de fuentes tipogr&aacute;ficas en sus composiciones impresas. El dibujante ve&iacute;a a la tipograf&iacute;a como un elemento secundario y prestaba m&aacute;s atenci&oacute;n a elementos ornamentales e ilustrativos.</p>\n<p 0.4em="" 0px="" 1891="" a="" background-image:="" background-position:="" background-repeat:="" class="new" color:="" entre="" font-family:="" font-size:="" href="http://es.wikipedia.org/w/index.php?title=Kelmscott&action=edit&redlink=1" initial="" la="" line-height:="" title="Kelmscott (aún no redactado)" y="">\n Kelmscott&nbsp;de&nbsp;<a a="" algunos="" artes="" de="" del="" ficos="" href="http://es.wikipedia.org/wiki/Arts_and_Crafts" initial="" los="" movimiento="" oficios="" productos="" s="" significativos="" title="Arts and Crafts" william="" y="">Arts and Crafts</a>), y fund&oacute; un lucrativo negocio basado en el dise&ntilde;o de libros de gran refinamiento estil&iacute;stico, vendi&eacute;ndolos a las clases pudientes como objetos de lujo. Morris demostr&oacute; que exist&iacute;a un mercado para los trabajos de dise&ntilde;o gr&aacute;fico, estableciendo la separaci&oacute;n del dise&ntilde;o con respecto a la producci&oacute;n y las bellas artes. El trabajo de la imprenta Kelmscott est&aacute; caracterizado por su recreaci&oacute;n de estilos hist&oacute;ricos, especialmente medievales.</p>\n', 41),
	(9, 'Diseño Gráfico', '<p>\n &nbsp;</p>\n<p  0.4em 0px 0.5em; line-height: 19px; color: rgb(0, 0, 0); font-family: sans-serif; font-size: 13px; ">\n El&nbsp;<b>dise&ntilde;o gr&aacute;fico</b>&nbsp;es una profesi&oacute;n cuya actividad es la acci&oacute;n de concebir, programar, proyectar y realizar&nbsp;<a href="http://es.wikipedia.org/wiki/Comunicación_visual"  none; color: rgb(11, 0, 128); background-image: none; background-position: initial initial; background-repeat: initial initial; " title="Comunicación visual">comunicaciones visuales</a>, producidas en general por medios&nbsp;<a class="mw-redirect" href="http://es.wikipedia.org/wiki/Industrial"  none; color: rgb(11, 0, 128); background-image: none; background-position: initial initial; background-repeat: initial initial; " title="Industrial">industriales</a>&nbsp;y destinadas a transmitir&nbsp;<a href="http://es.wikipedia.org/wiki/Mensaje"  none; color: rgb(11, 0, 128); background-image: none; background-position: initial initial; background-repeat: initial initial; " title="Mensaje">mensajes</a>&nbsp;espec&iacute;ficos a&nbsp;<a href="http://es.wikipedia.org/wiki/Grupo_social"  none; color: rgb(11, 0, 128); background-image: none; background-position: initial initial; background-repeat: initial initial; " title="Grupo social">grupos sociales</a>determinados, con un prop&oacute;sito claro y espec&iacute;fico. Esta es la actividad que posibilita comunicar gr&aacute;ficamente&nbsp;<a href="http://es.wikipedia.org/wiki/Idea"  none; color: rgb(11, 0, 128); background-image: none; background-position: initial initial; background-repeat: initial initial; " title="Idea">ideas</a>, hechos y valores procesados y sintetizados en t&eacute;rminos de&nbsp;<a href="http://es.wikipedia.org/wiki/Morfología_(diseño)"  none; color: rgb(11, 0, 128); background-image: none; background-position: initial initial; background-repeat: initial initial; " title="Morfología (diseño)">forma</a>&nbsp;y&nbsp;<a href="http://es.wikipedia.org/wiki/Comunicación"  none; color: rgb(11, 0, 128); background-image: none; background-position: initial initial; background-repeat: initial initial; " title="Comunicación">comunicaci&oacute;n</a>, factores&nbsp;<a href="http://es.wikipedia.org/wiki/Sociedad"  none; color: rgb(11, 0, 128); background-image: none; background-position: initial initial; background-repeat: initial initial; " title="Sociedad">sociales</a>,&nbsp;<a href="http://es.wikipedia.org/wiki/Cultura"  none; color: rgb(11, 0, 128); background-image: none; background-position: initial initial; background-repeat: initial initial; " title="Cultura">culturales</a>,&nbsp;<a href="http://es.wikipedia.org/wiki/Economía"  none; color: rgb(11, 0, 128); background-image: none; background-position: initial initial; background-repeat: initial initial; " title="Economía">econ&oacute;micos</a>,<a href="http://es.wikipedia.org/wiki/Estética"  none; color: rgb(11, 0, 128); background-image: none; background-position: initial initial; background-repeat: initial initial; " title="Estética">est&eacute;ticos</a>&nbsp;y&nbsp;<a href="http://es.wikipedia.org/wiki/Tecnología"  none; color: rgb(11, 0, 128); background-image: none; background-position: initial initial; background-repeat: initial initial; " title="Tecnología">tecnol&oacute;gicos</a>. Tambi&eacute;n se conoce con el nombre de&nbsp;<b>dise&ntilde;o en comunicaci&oacute;n visual</b>, debido a que algunos asocian la palabra&nbsp;<b>gr&aacute;fico</b>&nbsp;&uacute;nicamente a la&nbsp;<a class="mw-redirect" href="http://es.wikipedia.org/wiki/Industria_gráfica"  none; color: rgb(11, 0, 128); background-image: none; background-position: initial initial; background-repeat: initial initial; " title="Industria gráfica">industria gr&aacute;fica</a>, y entienden que los mensajes visuales se canalizan a trav&eacute;s de muchos medios de comunicaci&oacute;n, y no s&oacute;lo los impresos.</p>\n<p  0.4em 0px 0.5em; line-height: 19px; color: rgb(0, 0, 0); font-family: sans-serif; font-size: 13px; ">\n Dado el crecimiento veloz y masivo en el intercambio de informaci&oacute;n, la demanda de dise&ntilde;adores gr&aacute;ficos es mayor que nunca, particularmente a causa del desarrollo de nuevas tecnolog&iacute;as y de la necesidad de prestar atenci&oacute;n a los factores humanos que escapan a la competencia de los ingenieros que las desarrollan.<sup class="reference" id="cite_ref-1"  1em; "><a href="http://es.wikipedia.org/wiki/Diseño_gráfico#cite_note-1"  none; color: rgb(11, 0, 128); background-image: none; white-space: nowrap; background-position: initial initial; background-repeat: initial initial; ">1</a></sup></p>\n<p  0.4em 0px 0.5em; line-height: 19px; color: rgb(0, 0, 0); font-family: sans-serif; font-size: 13px; ">\n Algunas clasificaciones difundidas del dise&ntilde;o gr&aacute;fico son: el dise&ntilde;o gr&aacute;fico&nbsp;<a href="http://es.wikipedia.org/wiki/Publicidad"  none; color: rgb(11, 0, 128); background-image: none; background-position: initial initial; background-repeat: initial initial; " title="Publicidad">publicitario</a>, el&nbsp;<a href="http://es.wikipedia.org/wiki/Diseño_editorial"  none; color: rgb(11, 0, 128); background-image: none; background-position: initial initial; background-repeat: initial initial; " title="Diseño editorial">dise&ntilde;o editorial</a>, el dise&ntilde;o de&nbsp;<a href="http://es.wikipedia.org/wiki/Identidad_corporativa"  none; color: rgb(11, 0, 128); background-image: none; background-position: initial initial; background-repeat: initial initial; " title="Identidad corporativa">identidad corporativa</a>, el&nbsp;<a href="http://es.wikipedia.org/wiki/Diseño_web"  none; color: rgb(11, 0, 128); background-image: none; background-position: initial initial; background-repeat: initial initial; " title="Diseño web">dise&ntilde;o web</a>, el dise&ntilde;o de&nbsp;<a href="http://es.wikipedia.org/wiki/Envase"  none; color: rgb(11, 0, 128); background-image: none; background-position: initial initial; background-repeat: initial initial; " title="Envase">envase</a>, el dise&ntilde;o&nbsp;<a href="http://es.wikipedia.org/wiki/Tipografía"  none; color: rgb(11, 0, 128); background-image: none; background-position: initial initial; background-repeat: initial initial; " title="Tipografía">tipogr&aacute;fico</a>, la&nbsp;<a href="http://es.wikipedia.org/wiki/Cartel"  none; color: rgb(11, 0, 128); background-image: none; background-position: initial initial; background-repeat: initial initial; " title="Cartel">carteler&iacute;a</a>, la&nbsp;<a href="http://es.wikipedia.org/wiki/Señalética"  none; color: rgb(11, 0, 128); background-image: none; background-position: initial initial; background-repeat: initial initial; " title="Señalética">se&ntilde;al&eacute;tica</a>&nbsp;y el llamado&nbsp;<a href="http://es.wikipedia.org/wiki/Graduado_multimedia"  none; color: rgb(11, 0, 128); background-image: none; background-position: initial initial; background-repeat: initial initial; " title="Graduado multimedia">dise&ntilde;o multimedia</a>, entre otros.</p>\n', 41);
/*!40000 ALTER TABLE `contenido` ENABLE KEYS */;


-- Dumping structure for table edu.cursado
DROP TABLE IF EXISTS `cursado`;
CREATE TABLE IF NOT EXISTS `cursado` (
  `id` bigint(20) unsigned NOT NULL AUTO_INCREMENT,
  `fechaAlta` timestamp NOT NULL DEFAULT CURRENT_TIMESTAMP,
  `fechaBaja` date DEFAULT NULL,
  `descripcion` longtext CHARACTER SET latin1,
  `materia` bigint(20) unsigned NOT NULL,
  `division` bigint(20) unsigned NOT NULL,
  PRIMARY KEY (`id`),
  KEY `materia` (`materia`),
  KEY `division` (`division`),
  CONSTRAINT `division` FOREIGN KEY (`division`) REFERENCES `division` (`id`),
  CONSTRAINT `materia` FOREIGN KEY (`materia`) REFERENCES `materia` (`id`)
) ENGINE=InnoDB AUTO_INCREMENT=366 DEFAULT CHARSET=utf8 COLLATE=utf8_spanish_ci;

-- Dumping data for table edu.cursado: ~335 rows (approximately)
DELETE FROM `cursado`;
/*!40000 ALTER TABLE `cursado` DISABLE KEYS */;
INSERT INTO `cursado` (`id`, `fechaAlta`, `fechaBaja`, `descripcion`, `materia`, `division`) VALUES
	(31, '2012-10-31 18:18:17', '2012-10-31', 'primer Cursado', 3, 2),
	(32, '2012-10-31 18:18:45', '2012-10-31', 'Segundo Cursado', 4, 3),
	(33, '2012-10-31 18:19:27', '2012-10-31', 'Tercer Cursado', 6, 5),
	(34, '2012-11-05 15:35:35', NULL, NULL, 4, 6),
	(35, '2012-11-05 15:35:35', NULL, NULL, 6, 6),
	(36, '2012-11-05 16:11:03', '2012-12-01', NULL, 3, 7),
	(37, '2012-11-05 16:11:03', '2012-12-01', NULL, 4, 7),
	(38, '2012-11-05 16:11:03', '2012-12-01', NULL, 6, 7),
	(39, '2012-11-06 17:34:29', NULL, NULL, 4, 8),
	(40, '2012-11-06 17:34:29', NULL, NULL, 6, 8),
	(41, '2012-11-15 11:34:13', NULL, NULL, 8, 9),
	(42, '2012-11-15 11:34:13', NULL, NULL, 10, 9),
	(43, '2012-11-15 11:34:13', NULL, NULL, 11, 9),
	(44, '2012-11-15 11:34:13', NULL, NULL, 12, 9),
	(45, '2012-11-15 11:34:13', NULL, NULL, 18, 9),
	(46, '2012-11-15 11:34:13', NULL, NULL, 19, 9),
	(47, '2012-11-15 11:34:13', NULL, NULL, 20, 9),
	(48, '2012-11-15 11:34:13', NULL, NULL, 21, 9),
	(49, '2012-11-15 11:34:13', NULL, NULL, 25, 9),
	(50, '2012-11-15 11:34:13', NULL, NULL, 27, 9),
	(51, '2012-11-15 11:34:13', NULL, NULL, 29, 9),
	(52, '2012-11-15 11:34:13', NULL, NULL, 37, 9),
	(53, '2012-11-15 11:34:45', NULL, NULL, 9, 10),
	(54, '2012-11-15 11:34:45', NULL, NULL, 14, 10),
	(55, '2012-11-15 11:34:45', NULL, NULL, 15, 10),
	(56, '2012-11-15 11:34:45', NULL, NULL, 17, 10),
	(57, '2012-11-15 11:34:45', NULL, NULL, 22, 10),
	(58, '2012-11-15 11:34:45', NULL, NULL, 24, 10),
	(59, '2012-11-15 11:34:45', NULL, NULL, 30, 10),
	(60, '2012-11-15 11:34:45', NULL, NULL, 31, 10),
	(61, '2012-11-15 11:34:45', NULL, NULL, 35, 10),
	(62, '2012-11-15 11:34:45', NULL, NULL, 38, 10),
	(63, '2012-11-15 11:34:45', NULL, NULL, 40, 10),
	(64, '2012-11-15 11:34:46', NULL, NULL, 62, 10),
	(65, '2012-11-15 11:35:06', NULL, NULL, 13, 11),
	(66, '2012-11-15 11:35:06', NULL, NULL, 16, 11),
	(67, '2012-11-15 11:35:06', NULL, NULL, 23, 11),
	(68, '2012-11-15 11:35:06', NULL, NULL, 26, 11),
	(69, '2012-11-15 11:35:06', NULL, NULL, 28, 11),
	(70, '2012-11-15 11:35:06', NULL, NULL, 32, 11),
	(71, '2012-11-15 11:35:06', NULL, NULL, 33, 11),
	(72, '2012-11-15 11:35:06', NULL, NULL, 34, 11),
	(73, '2012-11-15 11:35:06', NULL, NULL, 36, 11),
	(74, '2012-11-15 11:35:06', NULL, NULL, 41, 11),
	(75, '2012-11-15 11:35:06', NULL, NULL, 42, 11),
	(76, '2012-11-15 11:35:06', NULL, NULL, 43, 11),
	(77, '2012-11-15 11:35:06', NULL, NULL, 44, 11),
	(78, '2012-11-28 17:40:37', '2012-11-28', NULL, 8, 2),
	(79, '2012-11-28 17:40:37', '2012-11-28', NULL, 10, 2),
	(80, '2012-11-28 17:40:38', '2012-11-28', NULL, 11, 2),
	(81, '2012-11-28 17:40:38', '2012-11-28', NULL, 12, 2),
	(82, '2012-11-28 17:40:38', '2012-11-28', NULL, 18, 2),
	(83, '2012-11-28 17:40:38', '2012-11-28', NULL, 19, 2),
	(84, '2012-11-28 17:40:38', '2012-11-28', NULL, 21, 2),
	(85, '2012-11-28 17:40:38', '2012-11-28', NULL, 29, 2),
	(86, '2012-11-28 17:40:38', '2012-11-28', NULL, 37, 2),
	(87, '2012-11-28 17:40:38', '2012-11-28', NULL, 163, 2),
	(88, '2012-11-28 17:40:38', '2012-11-28', NULL, 171, 2),
	(89, '2012-11-28 17:40:38', '2012-11-28', NULL, 172, 2),
	(90, '2012-11-28 17:40:38', '2012-11-28', NULL, 9, 3),
	(91, '2012-11-28 17:40:38', '2012-11-28', NULL, 14, 3),
	(92, '2012-11-28 17:40:38', '2012-11-28', NULL, 15, 3),
	(93, '2012-11-28 17:40:38', '2012-11-28', NULL, 17, 3),
	(94, '2012-11-28 17:40:38', '2012-11-28', NULL, 30, 3),
	(95, '2012-11-28 17:40:38', '2012-11-28', NULL, 31, 3),
	(96, '2012-11-28 17:40:38', '2012-11-28', NULL, 35, 3),
	(97, '2012-11-28 17:40:38', '2012-11-28', NULL, 62, 3),
	(98, '2012-11-28 17:40:38', '2012-11-28', NULL, 165, 3),
	(99, '2012-11-28 17:40:38', '2012-11-28', NULL, 173, 3),
	(100, '2012-11-28 17:40:38', '2012-11-28', NULL, 174, 3),
	(101, '2012-11-28 17:40:38', '2012-11-28', NULL, 175, 3),
	(102, '2012-11-28 17:40:38', '2012-11-28', NULL, 176, 3),
	(103, '2012-11-28 17:40:38', '2012-11-28', NULL, 177, 3),
	(104, '2012-11-28 17:40:38', '2012-11-28', NULL, 8, 5),
	(105, '2012-11-28 17:40:38', '2012-11-28', NULL, 10, 5),
	(106, '2012-11-28 17:40:38', '2012-11-28', NULL, 11, 5),
	(107, '2012-11-28 17:40:38', '2012-11-28', NULL, 12, 5),
	(108, '2012-11-28 17:40:38', '2012-11-28', NULL, 18, 5),
	(109, '2012-11-28 17:40:38', '2012-11-28', NULL, 19, 5),
	(110, '2012-11-28 17:40:38', '2012-11-28', NULL, 21, 5),
	(111, '2012-11-28 17:40:38', '2012-11-28', NULL, 29, 5),
	(112, '2012-11-28 17:40:38', '2012-11-28', NULL, 37, 5),
	(113, '2012-11-28 17:40:38', '2012-11-28', NULL, 163, 5),
	(114, '2012-11-28 17:40:38', '2012-11-28', NULL, 171, 5),
	(115, '2012-11-28 17:40:38', '2012-11-28', NULL, 172, 5),
	(116, '2012-11-28 17:41:34', '2012-11-28', NULL, 8, 2),
	(117, '2012-11-28 17:41:34', '2012-11-28', NULL, 10, 2),
	(118, '2012-11-28 17:41:34', '2012-11-28', NULL, 11, 2),
	(119, '2012-11-28 17:41:34', '2012-11-28', NULL, 12, 2),
	(120, '2012-11-28 17:41:34', '2012-11-28', NULL, 18, 2),
	(121, '2012-11-28 17:41:34', '2012-11-28', NULL, 19, 2),
	(122, '2012-11-28 17:41:34', '2012-11-28', NULL, 21, 2),
	(123, '2012-11-28 17:41:34', '2012-11-28', NULL, 29, 2),
	(124, '2012-11-28 17:41:34', '2012-11-28', NULL, 37, 2),
	(125, '2012-11-28 17:41:34', '2012-11-28', NULL, 163, 2),
	(126, '2012-11-28 17:41:34', '2012-11-28', NULL, 171, 2),
	(127, '2012-11-28 17:41:34', '2012-11-28', NULL, 172, 2),
	(128, '2012-11-28 17:41:34', '2012-11-28', NULL, 9, 3),
	(129, '2012-11-28 17:41:34', '2012-11-28', NULL, 14, 3),
	(130, '2012-11-28 17:41:34', '2012-11-28', NULL, 15, 3),
	(131, '2012-11-28 17:41:34', '2012-11-28', NULL, 17, 3),
	(132, '2012-11-28 17:41:34', '2012-11-28', NULL, 30, 3),
	(133, '2012-11-28 17:41:34', '2012-11-28', NULL, 31, 3),
	(134, '2012-11-28 17:41:34', '2012-11-28', NULL, 35, 3),
	(135, '2012-11-28 17:41:34', '2012-11-28', NULL, 62, 3),
	(136, '2012-11-28 17:41:34', '2012-11-28', NULL, 165, 3),
	(137, '2012-11-28 17:41:34', '2012-11-28', NULL, 173, 3),
	(138, '2012-11-28 17:41:34', '2012-11-28', NULL, 174, 3),
	(139, '2012-11-28 17:41:34', '2012-11-28', NULL, 175, 3),
	(140, '2012-11-28 17:41:34', '2012-11-28', NULL, 176, 3),
	(141, '2012-11-28 17:41:34', '2012-11-28', NULL, 177, 3),
	(142, '2012-11-28 17:41:36', '2012-11-28', NULL, 8, 5),
	(143, '2012-11-28 17:41:36', '2012-11-28', NULL, 10, 5),
	(144, '2012-11-28 17:41:36', '2012-11-28', NULL, 11, 5),
	(145, '2012-11-28 17:41:36', '2012-11-28', NULL, 12, 5),
	(146, '2012-11-28 17:41:36', '2012-11-28', NULL, 18, 5),
	(147, '2012-11-28 17:41:36', '2012-11-28', NULL, 19, 5),
	(148, '2012-11-28 17:41:36', '2012-11-28', NULL, 21, 5),
	(149, '2012-11-28 17:41:36', '2012-11-28', NULL, 29, 5),
	(150, '2012-11-28 17:41:36', '2012-11-28', NULL, 37, 5),
	(151, '2012-11-28 17:41:36', '2012-11-28', NULL, 163, 5),
	(152, '2012-11-28 17:41:36', '2012-11-28', NULL, 171, 5),
	(153, '2012-11-28 17:41:36', '2012-11-28', NULL, 172, 5),
	(154, '2012-11-28 17:41:42', '2012-11-28', NULL, 8, 2),
	(155, '2012-11-28 17:41:42', '2012-11-28', NULL, 10, 2),
	(156, '2012-11-28 17:41:42', '2012-11-28', NULL, 11, 2),
	(157, '2012-11-28 17:41:42', '2012-11-28', NULL, 12, 2),
	(158, '2012-11-28 17:41:42', '2012-11-28', NULL, 18, 2),
	(159, '2012-11-28 17:41:42', '2012-11-28', NULL, 19, 2),
	(160, '2012-11-28 17:41:42', '2012-11-28', NULL, 21, 2),
	(161, '2012-11-28 17:41:42', '2012-11-28', NULL, 29, 2),
	(162, '2012-11-28 17:41:42', '2012-11-28', NULL, 37, 2),
	(163, '2012-11-28 17:41:42', '2012-11-28', NULL, 163, 2),
	(164, '2012-11-28 17:41:42', '2012-11-28', NULL, 171, 2),
	(165, '2012-11-28 17:41:42', '2012-11-28', NULL, 172, 2),
	(166, '2012-11-28 17:41:42', '2012-11-28', NULL, 9, 3),
	(167, '2012-11-28 17:41:42', '2012-11-28', NULL, 14, 3),
	(168, '2012-11-28 17:41:42', '2012-11-28', NULL, 15, 3),
	(169, '2012-11-28 17:41:42', '2012-11-28', NULL, 17, 3),
	(170, '2012-11-28 17:41:42', '2012-11-28', NULL, 30, 3),
	(171, '2012-11-28 17:41:42', '2012-11-28', NULL, 31, 3),
	(172, '2012-11-28 17:41:42', '2012-11-28', NULL, 35, 3),
	(173, '2012-11-28 17:41:42', '2012-11-28', NULL, 62, 3),
	(174, '2012-11-28 17:41:42', '2012-11-28', NULL, 165, 3),
	(175, '2012-11-28 17:41:42', '2012-11-28', NULL, 173, 3),
	(176, '2012-11-28 17:41:42', '2012-11-28', NULL, 174, 3),
	(177, '2012-11-28 17:41:42', '2012-11-28', NULL, 175, 3),
	(178, '2012-11-28 17:41:42', '2012-11-28', NULL, 176, 3),
	(179, '2012-11-28 17:41:42', '2012-11-28', NULL, 177, 3),
	(180, '2012-11-28 17:41:42', '2012-11-28', NULL, 8, 5),
	(181, '2012-11-28 17:41:42', '2012-11-28', NULL, 10, 5),
	(182, '2012-11-28 17:41:42', '2012-11-28', NULL, 11, 5),
	(183, '2012-11-28 17:41:42', '2012-11-28', NULL, 12, 5),
	(184, '2012-11-28 17:41:42', '2012-11-28', NULL, 18, 5),
	(185, '2012-11-28 17:41:42', '2012-11-28', NULL, 19, 5),
	(186, '2012-11-28 17:41:42', '2012-11-28', NULL, 21, 5),
	(187, '2012-11-28 17:41:42', '2012-11-28', NULL, 29, 5),
	(188, '2012-11-28 17:41:42', '2012-11-28', NULL, 37, 5),
	(189, '2012-11-28 17:41:42', '2012-11-28', NULL, 163, 5),
	(190, '2012-11-28 17:41:42', '2012-11-28', NULL, 171, 5),
	(191, '2012-11-28 17:41:42', '2012-11-28', NULL, 172, 5),
	(192, '2012-11-28 17:43:19', '2012-11-28', NULL, 8, 2),
	(193, '2012-11-28 17:43:19', '2012-11-28', NULL, 10, 2),
	(194, '2012-11-28 17:43:19', '2012-11-28', NULL, 11, 2),
	(195, '2012-11-28 17:43:19', '2012-11-28', NULL, 12, 2),
	(196, '2012-11-28 17:43:19', '2012-11-28', NULL, 18, 2),
	(197, '2012-11-28 17:43:19', '2012-11-28', NULL, 19, 2),
	(198, '2012-11-28 17:43:19', '2012-11-28', NULL, 21, 2),
	(199, '2012-11-28 17:43:19', '2012-11-28', NULL, 29, 2),
	(200, '2012-11-28 17:43:19', '2012-11-28', NULL, 37, 2),
	(201, '2012-11-28 17:43:19', '2012-11-28', NULL, 163, 2),
	(202, '2012-11-28 17:43:19', '2012-11-28', NULL, 171, 2),
	(203, '2012-11-28 17:43:19', '2012-11-28', NULL, 172, 2),
	(204, '2012-11-28 17:43:19', '2012-11-28', NULL, 9, 3),
	(205, '2012-11-28 17:43:19', '2012-11-28', NULL, 14, 3),
	(206, '2012-11-28 17:43:19', '2012-11-28', NULL, 15, 3),
	(207, '2012-11-28 17:43:19', '2012-11-28', NULL, 17, 3),
	(208, '2012-11-28 17:43:19', '2012-11-28', NULL, 30, 3),
	(209, '2012-11-28 17:43:19', '2012-11-28', NULL, 31, 3),
	(210, '2012-11-28 17:43:19', '2012-11-28', NULL, 35, 3),
	(211, '2012-11-28 17:43:19', '2012-11-28', NULL, 62, 3),
	(212, '2012-11-28 17:43:20', '2012-11-28', NULL, 165, 3),
	(213, '2012-11-28 17:43:20', '2012-11-28', NULL, 173, 3),
	(214, '2012-11-28 17:43:20', '2012-11-28', NULL, 174, 3),
	(215, '2012-11-28 17:43:20', '2012-11-28', NULL, 175, 3),
	(216, '2012-11-28 17:43:20', '2012-11-28', NULL, 176, 3),
	(217, '2012-11-28 17:43:20', '2012-11-28', NULL, 177, 3),
	(218, '2012-11-28 17:43:20', '2012-11-28', NULL, 8, 5),
	(219, '2012-11-28 17:43:20', '2012-11-28', NULL, 10, 5),
	(220, '2012-11-28 17:43:20', '2012-11-28', NULL, 11, 5),
	(221, '2012-11-28 17:43:20', '2012-11-28', NULL, 12, 5),
	(222, '2012-11-28 17:43:20', '2012-11-28', NULL, 18, 5),
	(223, '2012-11-28 17:43:20', '2012-11-28', NULL, 19, 5),
	(224, '2012-11-28 17:43:20', '2012-11-28', NULL, 21, 5),
	(225, '2012-11-28 17:43:20', '2012-11-28', NULL, 29, 5),
	(226, '2012-11-28 17:43:20', '2012-11-28', NULL, 37, 5),
	(227, '2012-11-28 17:43:20', '2012-11-28', NULL, 163, 5),
	(228, '2012-11-28 17:43:20', '2012-11-28', NULL, 171, 5),
	(229, '2012-11-28 17:43:20', '2012-11-28', NULL, 172, 5),
	(230, '2012-11-28 17:44:05', NULL, NULL, 8, 2),
	(231, '2012-11-28 17:44:05', NULL, NULL, 10, 2),
	(232, '2012-11-28 17:44:05', NULL, NULL, 11, 2),
	(233, '2012-11-28 17:44:05', NULL, NULL, 12, 2),
	(234, '2012-11-28 17:44:05', NULL, NULL, 18, 2),
	(235, '2012-11-28 17:44:05', NULL, NULL, 19, 2),
	(236, '2012-11-28 17:44:05', NULL, NULL, 21, 2),
	(237, '2012-11-28 17:44:05', NULL, NULL, 29, 2),
	(238, '2012-11-28 17:44:05', NULL, NULL, 37, 2),
	(239, '2012-11-28 17:44:05', NULL, NULL, 163, 2),
	(240, '2012-11-28 17:44:05', NULL, NULL, 171, 2),
	(241, '2012-11-28 17:44:05', NULL, NULL, 172, 2),
	(242, '2012-11-28 17:44:05', NULL, NULL, 9, 3),
	(243, '2012-11-28 17:44:05', NULL, NULL, 14, 3),
	(244, '2012-11-28 17:44:05', NULL, NULL, 15, 3),
	(245, '2012-11-28 17:44:05', NULL, NULL, 17, 3),
	(246, '2012-11-28 17:44:05', NULL, NULL, 30, 3),
	(247, '2012-11-28 17:44:05', NULL, NULL, 31, 3),
	(248, '2012-11-28 17:44:05', NULL, NULL, 35, 3),
	(249, '2012-11-28 17:44:05', NULL, NULL, 62, 3),
	(250, '2012-11-28 17:44:05', NULL, NULL, 165, 3),
	(251, '2012-11-28 17:44:05', NULL, NULL, 173, 3),
	(252, '2012-11-28 17:44:05', NULL, NULL, 174, 3),
	(253, '2012-11-28 17:44:05', NULL, NULL, 175, 3),
	(254, '2012-11-28 17:44:05', NULL, NULL, 176, 3),
	(255, '2012-11-28 17:44:05', NULL, NULL, 177, 3),
	(256, '2012-11-28 17:44:05', NULL, NULL, 8, 5),
	(257, '2012-11-28 17:44:05', NULL, NULL, 10, 5),
	(258, '2012-11-28 17:44:05', NULL, NULL, 11, 5),
	(259, '2012-11-28 17:44:05', NULL, NULL, 12, 5),
	(260, '2012-11-28 17:44:05', NULL, NULL, 18, 5),
	(261, '2012-11-28 17:44:05', NULL, NULL, 19, 5),
	(262, '2012-11-28 17:44:05', NULL, NULL, 21, 5),
	(263, '2012-11-28 17:44:05', NULL, NULL, 29, 5),
	(264, '2012-11-28 17:44:05', NULL, NULL, 37, 5),
	(265, '2012-11-28 17:44:05', NULL, NULL, 163, 5),
	(266, '2012-11-28 17:44:05', NULL, NULL, 171, 5),
	(267, '2012-11-28 17:44:05', NULL, NULL, 172, 5),
	(268, '2012-12-01 21:19:45', '2012-12-01', NULL, 8, 7),
	(269, '2012-12-01 21:19:45', '2012-12-01', NULL, 10, 7),
	(270, '2012-12-01 21:19:45', '2012-12-01', NULL, 11, 7),
	(271, '2012-12-01 21:19:45', '2012-12-01', NULL, 12, 7),
	(272, '2012-12-01 21:19:45', '2012-12-01', NULL, 18, 7),
	(273, '2012-12-01 21:19:45', '2012-12-01', NULL, 19, 7),
	(274, '2012-12-01 21:19:45', '2012-12-01', NULL, 20, 7),
	(275, '2012-12-01 21:19:45', '2012-12-01', NULL, 21, 7),
	(276, '2012-12-01 21:19:45', '2012-12-01', NULL, 25, 7),
	(277, '2012-12-01 21:19:45', '2012-12-01', NULL, 27, 7),
	(278, '2012-12-01 21:19:45', '2012-12-01', NULL, 29, 7),
	(279, '2012-12-01 21:19:45', '2012-12-01', NULL, 37, 7),
	(280, '2012-12-01 21:20:10', '2012-12-02', NULL, 8, 7),
	(281, '2012-12-01 21:20:10', '2012-12-02', NULL, 10, 7),
	(282, '2012-12-01 21:20:10', '2012-12-02', NULL, 11, 7),
	(283, '2012-12-01 21:20:10', '2012-12-02', NULL, 12, 7),
	(284, '2012-12-01 21:20:10', '2012-12-02', NULL, 18, 7),
	(285, '2012-12-01 21:20:10', '2012-12-02', NULL, 19, 7),
	(286, '2012-12-01 21:20:10', '2012-12-02', NULL, 20, 7),
	(287, '2012-12-01 21:20:10', '2012-12-02', NULL, 21, 7),
	(288, '2012-12-01 21:20:10', '2012-12-02', NULL, 25, 7),
	(289, '2012-12-01 21:20:10', '2012-12-02', NULL, 27, 7),
	(290, '2012-12-01 21:20:10', '2012-12-02', NULL, 29, 7),
	(291, '2012-12-01 21:20:10', '2012-12-02', NULL, 37, 7),
	(292, '2012-12-02 19:52:18', '2012-12-02', NULL, 8, 7),
	(293, '2012-12-02 19:52:18', '2012-12-02', NULL, 10, 7),
	(294, '2012-12-02 19:52:18', '2012-12-02', NULL, 11, 7),
	(295, '2012-12-02 19:52:18', '2012-12-02', NULL, 12, 7),
	(296, '2012-12-02 19:52:18', '2012-12-02', NULL, 18, 7),
	(297, '2012-12-02 19:52:18', '2012-12-02', NULL, 19, 7),
	(298, '2012-12-02 19:52:18', '2012-12-02', NULL, 20, 7),
	(299, '2012-12-02 19:52:18', '2012-12-02', NULL, 21, 7),
	(300, '2012-12-02 19:52:18', '2012-12-02', NULL, 25, 7),
	(301, '2012-12-02 19:52:18', '2012-12-02', NULL, 27, 7),
	(302, '2012-12-02 19:52:18', '2012-12-02', NULL, 29, 7),
	(303, '2012-12-02 19:52:18', '2012-12-02', NULL, 37, 7),
	(304, '2012-12-02 19:55:19', '2012-12-02', NULL, 9, 12),
	(305, '2012-12-02 19:55:19', '2012-12-02', NULL, 14, 12),
	(306, '2012-12-02 19:55:19', '2012-12-02', NULL, 15, 12),
	(307, '2012-12-02 19:55:19', '2012-12-02', NULL, 17, 12),
	(308, '2012-12-02 19:55:19', '2012-12-02', NULL, 22, 12),
	(309, '2012-12-02 19:55:19', '2012-12-02', NULL, 24, 12),
	(310, '2012-12-02 19:55:19', '2012-12-02', NULL, 30, 12),
	(311, '2012-12-02 19:55:19', '2012-12-02', NULL, 31, 12),
	(312, '2012-12-02 19:55:19', '2012-12-02', NULL, 35, 12),
	(313, '2012-12-02 19:55:19', '2012-12-02', NULL, 38, 12),
	(314, '2012-12-02 19:55:19', '2012-12-02', NULL, 40, 12),
	(315, '2012-12-02 19:55:19', '2012-12-02', NULL, 62, 12),
	(316, '2012-12-02 19:55:36', '2012-12-02', NULL, 13, 13),
	(317, '2012-12-02 19:55:36', '2012-12-02', NULL, 16, 13),
	(318, '2012-12-02 19:55:36', '2012-12-02', NULL, 23, 13),
	(319, '2012-12-02 19:55:36', '2012-12-02', NULL, 26, 13),
	(320, '2012-12-02 19:55:36', '2012-12-02', NULL, 28, 13),
	(321, '2012-12-02 19:55:36', '2012-12-02', NULL, 32, 13),
	(322, '2012-12-02 19:55:36', '2012-12-02', NULL, 33, 13),
	(323, '2012-12-02 19:55:36', '2012-12-02', NULL, 34, 13),
	(324, '2012-12-02 19:55:36', '2012-12-02', NULL, 36, 13),
	(325, '2012-12-02 19:55:36', '2012-12-02', NULL, 41, 13),
	(326, '2012-12-02 19:55:36', '2012-12-02', NULL, 42, 13),
	(327, '2012-12-02 19:55:36', '2012-12-02', NULL, 43, 13),
	(328, '2012-12-02 19:55:36', '2012-12-02', NULL, 44, 13),
	(329, '2012-12-02 19:59:00', NULL, NULL, 8, 7),
	(330, '2012-12-02 19:59:00', NULL, NULL, 10, 7),
	(331, '2012-12-02 19:59:00', NULL, NULL, 11, 7),
	(332, '2012-12-02 19:59:01', NULL, NULL, 12, 7),
	(333, '2012-12-02 19:59:01', NULL, NULL, 18, 7),
	(334, '2012-12-02 19:59:01', NULL, NULL, 19, 7),
	(335, '2012-12-02 19:59:01', NULL, NULL, 20, 7),
	(336, '2012-12-02 19:59:01', NULL, NULL, 21, 7),
	(337, '2012-12-02 19:59:01', NULL, NULL, 25, 7),
	(338, '2012-12-02 19:59:01', NULL, NULL, 27, 7),
	(339, '2012-12-02 19:59:01', NULL, NULL, 29, 7),
	(340, '2012-12-02 19:59:01', NULL, NULL, 37, 7),
	(341, '2012-12-02 19:59:01', NULL, NULL, 9, 12),
	(342, '2012-12-02 19:59:01', NULL, NULL, 14, 12),
	(343, '2012-12-02 19:59:01', NULL, NULL, 15, 12),
	(344, '2012-12-02 19:59:01', NULL, NULL, 17, 12),
	(345, '2012-12-02 19:59:01', NULL, NULL, 22, 12),
	(346, '2012-12-02 19:59:01', NULL, NULL, 24, 12),
	(347, '2012-12-02 19:59:01', NULL, NULL, 30, 12),
	(348, '2012-12-02 19:59:01', NULL, NULL, 31, 12),
	(349, '2012-12-02 19:59:01', NULL, NULL, 35, 12),
	(350, '2012-12-02 19:59:01', NULL, NULL, 38, 12),
	(351, '2012-12-02 19:59:01', NULL, NULL, 40, 12),
	(352, '2012-12-02 19:59:01', NULL, NULL, 62, 12),
	(353, '2012-12-02 19:59:10', NULL, NULL, 13, 13),
	(354, '2012-12-02 19:59:10', NULL, NULL, 16, 13),
	(355, '2012-12-02 19:59:10', NULL, NULL, 23, 13),
	(356, '2012-12-02 19:59:10', NULL, NULL, 26, 13),
	(357, '2012-12-02 19:59:10', NULL, NULL, 28, 13),
	(358, '2012-12-02 19:59:10', NULL, NULL, 32, 13),
	(359, '2012-12-02 19:59:10', NULL, NULL, 33, 13),
	(360, '2012-12-02 19:59:10', NULL, NULL, 34, 13),
	(361, '2012-12-02 19:59:10', NULL, NULL, 36, 13),
	(362, '2012-12-02 19:59:10', NULL, NULL, 41, 13),
	(363, '2012-12-02 19:59:10', NULL, NULL, 42, 13),
	(364, '2012-12-02 19:59:10', NULL, NULL, 43, 13),
	(365, '2012-12-02 19:59:10', NULL, NULL, 44, 13);
/*!40000 ALTER TABLE `cursado` ENABLE KEYS */;


-- Dumping structure for table edu.departamento
DROP TABLE IF EXISTS `departamento`;
CREATE TABLE IF NOT EXISTS `departamento` (
  `id` int(10) NOT NULL AUTO_INCREMENT,
  `nombre` varchar(50) DEFAULT NULL,
  PRIMARY KEY (`id`)
) ENGINE=InnoDB AUTO_INCREMENT=19 DEFAULT CHARSET=latin1;

-- Dumping data for table edu.departamento: ~18 rows (approximately)
DELETE FROM `departamento`;
/*!40000 ALTER TABLE `departamento` DISABLE KEYS */;
INSERT INTO `departamento` (`id`, `nombre`) VALUES
	(1, 'Capital'),
	(2, 'General Alvear'),
	(3, 'Godoy Cruz'),
	(4, 'Guaymallén'),
	(5, 'Junín'),
	(6, 'La Paz'),
	(7, 'Las Heras'),
	(8, 'Lavalle'),
	(9, 'Luján de Cuyo'),
	(10, 'Maipú'),
	(11, 'Malargüe'),
	(12, 'Rivadavia'),
	(13, 'San Carlos'),
	(14, 'San Martín'),
	(15, 'San Rafael'),
	(16, 'Santa Rosa'),
	(17, 'Tunuyán'),
	(18, 'Tupungato');
/*!40000 ALTER TABLE `departamento` ENABLE KEYS */;


-- Dumping structure for table edu.detallecontenido
DROP TABLE IF EXISTS `detallecontenido`;
CREATE TABLE IF NOT EXISTS `detallecontenido` (
  `id` bigint(20) unsigned NOT NULL AUTO_INCREMENT,
  `nombre` varchar(255) CHARACTER SET latin1 DEFAULT NULL,
  `descripcion` tinytext CHARACTER SET latin1,
  `contenido` bigint(20) unsigned NOT NULL,
  PRIMARY KEY (`id`),
  KEY `fk_detallecontenido_contenido_1` (`contenido`),
  CONSTRAINT `fk_detallecontenido_contenido_1` FOREIGN KEY (`contenido`) REFERENCES `contenido` (`id`)
) ENGINE=InnoDB DEFAULT CHARSET=utf8 COLLATE=utf8_spanish_ci;

-- Dumping data for table edu.detallecontenido: ~0 rows (approximately)
DELETE FROM `detallecontenido`;
/*!40000 ALTER TABLE `detallecontenido` DISABLE KEYS */;
/*!40000 ALTER TABLE `detallecontenido` ENABLE KEYS */;


-- Dumping structure for table edu.detallecuaderno
DROP TABLE IF EXISTS `detallecuaderno`;
CREATE TABLE IF NOT EXISTS `detallecuaderno` (
  `id` bigint(20) unsigned NOT NULL AUTO_INCREMENT,
  `descripcion` longtext CHARACTER SET latin1,
  `fecha` varchar(255) COLLATE utf8_spanish_ci DEFAULT NULL,
  `titulo` varchar(200) CHARACTER SET latin1 DEFAULT NULL,
  `comunicaciones` bigint(20) unsigned NOT NULL,
  PRIMARY KEY (`id`),
  KEY `fk_detallecuaderno_comunicaciones_1` (`comunicaciones`),
  CONSTRAINT `fk_detallecuaderno_comunicaciones_1` FOREIGN KEY (`comunicaciones`) REFERENCES `comunicaciones` (`id`)
) ENGINE=InnoDB DEFAULT CHARSET=utf8 COLLATE=utf8_spanish_ci;

-- Dumping data for table edu.detallecuaderno: ~0 rows (approximately)
DELETE FROM `detallecuaderno`;
/*!40000 ALTER TABLE `detallecuaderno` DISABLE KEYS */;
/*!40000 ALTER TABLE `detallecuaderno` ENABLE KEYS */;


-- Dumping structure for table edu.dictadoprofesor
DROP TABLE IF EXISTS `dictadoprofesor`;
CREATE TABLE IF NOT EXISTS `dictadoprofesor` (
  `id` bigint(20) unsigned NOT NULL AUTO_INCREMENT,
  `fechaAlta` date DEFAULT NULL,
  `fechaBaja` date DEFAULT NULL,
  `obser` tinytext CHARACTER SET latin1,
  `cargo` bigint(20) unsigned NOT NULL,
  `cursado` bigint(20) unsigned NOT NULL,
  PRIMARY KEY (`id`),
  KEY `cargo` (`cargo`),
  KEY `fk_dictadoprofesor_cursado_1` (`cursado`),
  CONSTRAINT `cargo` FOREIGN KEY (`cargo`) REFERENCES `cargo` (`id`),
  CONSTRAINT `fk_dictadoprofesor_cursado_1` FOREIGN KEY (`cursado`) REFERENCES `cursado` (`id`)
) ENGINE=InnoDB AUTO_INCREMENT=7 DEFAULT CHARSET=utf8 COLLATE=utf8_spanish_ci;

-- Dumping data for table edu.dictadoprofesor: ~6 rows (approximately)
DELETE FROM `dictadoprofesor`;
/*!40000 ALTER TABLE `dictadoprofesor` DISABLE KEYS */;
INSERT INTO `dictadoprofesor` (`id`, `fechaAlta`, `fechaBaja`, `obser`, `cargo`, `cursado`) VALUES
	(1, '2012-10-31', '2012-10-31', 'nada', 1, 31),
	(2, '2012-10-31', '2012-10-31', 'nada', 1, 32),
	(3, '2012-10-31', '2012-10-31', 'nada', 1, 33),
	(4, NULL, NULL, NULL, 1, 35),
	(5, NULL, NULL, NULL, 1, 40),
	(6, NULL, NULL, NULL, 1, 45),
	(7, NULL, NULL, NULL, 1, 362);
/*!40000 ALTER TABLE `dictadoprofesor` ENABLE KEYS */;


-- Dumping structure for table edu.directivo
DROP TABLE IF EXISTS `directivo`;
CREATE TABLE IF NOT EXISTS `directivo` (
  `id` bigint(20) unsigned NOT NULL AUTO_INCREMENT,
  `persona` bigint(20) unsigned NOT NULL,
  PRIMARY KEY (`id`),
  KEY `FK_persona` (`persona`),
  CONSTRAINT `FK_persona` FOREIGN KEY (`persona`) REFERENCES `persona` (`id`)
) ENGINE=InnoDB AUTO_INCREMENT=40 DEFAULT CHARSET=utf8 COLLATE=utf8_spanish_ci;

-- Dumping data for table edu.directivo: ~38 rows (approximately)
DELETE FROM `directivo`;
/*!40000 ALTER TABLE `directivo` DISABLE KEYS */;
INSERT INTO `directivo` (`id`, `persona`) VALUES
	(4, 7),
	(1, 8),
	(2, 9),
	(5, 28),
	(21, 37),
	(6, 41),
	(7, 42),
	(8, 43),
	(9, 44),
	(10, 45),
	(11, 46),
	(12, 47),
	(13, 48),
	(14, 49),
	(15, 50),
	(16, 51),
	(17, 52),
	(18, 53),
	(19, 54),
	(20, 55),
	(22, 216),
	(23, 217),
	(24, 218),
	(25, 219),
	(26, 220),
	(27, 221),
	(28, 222),
	(29, 224),
	(30, 630),
	(31, 632),
	(32, 633),
	(33, 634),
	(34, 635),
	(35, 636),
	(36, 637),
	(37, 638),
	(38, 639),
	(39, 642);
/*!40000 ALTER TABLE `directivo` ENABLE KEYS */;


-- Dumping structure for table edu.division
DROP TABLE IF EXISTS `division`;
CREATE TABLE IF NOT EXISTS `division` (
  `id` bigint(20) unsigned NOT NULL AUTO_INCREMENT,
  `nombre` varchar(255) COLLATE utf8_spanish_ci DEFAULT NULL,
  `fechaAlta` timestamp NOT NULL DEFAULT CURRENT_TIMESTAMP,
  `fechaBaja` date DEFAULT NULL,
  `descripcion` tinytext COLLATE utf8_spanish_ci,
  `numero` int(11) DEFAULT NULL,
  `anio` enum('1','2','3','4','5','6','7','8','9') COLLATE utf8_spanish_ci NOT NULL,
  `escuela` bigint(20) unsigned NOT NULL,
  `planestudio` bigint(20) unsigned NOT NULL,
  `turno` bigint(20) unsigned NOT NULL,
  PRIMARY KEY (`id`),
  KEY `planestudio` (`planestudio`),
  KEY `turno` (`turno`),
  KEY `escuela` (`escuela`),
  CONSTRAINT `escuela` FOREIGN KEY (`escuela`) REFERENCES `escuela` (`id`),
  CONSTRAINT `planestudio` FOREIGN KEY (`planestudio`) REFERENCES `plandeestudio` (`id`),
  CONSTRAINT `turno` FOREIGN KEY (`turno`) REFERENCES `turno` (`id`)
) ENGINE=InnoDB AUTO_INCREMENT=14 DEFAULT CHARSET=utf8 COLLATE=utf8_spanish_ci;

-- Dumping data for table edu.division: ~11 rows (approximately)
DELETE FROM `division`;
/*!40000 ALTER TABLE `division` DISABLE KEYS */;
INSERT INTO `division` (`id`, `nombre`, `fechaAlta`, `fechaBaja`, `descripcion`, `numero`, `anio`, `escuela`, `planestudio`, `turno`) VALUES
	(2, 'B', '2012-09-19 22:26:57', NULL, NULL, NULL, '1', 1, 2, 1),
	(3, 'A', '2012-09-19 22:38:48', NULL, NULL, NULL, '2', 1, 2, 1),
	(5, 'C', '2012-09-19 22:39:20', NULL, NULL, NULL, '1', 1, 2, 1),
	(6, 'A', '2012-11-05 15:35:35', NULL, NULL, NULL, '1', 2, 3, 1),
	(7, 'A', '2012-11-05 16:11:03', NULL, NULL, NULL, '1', 4, 13, 1),
	(8, '1ro "A"', '2012-11-06 17:34:29', NULL, 'curso', NULL, '1', 660, 3, 1),
	(9, 'A', '2012-11-15 11:34:13', NULL, 'Primera División', NULL, '1', 1288, 13, 1),
	(10, 'A', '2012-11-15 11:34:45', NULL, 'Segundo Curso', NULL, '2', 1288, 13, 1),
	(11, 'A', '2012-11-15 11:35:06', NULL, 'Tercer Curso', NULL, '3', 1288, 13, 1),
	(12, 'A', '2012-12-02 19:55:19', NULL, NULL, NULL, '2', 4, 13, 1),
	(13, 'A', '2012-12-02 19:55:36', NULL, NULL, NULL, '3', 4, 13, 1);
/*!40000 ALTER TABLE `division` ENABLE KEYS */;


-- Dumping structure for table edu.docente
DROP TABLE IF EXISTS `docente`;
CREATE TABLE IF NOT EXISTS `docente` (
  `id` bigint(20) unsigned NOT NULL AUTO_INCREMENT,
  `persona` bigint(20) unsigned NOT NULL,
  PRIMARY KEY (`id`),
  KEY `FKD_persona` (`persona`),
  CONSTRAINT `FKD_persona` FOREIGN KEY (`persona`) REFERENCES `persona` (`id`)
) ENGINE=InnoDB AUTO_INCREMENT=69 DEFAULT CHARSET=utf8 COLLATE=utf8_spanish_ci;

-- Dumping data for table edu.docente: ~68 rows (approximately)
DELETE FROM `docente`;
/*!40000 ALTER TABLE `docente` DISABLE KEYS */;
INSERT INTO `docente` (`id`, `persona`) VALUES
	(1, 7),
	(2, 8),
	(10, 27),
	(3, 29),
	(4, 30),
	(5, 31),
	(6, 32),
	(7, 33),
	(8, 34),
	(9, 136),
	(19, 159),
	(20, 160),
	(21, 161),
	(22, 162),
	(23, 163),
	(24, 164),
	(25, 165),
	(26, 166),
	(27, 167),
	(28, 168),
	(29, 169),
	(30, 170),
	(31, 171),
	(32, 172),
	(33, 173),
	(34, 174),
	(35, 175),
	(36, 176),
	(37, 177),
	(38, 178),
	(39, 179),
	(40, 180),
	(41, 181),
	(42, 182),
	(43, 183),
	(44, 184),
	(45, 185),
	(46, 186),
	(47, 187),
	(48, 188),
	(49, 189),
	(50, 190),
	(51, 191),
	(52, 192),
	(53, 193),
	(54, 194),
	(55, 195),
	(56, 196),
	(57, 197),
	(58, 198),
	(59, 199),
	(60, 200),
	(61, 201),
	(62, 202),
	(63, 203),
	(64, 204),
	(65, 205),
	(66, 206),
	(11, 207),
	(67, 207),
	(12, 208),
	(68, 208),
	(13, 209),
	(14, 210),
	(15, 211),
	(16, 212),
	(17, 214),
	(18, 215);
/*!40000 ALTER TABLE `docente` ENABLE KEYS */;


-- Dumping structure for table edu.escuela
DROP TABLE IF EXISTS `escuela`;
CREATE TABLE IF NOT EXISTS `escuela` (
  `id` bigint(20) unsigned NOT NULL AUTO_INCREMENT,
  `cue` int(11) DEFAULT NULL,
  `nombre` varchar(30) CHARACTER SET latin1 DEFAULT NULL,
  `direccion` varchar(250) CHARACTER SET latin1 DEFAULT NULL,
  `numero` int(11) NOT NULL,
  `telefono` varchar(100) CHARACTER SET latin1 DEFAULT NULL,
  `fechaResolucion` date DEFAULT NULL,
  `fechaCreacion` date DEFAULT NULL,
  `fechaCierre` date DEFAULT NULL,
  `nivel` bigint(20) unsigned NOT NULL DEFAULT '1',
  `especialidad` bigint(20) unsigned NOT NULL DEFAULT '1',
  `departamento` int(10) NOT NULL DEFAULT '1',
  `localidad` int(10) NOT NULL DEFAULT '1',
  PRIMARY KEY (`id`),
  KEY `especialidad` (`especialidad`),
  KEY `nivel` (`nivel`),
  KEY `departamento` (`departamento`),
  KEY `localidad` (`localidad`),
  CONSTRAINT `departamento` FOREIGN KEY (`departamento`) REFERENCES `departamento` (`id`),
  CONSTRAINT `especialidad` FOREIGN KEY (`especialidad`) REFERENCES `especialidad` (`id`),
  CONSTRAINT `localidad` FOREIGN KEY (`localidad`) REFERENCES `localidad` (`id`),
  CONSTRAINT `nivel` FOREIGN KEY (`nivel`) REFERENCES `nivel` (`id`)
) ENGINE=InnoDB AUTO_INCREMENT=1289 DEFAULT CHARSET=utf8 COLLATE=utf8_spanish_ci;

-- Dumping data for table edu.escuela: ~1.287 rows (approximately)
DELETE FROM `escuela`;
/*!40000 ALTER TABLE `escuela` DISABLE KEYS */;
INSERT INTO `escuela` (`id`, `cue`, `nombre`, `direccion`, `numero`, `telefono`, `fechaResolucion`, `fechaCreacion`, `fechaCierre`, `nivel`, `especialidad`, `departamento`, `localidad`) VALUES
	(1, 50023, 'Jorge N Lencinas', 'Algún lugar', 4125, '4302562', '2007-07-05', NULL, NULL, 3, 1, 4, 41),
	(2, 50021, 'Benito Lamas', 'Algun Lugar', 4256, '0261548796', '2012-07-03', NULL, NULL, 3, 2, 2, 1),
	(3, 50012, 'UTN', 'en la facu', 1234, NULL, '2012-09-27', NULL, NULL, 3, 1, 1, 195),
	(4, 50012, 'Eusebio Blanco', 'Bandera de los Andes 123', 4232, NULL, '2003-11-01', NULL, NULL, 3, 5, 4, 85),
	(6, NULL, 'NO CORRESPONDE                ', '                                        ', 0, '                    ', NULL, NULL, NULL, 1, 1, 1, 1),
	(7, NULL, 'MERCEDITAS DE SAN MARTIN      ', 'GUTIERREZ 380 -   CAPITAL               ', 1, '0261-4255937        ', NULL, NULL, NULL, 1, 1, 1, 1),
	(8, NULL, 'DR. GREGORIO ARAOZ ALFARO     ', 'VIDELA CASTILLO 3080 -                  ', 2, '0261-4306993        ', NULL, NULL, NULL, 1, 1, 1, 1),
	(9, NULL, 'MARIA CURIE                   ', 'AV.LOS FRESNOS S/N ESQUINA LOS VISCOS   ', 3, '0261-4297416        ', NULL, NULL, NULL, 3, 1, 1, 1),
	(10, NULL, 'GODOY CRUZ                    ', 'LAVALLE 255                             ', 4, '0261-4222795        ', NULL, NULL, NULL, 3, 1, 1, 1),
	(11, NULL, '26 DE SETIEMBRE               ', 'JUNCAL 1367                             ', 5, '0261-4272200        ', NULL, NULL, NULL, 1, 1, 1, 1),
	(12, NULL, 'ROSARIO VERA PEÑALOZA         ', 'VIREN DE LOURDES ESQ. LA PORTEÑA        ', 6, '0261-4979926        ', NULL, NULL, NULL, 1, 1, 1, 1),
	(13, NULL, 'MAESTRA LUISA CARRERA         ', 'MARTINEZ DE ROSAS 6090                  ', 7, '0261-4264781        ', NULL, NULL, NULL, 1, 1, 1, 1),
	(14, NULL, 'FEDERICO FROEBEL              ', 'PRINGLES 2654                           ', 8, '061-4486937         ', NULL, NULL, NULL, 1, 1, 1, 1),
	(15, NULL, 'M. JUANA CIANCIA DE JULIANI   ', 'SAN ISIDRO 1169                         ', 9, '02623-445066        ', NULL, NULL, NULL, 1, 1, 1, 1),
	(16, NULL, 'MADRE TERESA                  ', 'BELGRANO 189                            ', 10, '0                   ', NULL, NULL, NULL, 1, 1, 1, 1),
	(17, NULL, 'SUYAY                         ', 'CATAMARCA 1600 Y PEDRAZA                ', 11, '0261-4378386        ', NULL, NULL, NULL, 1, 1, 1, 1),
	(18, NULL, 'MAESTRA ELVIRA CHAVEZ         ', ' Y BRANDI 848                           ', 12, '0261-4811055        ', NULL, NULL, NULL, 1, 1, 1, 1),
	(19, NULL, 'ANDREA DE PEÑAFIEL            ', 'CERETTI 149                             ', 13, '02622-470012        ', NULL, NULL, NULL, 1, 1, 1, 1),
	(20, NULL, 'VICENTE BERTOMEU              ', '25 DE MAYO 149                          ', 14, '02623-420113        ', NULL, NULL, NULL, 1, 1, 1, 1),
	(21, NULL, 'DR. LUIS CAMARGO              ', 'FLEMING S/N°                            ', 15, '155655733           ', NULL, NULL, NULL, 1, 1, 1, 1),
	(22, NULL, 'MAESTRA MARTA HINOJOSA        ', 'GODOY CRUZ 1610                         ', 16, '02622-425124        ', NULL, NULL, NULL, 1, 1, 1, 1),
	(23, NULL, 'JARDIN EXCLUSIVO Nº 0-017 (PRO', 'PEDRO MOLINA Y ECUADOR                  ', 17, '0261-4262125        ', NULL, NULL, NULL, 1, 1, 1, 1),
	(24, NULL, 'JARDIN EXCLUSIVO N° 0018 "INES', 'ECUADOR Y GRANADEROS DE SAN MARTIN      ', 18, '0261- 4210220       ', NULL, NULL, NULL, 1, 1, 1, 1),
	(25, NULL, 'JARDIN EXCLUSIVO STA. CLARA DE', 'PACHAMAMA MZNA. N° 35 ENTRE CALLE 46 Y B', 19, '0261-4393655        ', NULL, NULL, NULL, 1, 1, 1, 1),
	(26, NULL, 'ALGARROBO                     ', 'ACCESO N°2 AUTODROMO GRAL SAN MARTIN    ', 20, '0261-4446506        ', NULL, NULL, NULL, 1, 1, 1, 1),
	(27, NULL, 'JARDIN EXCLUSIVO N° 0-021     ', 'C. SAN PIO S/N (ESC. 1-630)             ', 21, '0261-4525404        ', NULL, NULL, NULL, 1, 1, 1, 1),
	(28, NULL, 'JARDIN EXCLUSIVO N° 0-022     ', 'RECUERO S/N (ESC N¬ 1-126)              ', 22, '0                   ', NULL, NULL, NULL, 1, 1, 1, 1),
	(29, NULL, 'DUAMKALEN                     ', 'CALLE PRINCIPAL Nº14                    ', 23, '0261-4480526        ', NULL, NULL, NULL, 1, 1, 1, 1),
	(30, NULL, 'JARDIN EXCLUSIVO              ', '                                        ', 24, '                    ', NULL, NULL, NULL, 1, 1, 1, 1),
	(31, NULL, 'SOL DE TUPUNGADO              ', '                                        ', 25, '                    ', NULL, NULL, NULL, 1, 1, 1, 1),
	(32, NULL, 'JIE SIN NOMBRE                ', '                                        ', 26, '                    ', NULL, NULL, NULL, 1, 1, 1, 1),
	(33, NULL, 'SIN NOMBRE                    ', '                                        ', 27, '                    ', NULL, NULL, NULL, 1, 1, 1, 1),
	(34, NULL, 'PAGO TESORERIA CAPITAL        ', '                                        ', 57, '                    ', NULL, NULL, NULL, 1, 1, 1, 1),
	(35, NULL, 'JARDIN PLATERO                ', 'URQUIZA 303                             ', 62, '0261-4210364        ', NULL, NULL, NULL, 1, 1, 1, 1),
	(36, NULL, 'JARDIN NUC. N°0-101 (ESC. 1-61', 'TELLES MENESES                          ', 101, '02627470067         ', NULL, NULL, NULL, 1, 1, 1, 1),
	(37, NULL, 'JARDIN NUC. N°0-101  (ESC 1-59', 'CDTE. TELLES MENESES 134                ', 101, '02627-470067        ', NULL, NULL, NULL, 1, 1, 1, 1),
	(38, NULL, 'JARDIN NUCLEADO N° 0-102 (ESC.', 'COMANDANTE SALAS Y LLANCANELO           ', 102, '     02627-471048   ', NULL, NULL, NULL, 1, 1, 1, 1),
	(39, NULL, 'JARDIN NUCLEADO N° 0-102 (ESC.', 'BARDAS BLANCAS Y CTE. SALAS             ', 102, '     0              ', NULL, NULL, NULL, 1, 1, 1, 1),
	(40, NULL, 'JARDIN NUCLEADO N° 0-102 (ESC.', 'JUAN MAZA 1660                          ', 102, '     0              ', NULL, NULL, NULL, 1, 1, 1, 1),
	(41, NULL, 'JARDIN NUCLEADO N° 0-102      ', 'RUIBAL 1135 SEDE ADMINISTRATIVA         ', 102, '02627-15673229      ', NULL, NULL, NULL, 1, 1, 1, 1),
	(42, NULL, 'DOCENTE MARTA NELLY CAMBA     ', 'MISIONES Y GARDEL                       ', 103, '0261 4210642        ', NULL, NULL, NULL, 1, 1, 1, 1),
	(43, NULL, 'JNDTE MARTA CAMBA (1-024 M VID', 'EDISON Nº 150                           ', 103, '4910907             ', NULL, NULL, NULL, 1, 1, 1, 1),
	(44, NULL, 'JN DTE. MARTA N. CAMBA (1-112 ', 'EDISON 150                              ', 103, '4910907             ', NULL, NULL, NULL, 1, 1, 1, 1),
	(45, NULL, 'JARDIN EXCLUSIVO N° 0-104     ', 'LAS HERAS Y CHILE                       ', 104, '     0              ', NULL, NULL, NULL, 1, 1, 1, 1),
	(46, NULL, 'JARDIN NUCLEADO N° 0-104      ', 'CALDERON 277                            ', 104, '02622-422970        ', NULL, NULL, NULL, 1, 1, 1, 1),
	(47, NULL, 'NUESTRA SRA. DE FATIMA        ', 'AMAPOLA 156                             ', 105, '     0              ', NULL, NULL, NULL, 1, 1, 1, 1),
	(48, NULL, 'NUESTRA SRA. DE FATIMA        ', 'AMAPOLA 156                             ', 105, '0                   ', NULL, NULL, NULL, 1, 1, 1, 1),
	(49, NULL, 'ESCUELA N° 0-106              ', 'BELGRANO 21                             ', 106, '02623-463890        ', NULL, NULL, NULL, 1, 1, 1, 1),
	(50, NULL, 'JARDIN NUCLEADO 0-107         ', 'COLON S/N                               ', 107, '443928              ', NULL, NULL, NULL, 1, 1, 1, 1),
	(51, NULL, 'JARDIN NUCLEADO 0-108         ', 'BREYER Y ALVEAR                         ', 108, '02623-424325        ', NULL, NULL, NULL, 1, 1, 1, 1),
	(52, NULL, 'MAESTRO TOMÁS ANTONIO LANCELLO', 'COSTA CANAL MONTECASEROS- KM1           ', 109, '421324              ', NULL, NULL, NULL, 1, 1, 1, 1),
	(53, NULL, 'SOL DE TUPUNGATO              ', '26 DE MAYO S/N°                         ', 110, '                    ', NULL, NULL, NULL, 1, 1, 1, 1),
	(54, NULL, 'JARDIN EXCLUSIVO              ', '                                        ', 111, '                    ', NULL, NULL, NULL, 1, 1, 1, 1),
	(55, NULL, 'JARDIN NUCLEADO               ', 'SAN JUAN BOSCO 181                      ', 111, '422662              ', NULL, NULL, NULL, 1, 1, 1, 1),
	(56, NULL, 'JARDIN NUCLEADO               ', 'SAN JUAN BOSCO 181                      ', 111, '422662              ', NULL, NULL, NULL, 1, 1, 1, 1),
	(57, NULL, 'EL PRINCIPITO                 ', '                                        ', 112, '                    ', NULL, NULL, NULL, 1, 1, 1, 1),
	(58, NULL, 'JARDIN EXCLUSIVO              ', '                                        ', 113, '                    ', NULL, NULL, NULL, 1, 1, 1, 1),
	(59, NULL, 'SIN NOMBRE                    ', 'VELA S/N                                ', 113, '02623 - 425572      ', NULL, NULL, NULL, 1, 1, 1, 1),
	(60, NULL, 'JARDIN EXCLUSIVO              ', '                                        ', 114, '                    ', NULL, NULL, NULL, 1, 1, 1, 1),
	(61, NULL, 'SIN NOMBRE                    ', 'LAVALLE 382                             ', 114, '                    ', NULL, NULL, NULL, 1, 1, 1, 1),
	(62, NULL, 'JARDIN EXCLUSIVO              ', '                                        ', 115, '                    ', NULL, NULL, NULL, 1, 1, 1, 1),
	(63, NULL, 'FRANCISCO MIGUEL MANZANO      ', '                                        ', 116, '                    ', NULL, NULL, NULL, 1, 1, 1, 1),
	(64, NULL, 'JARDIN NUCLEADO               ', 'RUTA 92 S/N                             ', 116, '0261-4318974        ', NULL, NULL, NULL, 1, 1, 1, 1),
	(65, NULL, 'JARDIN EXCLUSIVO              ', '                                        ', 117, '                    ', NULL, NULL, NULL, 1, 1, 1, 1),
	(66, NULL, 'JARDIN EXCLUSIVO              ', '                                        ', 118, '                    ', NULL, NULL, NULL, 1, 1, 1, 1),
	(67, NULL, 'JARDIN NUCLEADO               ', '                                        ', 119, '                    ', NULL, NULL, NULL, 1, 1, 1, 1),
	(68, NULL, 'JARDIN NUCLEADO (ABRAHAM LEMOS', 'SEVERO DEL CASTILLO S/N                 ', 119, '                    ', NULL, NULL, NULL, 1, 1, 1, 1),
	(69, NULL, 'JARDIN NUCLEADO (FERRARI)     ', 'CARRIL COSTA DE ARAUJO S/N              ', 119, '                    ', NULL, NULL, NULL, 1, 1, 1, 1),
	(70, NULL, 'JARDIN EXCLUSIVO              ', '                                        ', 120, '                    ', NULL, NULL, NULL, 1, 1, 1, 1),
	(71, NULL, 'JARDIN NUCLEADO (ESC. 1420    ', 'DR. MORENO 2899                         ', 120, '4487023             ', NULL, NULL, NULL, 1, 1, 1, 1),
	(72, NULL, 'JARDIN NUCLEADO (ESC. 1-420)  ', 'DR. MORENO 2899                         ', 120, '4487023             ', NULL, NULL, NULL, 1, 1, 1, 1),
	(73, NULL, 'JARDIN EXCLUSIVO              ', '                                        ', 121, '                    ', NULL, NULL, NULL, 1, 1, 1, 1),
	(74, NULL, 'JARDIN NUCLEADO               ', 'POTRERILLOS Y VILLAVICENCIO             ', 121, '4446765             ', NULL, NULL, NULL, 1, 1, 1, 1),
	(75, NULL, 'JARDIN NUCLEADO               ', 'CALLE 5 Y 6                             ', 121, '4446765             ', NULL, NULL, NULL, 1, 1, 1, 1),
	(76, NULL, 'JARDIN NUCLEADO ( RECABARREN) ', 'LOS CEIBOS S/N                          ', 121, '4446765             ', NULL, NULL, NULL, 1, 1, 1, 1),
	(77, NULL, 'JARDIN NUCLEADO               ', 'NIHUIL Y CORDON DEL PLATA S/N           ', 121, '4446765             ', NULL, NULL, NULL, 1, 1, 1, 1),
	(78, NULL, 'JIN SIN NOMBRE                ', '                                        ', 122, '                    ', NULL, NULL, NULL, 1, 1, 1, 1),
	(79, NULL, 'JIN SIN NOMBRE                ', '                                        ', 123, '                    ', NULL, NULL, NULL, 1, 1, 1, 1),
	(80, NULL, 'JIN SIN NOMBRE                ', '                                        ', 124, '                    ', NULL, NULL, NULL, 1, 1, 1, 1),
	(81, NULL, 'JIN SIN NOMBRE                ', '                                        ', 125, '                    ', NULL, NULL, NULL, 1, 1, 1, 1),
	(82, NULL, 'JIN SIN NOMBRE                ', '                                        ', 126, '                    ', NULL, NULL, NULL, 1, 1, 1, 1),
	(83, NULL, 'JIN SIN NOMBRE                ', '                                        ', 127, '                    ', NULL, NULL, NULL, 1, 1, 1, 1),
	(84, NULL, 'JIN SIN NOMBRE                ', '                                        ', 128, '                    ', NULL, NULL, NULL, 1, 1, 1, 1),
	(85, NULL, 'JIN SIN NOMBRE                ', '                                        ', 129, '                    ', NULL, NULL, NULL, 1, 1, 1, 1),
	(86, NULL, 'JIN SIN NOMBRE                ', '                                        ', 130, '                    ', NULL, NULL, NULL, 1, 1, 1, 1),
	(87, NULL, 'SARA I.BARRERA DE PELLICER    ', '                                        ', 131, '                    ', NULL, NULL, NULL, 1, 1, 1, 1),
	(88, NULL, 'JIN SIN NOMBRE                ', '                                        ', 132, '                    ', NULL, NULL, NULL, 1, 1, 1, 1),
	(89, NULL, 'JIN SIN NOMBRE                ', '                                        ', 133, '                    ', NULL, NULL, NULL, 1, 1, 1, 1),
	(90, NULL, 'JIN SIN NOMBRE                ', '                                        ', 134, '                    ', NULL, NULL, NULL, 1, 1, 1, 1),
	(91, NULL, 'JIN SIN NOMBRE                ', '                                        ', 135, '                    ', NULL, NULL, NULL, 1, 1, 1, 1),
	(92, NULL, 'JIN SIN NOMBRE                ', '                                        ', 136, '                    ', NULL, NULL, NULL, 1, 1, 1, 1),
	(93, NULL, 'JIN SIN NOMBRE                ', '                                        ', 137, '                    ', NULL, NULL, NULL, 1, 1, 1, 1),
	(94, NULL, 'JIN SIN NOMBRE                ', '                                        ', 138, '                    ', NULL, NULL, NULL, 1, 1, 1, 1),
	(95, NULL, 'JIN SIN NOMBRE                ', '                                        ', 139, '                    ', NULL, NULL, NULL, 1, 1, 1, 1),
	(96, NULL, 'JIN SIN NOMBRE                ', '                                        ', 140, '                    ', NULL, NULL, NULL, 1, 1, 1, 1),
	(97, NULL, 'JIN SIN NOMBRE                ', '                                        ', 141, '                    ', NULL, NULL, NULL, 1, 1, 1, 1),
	(98, NULL, 'JARDIN I.NUCLEADO S/NOMBRE    ', '                                        ', 142, '                    ', NULL, NULL, NULL, 1, 1, 1, 1),
	(99, NULL, 'CUMELEN                       ', 'CORREA SAA 494                          ', 201, '                    ', NULL, NULL, NULL, 1, 1, 1, 1),
	(100, NULL, 'AYELEN                        ', 'INDEPENDENCIA 195                       ', 202, '                    ', NULL, NULL, NULL, 1, 1, 1, 1),
	(101, NULL, 'PIUQUEN                       ', 'MASA Y EMILIO CIVIT                     ', 203, '                    ', NULL, NULL, NULL, 1, 1, 1, 1),
	(102, NULL, 'AYUN                          ', 'PASO DE LOS LIBRES                      ', 204, '                    ', NULL, NULL, NULL, 1, 1, 1, 1),
	(103, NULL, 'QUEL-QUEL                     ', '                                        ', 205, '                    ', NULL, NULL, NULL, 1, 1, 1, 1),
	(104, NULL, 'SIN NOMBRE                    ', '                                        ', 999, '                    ', NULL, NULL, NULL, 1, 1, 1, 1),
	(105, NULL, 'MANUEL BLANCO ENCALADA        ', 'AV.MITRE 90                             ', 1002, '02623-492096        ', NULL, NULL, NULL, 1, 1, 1, 1),
	(106, NULL, 'JUSTO JOSE DE URQUIZA         ', 'PESCARA Y PTE.PERON                     ', 1003, '0261-4972020        ', NULL, NULL, NULL, 1, 1, 1, 1),
	(107, NULL, 'DR.GUILLERMO RAWSON           ', 'AZOPARDO 76                             ', 1004, '0261-4220265        ', NULL, NULL, NULL, 1, 1, 1, 1),
	(108, NULL, 'LEANDRO N. ALEM               ', 'LATERAL NORTE AV. ACCESO ESTE Y PEDERNER', 1005, '0261-4311560        ', NULL, NULL, NULL, 1, 1, 1, 1),
	(109, NULL, 'JUAN JOSE PASO                ', 'SAN MARTIN 2366                         ', 1006, '0261-4980098        ', NULL, NULL, NULL, 1, 1, 1, 1),
	(110, NULL, 'BERNARDINO RIVADAVIA          ', 'SAN ISIDRO 791                          ', 1007, '02623-442286        ', NULL, NULL, NULL, 1, 1, 1, 1),
	(111, NULL, 'GRAL.JOSE DE SAN MARTIN       ', '25 DE MAYO 149                          ', 1008, '02623-421252        ', NULL, NULL, NULL, 1, 1, 1, 1),
	(112, NULL, 'CORNELIO SAAVEDRA             ', 'RUTA PROV.62                            ', 1009, '15519070            ', NULL, NULL, NULL, 1, 1, 1, 1),
	(113, NULL, 'CNEL.LORENZO BARCALA          ', 'NUEVA CERECETO S/N                      ', 1010, '0                   ', NULL, NULL, NULL, 1, 1, 1, 1),
	(114, NULL, 'JUAN JOSE CASTELLI            ', 'RUTA PROVINCIAL 50                      ', 1011, '                    ', NULL, NULL, NULL, 1, 1, 1, 1),
	(115, NULL, 'CMTE. SATURNINO TORRES        ', 'PASO DE LOS ANDES 377                   ', 1012, '0261-4980734        ', NULL, NULL, NULL, 1, 1, 1, 1),
	(116, NULL, 'ALFREDO R BUFANO              ', 'RIVADAVIA S/N                           ', 1013, '0                   ', NULL, NULL, NULL, 1, 1, 1, 1),
	(117, NULL, 'DR.ALEJANDRO MATHUS           ', 'A. MATHUS HOYOS 3495                    ', 1014, '0261-4511244        ', NULL, NULL, NULL, 1, 1, 1, 1),
	(118, NULL, 'MANUEL EMILIANO SAYANCA       ', 'LEMOS 2089                              ', 1015, '0261-4454908        ', NULL, NULL, NULL, 1, 1, 1, 1),
	(119, NULL, 'PETRONA G.DE BURGOA           ', 'RAWSON Y HERMITTE-BENEGAS               ', 1016, '0261-4390708        ', NULL, NULL, NULL, 1, 1, 1, 1),
	(120, NULL, 'MARIANO NECOCHEA              ', 'SAN MARTIN 775                          ', 1017, '0261-4307904        ', NULL, NULL, NULL, 1, 1, 1, 1),
	(121, NULL, 'JUAN G. DE LAS HERAS          ', 'RIVADAVIA 570                           ', 1018, '0261-4370382        ', NULL, NULL, NULL, 1, 1, 1, 1),
	(122, NULL, 'GERVASIO A.POSADAS            ', 'REMEDIOS ESCALADA S/N                   ', 1019, '02623-461550        ', NULL, NULL, NULL, 1, 1, 1, 1),
	(123, NULL, 'DOMINGO FRENCH                ', 'URUGUAY Y AMEGHINO S/N°                 ', 1020, '0261-4880488        ', NULL, NULL, NULL, 1, 1, 1, 1),
	(124, NULL, 'DR.DALMACIO VELEZ SARSFIELD   ', 'BANDERA DE LOS ANDES 4801               ', 1021, '02614215020         ', NULL, NULL, NULL, 1, 1, 1, 1),
	(125, NULL, 'VICENTE LOPEZ Y PLANES        ', 'DALMAU 48                               ', 1022, '02622-422517        ', NULL, NULL, NULL, 1, 1, 1, 1),
	(126, NULL, 'TERESA O\'CONNOR               ', 'VIAMONTE Y AGUINAGA                     ', 1023, '0261-4960015        ', NULL, NULL, NULL, 1, 1, 1, 1),
	(127, NULL, 'MANUEL VIDELA                 ', 'SOLARI S/N°                             ', 1024, '0261-4910044        ', NULL, NULL, NULL, 1, 1, 1, 1),
	(128, NULL, '25 DE MAYO                    ', 'HIPOLITO YRIGOYEN 473                   ', 1025, '02627-421576        ', NULL, NULL, NULL, 1, 1, 1, 1),
	(129, NULL, 'AMADOR RODRIGUEZ              ', 'RUTA PROVINCIAL 50                      ', 1026, '02623494600         ', NULL, NULL, NULL, 1, 1, 1, 1),
	(130, NULL, 'JUAN PASCUAL PRINGLES         ', 'RUFINO ORTEGA 275                       ', 1027, '02623-497023        ', NULL, NULL, NULL, 1, 1, 1, 1),
	(131, NULL, 'JOSE FEDERICO MORENO          ', 'JOSE FEDERICO MORENO 2221               ', 1028, '0261-4312314        ', NULL, NULL, NULL, 1, 1, 1, 1),
	(132, NULL, 'PROCESA SARMIENTO             ', 'URQUIZA S/N                             ', 1029, '0261-4813056        ', NULL, NULL, NULL, 1, 1, 1, 1),
	(133, NULL, 'ISAAC MELCHOR CHAVARRIA       ', 'LUIS CORREAS 318                        ', 1030, '0                   ', NULL, NULL, NULL, 1, 1, 1, 1),
	(134, NULL, '9 DE JULIO                    ', 'SAN MARTIN 526                          ', 1031, '02622-493148        ', NULL, NULL, NULL, 1, 1, 1, 1),
	(135, NULL, 'MARIANO MORENO                ', 'MONTECASEROS 1977                       ', 1032, '0261-4233546        ', NULL, NULL, NULL, 1, 1, 1, 1),
	(136, NULL, 'RAFAEL OBLIGADO               ', 'DORREGO 1605                            ', 1033, '0261-4311939        ', NULL, NULL, NULL, 1, 1, 1, 1),
	(137, NULL, 'GRAL.MANUEL BELGRANO          ', 'PELLEGRINI 671                          ', 1034, '0261-4258059        ', NULL, NULL, NULL, 1, 1, 1, 1),
	(138, NULL, 'PRESIDENTE QUINTANA           ', 'SAN LORENZO 758                         ', 1035, '0261-4236132        ', NULL, NULL, NULL, 1, 1, 1, 1),
	(139, NULL, 'TIBURCIO BENEGAS              ', 'SAN LUIS 321                            ', 1036, '0261-4257898        ', NULL, NULL, NULL, 1, 1, 1, 1),
	(140, NULL, 'DR.JULIO MAYORGA              ', 'SAN MARTIN 6017                         ', 1037, '0261-4964169        ', NULL, NULL, NULL, 1, 1, 1, 1),
	(141, NULL, 'MARIA BADIN DE BADIN          ', 'CALLEJON THOME S/N                      ', 1038, '0261-4921026        ', NULL, NULL, NULL, 1, 1, 1, 1),
	(142, NULL, 'ANTONIO MOYANO                ', 'RUTA PROV. 16                           ', 1039, '                    ', NULL, NULL, NULL, 1, 1, 1, 1),
	(143, NULL, 'JUAN JOSE VIAMONTE            ', 'V.ARANDA 2425                           ', 1040, '0261-4973190        ', NULL, NULL, NULL, 1, 1, 1, 1),
	(144, NULL, 'GRAL.JOSE A. GUTIERREZ        ', 'FRAY L BELTRAN Y ARISTISDES VILLANUEVA  ', 1041, '0261-4972216        ', NULL, NULL, NULL, 1, 1, 1, 1),
	(145, NULL, 'ARISTIDES VILLANUEVA          ', 'PEDRO MOLINA 300                        ', 1042, '02614239535         ', NULL, NULL, NULL, 1, 1, 1, 1),
	(146, NULL, 'MOISES LUCERO                 ', 'VIDELA S/N                              ', 1043, '                    ', NULL, NULL, NULL, 1, 1, 1, 1),
	(147, NULL, 'DOMINGO EVARISTO BOMBAL       ', 'CALLE BOMBAL A 50 M.RUTA PROV. 156      ', 1044, '                    ', NULL, NULL, NULL, 1, 1, 1, 1),
	(148, NULL, 'MAESTRA O. R. DE DI CHIARA    ', 'MOISES TUBERT 110                       ', 1045, '0261-4511807        ', NULL, NULL, NULL, 1, 1, 1, 1),
	(149, NULL, 'ESCUADRON 28 DE GENDARMERIA   ', 'EJERCITO DE LOS ANDES                   ', 1046, '                    ', NULL, NULL, NULL, 1, 1, 1, 1),
	(150, NULL, 'BARTOLOME MITRE               ', 'SAN JUAN 417                            ', 1047, '0261-4292347        ', NULL, NULL, NULL, 1, 1, 1, 1),
	(151, NULL, 'JOSE NORBERTO BARRAZA         ', 'SALVARREDI S/N                          ', 1048, '                    ', NULL, NULL, NULL, 1, 1, 1, 1),
	(152, NULL, 'JUANA S. DE PERALTA           ', 'PERITO MORENO S/N                       ', 1049, '0261-156530024      ', NULL, NULL, NULL, 1, 1, 1, 1),
	(153, NULL, 'INDEPENDENCIA ARGENTINA       ', 'VIDELA ARANDA S/N                       ', 1050, '4990349             ', NULL, NULL, NULL, 1, 1, 1, 1),
	(154, NULL, 'MARIA C.DE CAVAGNARO          ', 'ROCA 1717                               ', 1051, '0261-4977937        ', NULL, NULL, NULL, 1, 1, 1, 1),
	(155, NULL, 'FRANCISCO GABRIELLI           ', 'FRANKLIN VILLANUEVA S/N                 ', 1052, '0261-4978288        ', NULL, NULL, NULL, 1, 1, 1, 1),
	(156, NULL, 'ANTONINO GIUNTA               ', 'SAN FRANCISCO  DEL MONTE 3150           ', 1053, '0261-4213050        ', NULL, NULL, NULL, 1, 1, 1, 1),
	(157, NULL, 'NICOLAS RODRIGUEZ PEÑA        ', 'CARRIL NUEVO S/N -                      ', 1054, '02623-492453        ', NULL, NULL, NULL, 1, 1, 1, 1),
	(158, NULL, 'CORRIENTES                    ', 'FRENCH 149                              ', 1055, '02623-421662        ', NULL, NULL, NULL, 1, 1, 1, 1),
	(159, NULL, 'MANUELA OJEDA (PROVINCIA DE LA', 'MELCHOR VILLANUEVA S/N                  ', 1056, '0261-155654597      ', NULL, NULL, NULL, 1, 1, 1, 1),
	(160, NULL, 'EUGENIO JARDEL                ', 'CABALLERO S/N                           ', 1057, '0262315517029       ', NULL, NULL, NULL, 1, 1, 1, 1),
	(161, NULL, 'HERIBERTO BAEZA               ', 'FLORIDA S/N                             ', 1058, '02623-443198        ', NULL, NULL, NULL, 1, 1, 1, 1),
	(162, NULL, 'FORMOSA                       ', 'CHAÑAR S/N                              ', 1059, '02623-445383        ', NULL, NULL, NULL, 1, 1, 1, 1),
	(163, NULL, 'PROVINCIA DE CORDOBA          ', 'BANDERA DE LOS ANDES 2224               ', 1060, '0261-4313949        ', NULL, NULL, NULL, 1, 1, 1, 1),
	(164, NULL, 'CORONEL PEDRO JOSE DIAZ       ', 'JOSE NESTOR LENCINAS S/N                ', 1061, '02622-492062        ', NULL, NULL, NULL, 1, 1, 1, 1),
	(165, NULL, 'ANTONIO JUAN HUALPA           ', 'EL ESPINO S/N                           ', 1062, '0                   ', NULL, NULL, NULL, 1, 1, 1, 1),
	(166, NULL, 'MARIA M.TISSERA DE GUEVARA    ', '9 DE JULIO S/N                          ', 1063, '02623-15663723      ', NULL, NULL, NULL, 1, 1, 1, 1),
	(167, NULL, 'RIO NEGRO                     ', 'MAESTRA RENEE S/N                       ', 1064, '0261-155566795      ', NULL, NULL, NULL, 1, 1, 1, 1),
	(168, NULL, 'JUAN GALO LAVALLE             ', 'POLONIO MONTENEGRO  Y  SAN MARTIN       ', 1065, '0261-4941048        ', NULL, NULL, NULL, 1, 1, 1, 1),
	(169, NULL, 'JUAN BAUTISTA ALBERDI         ', 'REAL Y LA COSTA                         ', 1066, '0                   ', NULL, NULL, NULL, 1, 1, 1, 1),
	(170, NULL, 'ROSA ISABEL TREBES DE TORRES  ', 'SAN MARTIN S/N                          ', 1067, '02622-15664646      ', NULL, NULL, NULL, 1, 1, 1, 1),
	(171, NULL, 'VENTURA SEGURA                ', 'REMO FALCIANI 253                       ', 1068, '0                   ', NULL, NULL, NULL, 1, 1, 1, 1),
	(172, NULL, 'JOSE MARIA GUTIERREZ          ', 'LAMADRID S/N                            ', 1069, '02623-15663893      ', NULL, NULL, NULL, 1, 1, 1, 1),
	(173, NULL, 'CAPITAL FEDERAL               ', 'GENERAL ROCA 385                        ', 1070, '02625-422164        ', NULL, NULL, NULL, 1, 1, 1, 1),
	(174, NULL, 'MARTIN MIGUEL DE GUEMES       ', 'ITALIA 450                              ', 1071, '02623-461448        ', NULL, NULL, NULL, 1, 1, 1, 1),
	(175, NULL, 'DR. ROQUE SAENZ PEÑA          ', 'BRAVO Y JENNER                          ', 1072, '0261-4392283        ', NULL, NULL, NULL, 1, 1, 1, 1),
	(176, NULL, 'VIRGEN DE LA CARRODILLA       ', 'CALLEJON PINCOLINI S/N                  ', 1073, '0261-4981543        ', NULL, NULL, NULL, 1, 1, 1, 1),
	(177, NULL, 'FRANCISCO N DE LAPRIDA        ', 'PASO DE LOS ANDES 78                    ', 1074, '0261-4286953        ', NULL, NULL, NULL, 1, 1, 1, 1),
	(178, NULL, 'CORDILLERA DE LOS ANDES       ', 'EINSTEIN Y NOGOLI                       ', 1075, '0261-4273674        ', NULL, NULL, NULL, 1, 1, 1, 1),
	(179, NULL, 'PEDRO MOLINA                  ', 'EJERCITO DE LOS ANDES 7310              ', 1076, '02627-441111        ', NULL, NULL, NULL, 1, 1, 1, 1),
	(180, NULL, 'PROVINCIA DE BUENOS AIRES     ', 'JUJUY Y BERUTTI                         ', 1077, '0261-4390725        ', NULL, NULL, NULL, 1, 1, 1, 1),
	(181, NULL, 'SANTIAGO DEL ESTERO           ', 'ESPAÑA 850                              ', 1078, '0261-4221880        ', NULL, NULL, NULL, 1, 1, 1, 1),
	(182, NULL, 'ARGENTINOS URUGUAYOS          ', 'GODOY CRUZ S/N°                         ', 1079, '0                   ', NULL, NULL, NULL, 1, 1, 1, 1),
	(183, NULL, 'JORGE LUIS BORGES             ', 'ORTIZ DE ROSAS Y SARGENTO CABRAL        ', 1080, '                    ', NULL, NULL, NULL, 1, 1, 1, 1),
	(184, NULL, 'COMODORO LUIS PY              ', 'LOS CAROLINOS S/N                       ', 1081, '02627-427038        ', NULL, NULL, NULL, 1, 1, 1, 1),
	(185, NULL, 'PROVINCIA DEL CHACO           ', 'RUTA NACIONAL 144                       ', 1082, '0                   ', NULL, NULL, NULL, 1, 1, 1, 1),
	(186, NULL, 'FAUSTINO PICALLO              ', 'SAN JUAN BOSCO Y FELIU                  ', 1083, '02627-428369        ', NULL, NULL, NULL, 1, 1, 1, 1),
	(187, NULL, 'DEOCLECIO GARCIA              ', 'RUTA PROV. N° 154 (COLONIA BOMBAL Y TABA', 1084, '0                   ', NULL, NULL, NULL, 1, 1, 1, 1),
	(188, NULL, 'DAVID DIAZ GASCOGNE           ', 'RUTA PANAMERICANA                       ', 1085, '0261-4985088        ', NULL, NULL, NULL, 1, 1, 1, 1),
	(189, NULL, 'FEDERICO ALBERTO SUTER        ', 'JUAN SUTER 100                          ', 1086, '0                   ', NULL, NULL, NULL, 1, 1, 1, 1),
	(190, NULL, 'ABDON ABRAHAM                 ', 'RUTA 40   KM. 23                        ', 1087, '155559159           ', NULL, NULL, NULL, 1, 1, 1, 1),
	(191, NULL, 'ALFONSO BERNAL                ', 'ALBARDON S/N                            ', 1088, '02623492068/15517504', NULL, NULL, NULL, 1, 1, 1, 1),
	(192, NULL, 'LA SUPERIORA                  ', 'ESPEJO 780                              ', 1089, '0261-4812501        ', NULL, NULL, NULL, 1, 1, 1, 1),
	(193, NULL, 'DR.MEDARDO ORTIZ              ', 'VIEYTES Y CASTRO BARROS                 ', 1090, '0                   ', NULL, NULL, NULL, 1, 1, 1, 1),
	(194, NULL, 'DOMINGO HERMIDA               ', 'RUTA PROV. 160 (CAÑADA SECA)            ', 1091, '0                   ', NULL, NULL, NULL, 1, 1, 1, 1),
	(195, NULL, 'JUAN ISIDRO ZAPATA            ', 'BALLOFET 2210                           ', 1092, '02627-429737        ', NULL, NULL, NULL, 1, 1, 1, 1),
	(196, NULL, 'CERVANTES                     ', 'RUTA PROV. 34                           ', 1093, '0261-4371151        ', NULL, NULL, NULL, 1, 1, 1, 1),
	(197, NULL, 'JACINTO BOTANA                ', 'PONONTREHUA Y RICARDO MERCADO           ', 1094, '0                   ', NULL, NULL, NULL, 1, 1, 1, 1),
	(198, NULL, 'JUAN CRISOSTOMO LAFINUR       ', 'J.B.JUSTO Y AV.ESPAÑA                   ', 1095, '0261-4921120        ', NULL, NULL, NULL, 1, 1, 1, 1),
	(199, NULL, 'JOHN F.KENNEDY                ', 'RUTA PROV. 50  S/N                      ', 1096, '0261-4951004        ', NULL, NULL, NULL, 1, 1, 1, 1),
	(200, NULL, 'ALMAFUERTE                    ', 'AV.LIBERTAD 939 - VILLA NUEVA           ', 1097, '0261-4261219        ', NULL, NULL, NULL, 1, 1, 1, 1),
	(201, NULL, 'CARMEN PONCE DE VIDELA        ', 'AV.DEL LIB.S/N PARQUE GRAL.SAN MARTIN   ', 1098, '02614233545         ', NULL, NULL, NULL, 1, 1, 1, 1),
	(202, NULL, 'VICENTE GIL                   ', 'LA GLORIA 1742                          ', 1099, '0                   ', NULL, NULL, NULL, 1, 1, 1, 1),
	(203, NULL, 'DANIEL VIDELA CORREAS         ', 'PASO DE LOS ANDES Y M.A SAEZ            ', 1100, '0261-4201017        ', NULL, NULL, NULL, 1, 1, 1, 1),
	(204, NULL, 'CMTE.JOSE ANTONIO SALAS       ', 'BELGRANO 113                            ', 1101, '02627-427966        ', NULL, NULL, NULL, 1, 1, 1, 1),
	(205, NULL, 'ENTRE RIOS                    ', 'LA MARZOLINA 242                        ', 1102, '02625-423369        ', NULL, NULL, NULL, 1, 1, 1, 1),
	(206, NULL, 'MARTIN SALVARREDI             ', 'RUTA PROV.50 S/N                        ', 1103, '                    ', NULL, NULL, NULL, 1, 1, 1, 1),
	(207, NULL, 'LEOPOLDO LUGONES              ', 'BUENOS VECINOS S/N°                     ', 1104, '0261-4911060        ', NULL, NULL, NULL, 1, 1, 1, 1),
	(208, NULL, 'LINDOR CASTILLO               ', 'IRIARTE S/N                             ', 1105, '0                   ', NULL, NULL, NULL, 1, 1, 1, 1),
	(209, NULL, 'DR.JUAN AGUSTIN MAZA          ', 'MARTINEZ DE ROSAS 1457                  ', 1106, '0261-4255236        ', NULL, NULL, NULL, 1, 1, 1, 1),
	(210, NULL, 'GENOVEVA VILLANUEVA           ', 'OZAN S/N                                ', 1107, '0                   ', NULL, NULL, NULL, 1, 1, 1, 1),
	(211, NULL, 'DR.JULIO LEMOS                ', 'SARRATEA 747                            ', 1108, '0261-4271807        ', NULL, NULL, NULL, 1, 1, 1, 1),
	(212, NULL, 'JUAN MARTINEZ DE ROSAS        ', 'ALMIRANTE BROWN 1355                    ', 1109, '0261-4242205        ', NULL, NULL, NULL, 1, 1, 1, 1),
	(213, NULL, 'MANUEL LAINEZ                 ', 'LUZURIAGA 260                           ', 1110, '0261-4284304        ', NULL, NULL, NULL, 1, 1, 1, 1),
	(214, NULL, 'LINO HUDSON                   ', 'CARRIL ZAPATA S/N                       ', 1111, '02623155674797      ', NULL, NULL, NULL, 1, 1, 1, 1),
	(215, NULL, 'CHACABUCO                     ', 'RAMON FERRER 607                        ', 1112, '0261-4912575        ', NULL, NULL, NULL, 1, 1, 1, 1),
	(216, NULL, 'JOSE A.BOLAÑOS                ', 'ALVEAR Y BREYER                         ', 1113, '02623-424325        ', NULL, NULL, NULL, 1, 1, 1, 1),
	(217, NULL, 'FRANCISCO E.CALLE             ', 'RUTA  NAC. 60                           ', 1114, '0261-156528619      ', NULL, NULL, NULL, 1, 1, 1, 1),
	(218, NULL, 'REPUBLICA ARGENTINA           ', 'LOS SAUCES S/N                          ', 1115, '                    ', NULL, NULL, NULL, 1, 1, 1, 1),
	(219, NULL, 'DR.TOMAS GODOY CRUZ           ', 'SALTA 1050                              ', 1116, '0261-4221044        ', NULL, NULL, NULL, 1, 1, 1, 1),
	(220, NULL, 'JUAN DE DIOS CORREAS          ', 'CORDOBA S/N°                            ', 1117, '02625-491188        ', NULL, NULL, NULL, 1, 1, 1, 1),
	(221, NULL, 'PRIMERA JUNTA                 ', 'LAUREANO GALIGNIANA 480                 ', 1118, '02626-421164        ', NULL, NULL, NULL, 1, 1, 1, 1),
	(222, NULL, 'EJERCITO DE LOS ANDES         ', 'LOS SAUCES S/N° Y P.DE LOS ANDES        ', 1119, '02622-15525653      ', NULL, NULL, NULL, 1, 1, 1, 1),
	(223, NULL, 'JOSE RUDECINDO PONCE          ', 'OLASCOAGA 487                           ', 1120, '0261-4453705        ', NULL, NULL, NULL, 1, 1, 1, 1),
	(224, NULL, 'CABILDO ABIERTO               ', 'MAZA 6303                               ', 1121, '0261-4990401        ', NULL, NULL, NULL, 1, 1, 1, 1),
	(225, NULL, 'BENJAMIN MATIENZO             ', 'GARIBALDI 239                           ', 1122, '0                   ', NULL, NULL, NULL, 1, 1, 1, 1),
	(226, NULL, 'PATRICIAS MENDOCINAS          ', 'GUTIERREZ 338                           ', 1123, '0261-4250269        ', NULL, NULL, NULL, 1, 1, 1, 1),
	(227, NULL, 'SANTOS BIRITOS                ', 'PONONTREHUA LOTE 17 S/N                 ', 1124, '                    ', NULL, NULL, NULL, 1, 1, 1, 1),
	(228, NULL, 'MERCEDES MAURE                ', 'RUTA PROV. 160 (COLONIA COLOMER)        ', 1125, '                    ', NULL, NULL, NULL, 1, 1, 1, 1),
	(229, NULL, 'CNEL.CASIMIRO RECUERO         ', 'RECUERO S/N                             ', 1126, '0                   ', NULL, NULL, NULL, 1, 1, 1, 1),
	(230, NULL, 'ELIAS VILLANUEVA              ', 'QUIROGA S/N RUTA NAC. 40                ', 1127, '0261-4304478        ', NULL, NULL, NULL, 1, 1, 1, 1),
	(231, NULL, 'SEBASTIAN SAMPER              ', 'CALLE G Y 10                            ', 1128, '02625-15665378      ', NULL, NULL, NULL, 1, 1, 1, 1),
	(232, NULL, 'COMBATE DE POTRERILLOS        ', 'LAS HERAS S/N                           ', 1129, '02624-420014        ', NULL, NULL, NULL, 1, 1, 1, 1),
	(233, NULL, 'CARMEN Z DE CORVALAN          ', 'TIRASSO 4215                            ', 1130, '02627-425453        ', NULL, NULL, NULL, 1, 1, 1, 1),
	(234, NULL, 'ANTONIO EPIFANIO DIAZ         ', 'OLASCOAGA 780                           ', 1131, '02627-421816        ', NULL, NULL, NULL, 1, 1, 1, 1),
	(235, NULL, 'FELIX SALVATIERRA             ', 'GRAL. ACHA Y SAN MARTIN                 ', 1132, '02623-15665662      ', NULL, NULL, NULL, 1, 1, 1, 1),
	(236, NULL, 'MARTIN PALERO                 ', 'LA PLATA 492 ESQ LA RIOJA               ', 1133, '02627-428350        ', NULL, NULL, NULL, 1, 1, 1, 1),
	(237, NULL, 'TRIUNVIRATO                   ', 'JUSTO JOSE URQUIZA S/N                  ', 1134, '02627-492078        ', NULL, NULL, NULL, 1, 1, 1, 1),
	(238, NULL, 'MAXIMILIANO LEIVA             ', 'CALLE 4 S/N EL JUNCALITO                ', 1136, '02625-422189        ', NULL, NULL, NULL, 1, 1, 1, 1),
	(239, NULL, 'JUAN PALMA                    ', 'EL TOLEDANO Y ORTUBIA                   ', 1137, '02627-435696        ', NULL, NULL, NULL, 1, 1, 1, 1),
	(240, NULL, 'SATURNINO DE LA RETA          ', 'TEODORO SHESTAKOW Y BELTRAN             ', 1138, '02627-15663410      ', NULL, NULL, NULL, 1, 1, 1, 1),
	(241, NULL, 'CASEROS                       ', 'FLORENCIO SANCHEZ Y AZCUENAGA           ', 1139, '0261-4221595        ', NULL, NULL, NULL, 1, 1, 1, 1),
	(242, NULL, 'MAESTRO LUIS RAIMUNDO PONCE   ', 'CALLE G Y 7                             ', 1140, '                    ', NULL, NULL, NULL, 1, 1, 1, 1),
	(243, NULL, 'VICTORIA AGUIRRE              ', 'RUTA INTERNACIONAL NRO 7 KM. 3          ', 1141, '0                   ', NULL, NULL, NULL, 1, 1, 1, 1),
	(244, NULL, 'CESAR JOSE MUSSE              ', 'LA REDUCCION S/N                        ', 1142, '02623-443004        ', NULL, NULL, NULL, 1, 1, 1, 1),
	(245, NULL, 'PEDRO PASCUAL SEGURA          ', 'SARMIENTO 253                           ', 1143, '                    ', NULL, NULL, NULL, 1, 1, 1, 1),
	(246, NULL, 'HIPOLITO YRIGOYEN             ', 'AV.ESPAÑA 2812                          ', 1144, '0261-4305681        ', NULL, NULL, NULL, 1, 1, 1, 1),
	(247, NULL, 'EMILIO JOFRE                  ', 'SERPA Y MORENO                          ', 1145, '0261-4980621        ', NULL, NULL, NULL, 1, 1, 1, 1),
	(248, NULL, 'CARLOS L LAGOMAGGIORE         ', 'RUTA NACIONAL 143 SUR                   ', 1146, '02625-425215        ', NULL, NULL, NULL, 1, 1, 1, 1),
	(249, NULL, 'ADOLFO TULA                   ', 'SIXTO VIDELA 231                        ', 1147, '02622-470329        ', NULL, NULL, NULL, 1, 1, 1, 1),
	(250, NULL, 'PROVINCIA DE SALTA            ', 'ROPPOLO 6826                            ', 1148, '0261-4264071        ', NULL, NULL, NULL, 1, 1, 1, 1),
	(251, NULL, 'DR. ABRAHAM LEMOS             ', 'SEVERO DEL CASTILLO S/N°                ', 1149, '0261-4820896        ', NULL, NULL, NULL, 1, 1, 1, 1),
	(252, NULL, 'SILVANO RODRIGUEZ DIAZ        ', 'RUTA 20 S/N°                            ', 1150, '0261-4821024        ', NULL, NULL, NULL, 1, 1, 1, 1),
	(253, NULL, 'TENIENTE GENERAL RAFAEL  AGUIR', 'RUTA PROV. 50  S/N                      ', 1151, '0261-4911556        ', NULL, NULL, NULL, 1, 1, 1, 1),
	(254, NULL, 'ORFELINA MERCEDES ACOSTA      ', 'ALMIRANTE BROWN 5708 EL SAUCE           ', 1152, '0261-4371151        ', NULL, NULL, NULL, 1, 1, 1, 1),
	(255, NULL, 'PROVINCIA DE TUCUMAN          ', 'BOLIVIA Y MEJICO S/N°                   ', 1153, '0261-4361841        ', NULL, NULL, NULL, 1, 1, 1, 1),
	(256, NULL, 'GENERAL E. MOSCONI            ', 'LAS HERAS 8287                          ', 1154, '0261-4400452        ', NULL, NULL, NULL, 1, 1, 1, 1),
	(257, NULL, 'ING.JUAN B.MARCHIONATTO       ', 'ALMIRANTE BROWN 2079                    ', 1155, '0261-4964170        ', NULL, NULL, NULL, 1, 1, 1, 1),
	(258, NULL, 'YACIMIENTOS P. FISCALES       ', 'ARAOZ Y TERRADA S/N°                    ', 1156, '0261-4964490        ', NULL, NULL, NULL, 1, 1, 1, 1),
	(259, NULL, 'JUAN BAUTISTA AZOPARDO        ', 'COBOS Y FUNES - AGRELO                  ', 1157, '155607814           ', NULL, NULL, NULL, 1, 1, 1, 1),
	(260, NULL, 'GENERAL ESPEJO                ', 'SAN MARTIN S/N  RUTA 15                 ', 1158, '0261-4900067        ', NULL, NULL, NULL, 1, 1, 1, 1),
	(261, NULL, 'BENITO JUAREZ                 ', 'COBO S/N                                ', 1159, '0                   ', NULL, NULL, NULL, 1, 1, 1, 1),
	(262, NULL, 'DR.JONAS EDWARD SALK          ', 'CALLE VILLEGAS S/N - LA CHIMBA          ', 1160, '                    ', NULL, NULL, NULL, 1, 1, 1, 1),
	(263, NULL, 'PATRIA                        ', 'C.MONTECASEROS S/N                      ', 1161, '0261 154672223      ', NULL, NULL, NULL, 1, 1, 1, 1),
	(264, NULL, 'FLORENTINO AMEGHINO           ', 'VARIANTE RUTA PROV. 50  S/N             ', 1162, '02623-15664171      ', NULL, NULL, NULL, 1, 1, 1, 1),
	(265, NULL, '2 DE ABRIL                    ', 'CARRIL NORTE S/N                        ', 1163, '02623-426598        ', NULL, NULL, NULL, 1, 1, 1, 1),
	(266, NULL, 'JOSE MARIA BERNAL             ', 'MITRE S/N                               ', 1164, '                    ', NULL, NULL, NULL, 1, 1, 1, 1),
	(267, NULL, 'NEUQUEN                       ', 'COSTA CANAL MATRIZ S/N                  ', 1165, '02623-15664094      ', NULL, NULL, NULL, 1, 1, 1, 1),
	(268, NULL, 'VALLE DE LAS BARRANCAS        ', 'EL ALTO S/N°                            ', 1166, '0261-156528488      ', NULL, NULL, NULL, 1, 1, 1, 1),
	(269, NULL, 'CAPITAN DE NAVIO JUAN E. CANEP', 'MITRE Y BELGRANO                        ', 1167, '0261-4951496        ', NULL, NULL, NULL, 1, 1, 1, 1),
	(270, NULL, 'FERNANDO SIMON                ', 'RUFINO LAYERA S/N                       ', 1168, '02623-463055        ', NULL, NULL, NULL, 1, 1, 1, 1),
	(271, NULL, 'EMILIO BARRERA                ', 'RUTA NAC. 60 Y LA COSTA                 ', 1169, '02623-499900        ', NULL, NULL, NULL, 1, 1, 1, 1),
	(272, NULL, 'DOMINGO ANTONIO BARRERA       ', 'P.MORENO Y PUEYRREDON                   ', 1170, '                    ', NULL, NULL, NULL, 1, 1, 1, 1),
	(273, NULL, 'FUERZA AEREA ARGENTINA        ', 'SAN MARTIN 6383                         ', 1171, '061-4489256         ', NULL, NULL, NULL, 1, 1, 1, 1),
	(274, NULL, 'MAESTRO CIRO ALBERTO MOLINA   ', 'PRINGLES Y 3 DE FEBRERO                 ', 1172, '0261-4487421        ', NULL, NULL, NULL, 1, 1, 1, 1),
	(275, NULL, 'PROVINCIA DE SAN JUAN         ', 'PASO HONDO 1320 - EL ALGARROBAL         ', 1173, '0261-4510902        ', NULL, NULL, NULL, 1, 1, 1, 1),
	(276, NULL, 'EDUCADORES LOYOLA             ', 'BERNARDINO RIVADAVIA 275                ', 1174, '02623155009186      ', NULL, NULL, NULL, 1, 1, 1, 1),
	(277, NULL, 'CATAMARCA                     ', 'BELGRANO S/N                            ', 1175, '02623-443216        ', NULL, NULL, NULL, 1, 1, 1, 1),
	(278, NULL, 'ALAS ARGENTINAS               ', 'CARRIL  RETAMO S/N -                    ', 1176, '02623-444477        ', NULL, NULL, NULL, 1, 1, 1, 1),
	(279, NULL, 'CHUBUT                        ', 'CIRCUNV.NORTE 450                       ', 1177, '02623-155657025     ', NULL, NULL, NULL, 1, 1, 1, 1),
	(280, NULL, 'FRANCISCO JAVIER MOYANO       ', 'CARRIL MOYANO Y MOLINO VIEJO            ', 1178, '02623-15404885      ', NULL, NULL, NULL, 1, 1, 1, 1),
	(281, NULL, 'BAUTISTA GERONIMO GARGANTINI  ', 'FLORIDA S/N°                            ', 1179, '02623-15540722      ', NULL, NULL, NULL, 1, 1, 1, 1),
	(282, NULL, 'FRAGATA LIBERTAD              ', 'SAN JUAN S/N°                           ', 1180, '02623-482132        ', NULL, NULL, NULL, 1, 1, 1, 1),
	(283, NULL, 'JUANA DE JESUS AGUIRRE DE QUIR', 'B. MITRE S/N                            ', 1181, '0                   ', NULL, NULL, NULL, 1, 1, 1, 1),
	(284, NULL, 'VIRGEN DEL ROSARIO            ', 'RUTA PROV.36  S/N                       ', 1182, '0261-4256915        ', NULL, NULL, NULL, 1, 1, 1, 1),
	(285, NULL, 'CORREO ARGENTINO              ', 'COLON 128                               ', 1183, '0                   ', NULL, NULL, NULL, 1, 1, 1, 1),
	(286, NULL, 'MAESTRO JOSE D. FERNANDEZ     ', 'RUTA NAC. 143 Y LINEA ANCHA             ', 1184, '0                   ', NULL, NULL, NULL, 1, 1, 1, 1),
	(287, NULL, 'PROFESOR MANUEL JOSE ZAPATA   ', 'INDENPENDENCIA 747                      ', 1185, '02627-423962        ', NULL, NULL, NULL, 1, 1, 1, 1),
	(288, NULL, 'DR.JUAN BENJAMIN TERAN        ', 'EJERCITO DE LOS ANDES S/N°              ', 1186, '02627-441251        ', NULL, NULL, NULL, 1, 1, 1, 1),
	(289, NULL, 'EMILIO TURQUI                 ', 'PONONTREHUA S/N                         ', 1187, '0627-493026         ', NULL, NULL, NULL, 1, 1, 1, 1),
	(290, NULL, 'ANGELINO ARENAS RAFFO         ', 'LAVALLE 382                             ', 1188, '0                   ', NULL, NULL, NULL, 1, 1, 1, 1),
	(291, NULL, 'ANTONIO OLIVARES              ', 'VIEJA RUTA NAC. 40 S/N                  ', 1189, '0                   ', NULL, NULL, NULL, 1, 1, 1, 1),
	(292, NULL, 'MAESTROS ARGENTINOS           ', 'RUTA NAC. 40                            ', 1190, '4311859-154160566   ', NULL, NULL, NULL, 1, 1, 1, 1),
	(293, NULL, 'JULIO LEONIDAS AGUIRRE        ', 'LAS TIPAS S/N                           ', 1191, '0261-4271715        ', NULL, NULL, NULL, 1, 1, 1, 1),
	(294, NULL, 'DANIEL BARREDA                ', 'G.VERA S/N°                             ', 1192, '02623-15671041      ', NULL, NULL, NULL, 1, 1, 1, 1),
	(295, NULL, 'JUAN BAUTISTA SILVA           ', 'FINCA TOSSO S/N                         ', 1193, '0                   ', NULL, NULL, NULL, 1, 1, 1, 1),
	(296, NULL, 'CESAR PALACIO                 ', 'TROPERO SOSA 2735                       ', 1194, '4813946             ', NULL, NULL, NULL, 1, 1, 1, 1),
	(297, NULL, 'PATRICIO SGUAZZINI            ', 'ADMINISTRACION S/N                      ', 1195, '              0     ', NULL, NULL, NULL, 1, 1, 1, 1),
	(298, NULL, 'IGNACIO ALVAREZ               ', 'FERNANDO CALDERON S/N                   ', 1196, '02622-490063        ', NULL, NULL, NULL, 1, 1, 1, 1),
	(299, NULL, 'DR.VENTURA GALLEGOS           ', 'RUTA PROV. 92                           ', 1197, '02622-424756        ', NULL, NULL, NULL, 1, 1, 1, 1),
	(300, NULL, 'VICENTE ORTIZ                 ', 'VIEJA  RUTA NAC. 40                     ', 1198, '02622-15670296      ', NULL, NULL, NULL, 1, 1, 1, 1),
	(301, NULL, 'FRANCISCO ARIAS               ', 'RUTA PROV. 24 S/N                       ', 1199, '0261-4907016        ', NULL, NULL, NULL, 1, 1, 1, 1),
	(302, NULL, 'PEDRO NOLASCO ORTIZ           ', 'SAN JUAN Y SAN PEDRO S/N°               ', 1200, '0261-4820899        ', NULL, NULL, NULL, 1, 1, 1, 1),
	(303, NULL, 'JOSE M.MOLINA                 ', 'RETAMO S/N                              ', 1201, '                    ', NULL, NULL, NULL, 1, 1, 1, 1),
	(304, NULL, 'MARTIN ZAPATA                 ', 'RUTA NACIONAL 143 CAÑADA SECA           ', 1202, '0                   ', NULL, NULL, NULL, 1, 1, 1, 1),
	(305, NULL, 'JUAN CORNELIO MOYANO          ', 'JUAN MARTINEZ Y M.T. DE SAN MARTIN      ', 1203, '0261-4972733        ', NULL, NULL, NULL, 1, 1, 1, 1),
	(306, NULL, 'RAMON ARRIETA                 ', 'CARRIL CORTADERA S/N                    ', 1204, '02623-15666093      ', NULL, NULL, NULL, 1, 1, 1, 1),
	(307, NULL, 'RICARDO ALFREDO DAY           ', 'MARTIN GARCIA S/N                       ', 1205, '02623-444444        ', NULL, NULL, NULL, 1, 1, 1, 1),
	(308, NULL, 'DR.PEDRO SERPES               ', 'CORIA ESQ.CARRIL CENTRO                 ', 1206, '02623-424660        ', NULL, NULL, NULL, 1, 1, 1, 1),
	(309, NULL, 'MANUEL ANTONIO SAEZ           ', 'COMANDANTE SALAS 859                    ', 1207, '02627-421268        ', NULL, NULL, NULL, 1, 1, 1, 1),
	(310, NULL, 'LISANDRO AGUIRRE              ', 'PADRE VERA 525                          ', 1208, '0261-4975012        ', NULL, NULL, NULL, 1, 1, 1, 1),
	(311, NULL, 'REPUBLICA DE MEJICO           ', 'DIQUE CIPOLLETTI                        ', 1209, '0                   ', NULL, NULL, NULL, 1, 1, 1, 1),
	(312, NULL, 'CORONEL JOSE FELIX BOGADO     ', 'CELESTINO ARGUMEDO S/N°                 ', 1210, '0261-4820925        ', NULL, NULL, NULL, 1, 1, 1, 1),
	(313, NULL, 'CARLOS MARIA DE ALVEAR        ', 'ROCA 279                                ', 1211, '02625-424331        ', NULL, NULL, NULL, 1, 1, 1, 1),
	(314, NULL, 'ANTONIO ZINNY                 ', 'PASO DE LOS ANDES 319                   ', 1212, '                    ', NULL, NULL, NULL, 1, 1, 1, 1),
	(315, NULL, 'CAP.LUIS C. CANDELARIA        ', 'SAN ESTEBAN Y LAVALLE                   ', 1213, '0261-156523683      ', NULL, NULL, NULL, 1, 1, 1, 1),
	(316, NULL, 'GRAL.NICOLAS PLANTAMURA       ', 'FINCA EL ARROZ - CARRIL LOS ALAMOS S/N° ', 1214, '0261-156509126      ', NULL, NULL, NULL, 1, 1, 1, 1),
	(317, NULL, 'NICOLAS AVELLANEDA            ', 'JUAN XXIII 467                          ', 1216, '0261-4985431        ', NULL, NULL, NULL, 1, 1, 1, 1),
	(318, NULL, 'VICENTE VARGAS VIDELA         ', 'BRANDSEN Y COBOS - PERDRIEL             ', 1217, '0                   ', NULL, NULL, NULL, 1, 1, 1, 1),
	(319, NULL, 'LUIS ARGENTINO PIAGGIO        ', 'NUEVA GIL S/N                           ', 1218, '02623-15401242      ', NULL, NULL, NULL, 1, 1, 1, 1),
	(320, NULL, 'MAESTRO VICTOR PAEZ MONZON    ', 'EL MORO Y LOS INQUILINOS                ', 1219, '02627-15663498      ', NULL, NULL, NULL, 1, 1, 1, 1),
	(321, NULL, 'MISIONES                      ', 'PELTIER 191                             ', 1220, '0261-4390553        ', NULL, NULL, NULL, 1, 1, 1, 1),
	(322, NULL, 'MAESTRO TEOFILO QUIROGA       ', 'LOS MAITENES S/N° LAS PAREDES           ', 1221, '02627-427372        ', NULL, NULL, NULL, 1, 1, 1, 1),
	(323, NULL, 'ADELA NIETO OJEDA DE POBLET   ', 'EL VENCEDOR S/N° (LA PLAZOLETA)         ', 1222, '02627-431720        ', NULL, NULL, NULL, 1, 1, 1, 1),
	(324, NULL, 'GENDARMENRIA NACIONAL         ', 'RUTA NACIONAL 143 COLONIA LOPEZ         ', 1223, '02627-15665390      ', NULL, NULL, NULL, 1, 1, 1, 1),
	(325, NULL, 'LOS ANDES                     ', 'RUTA NAC 143 Y JENSEN                   ', 1224, '0                   ', NULL, NULL, NULL, 1, 1, 1, 1),
	(326, NULL, 'RIO BAMBA                     ', 'LOS TRES PUENTES Y BENAVIDES J          ', 1225, '02625-422434        ', NULL, NULL, NULL, 1, 1, 1, 1),
	(327, NULL, 'SANTA CRUZ                    ', 'RUTA PRONINCIAL 156 Y L. PAGOLA         ', 1226, '02627-15663765      ', NULL, NULL, NULL, 1, 1, 1, 1),
	(328, NULL, 'DR.ADOLFO CALLE               ', 'SULLIVAN S/N                            ', 1227, '02623-15662360      ', NULL, NULL, NULL, 1, 1, 1, 1),
	(329, NULL, 'MATEA SERPA                   ', 'VIEJA RUTA NAC. 40                      ', 1228, '02622-422624        ', NULL, NULL, NULL, 1, 1, 1, 1),
	(330, NULL, 'ESPAÑA                        ', 'CARRIL SAN PEDRO S/N                    ', 1229, '                    ', NULL, NULL, NULL, 1, 1, 1, 1),
	(331, NULL, 'FRANCISCO JAVIER MORALES      ', 'BENIGNO AGUIRRE S/N°                    ', 1230, '02622-15670286      ', NULL, NULL, NULL, 1, 1, 1, 1),
	(332, NULL, 'DAVID ORTIZ                   ', 'CALLE 16                                ', 1231, '02625-425702        ', NULL, NULL, NULL, 1, 1, 1, 1),
	(333, NULL, 'CNEL.MANUEL JOSE OLASCOAGA    ', 'PERU 680                                ', 1232, '0261-4303885        ', NULL, NULL, NULL, 1, 1, 1, 1),
	(334, NULL, 'JUAN M.ESPADA                 ', 'RUTA 63                                 ', 1233, '02623155211664      ', NULL, NULL, NULL, 1, 1, 1, 1),
	(335, NULL, 'DR.RAFAEL GUEVARA             ', 'BALBINO ARIZU S/N°  LA GUEVARINA        ', 1234, '02627-429331        ', NULL, NULL, NULL, 1, 1, 1, 1),
	(336, NULL, 'ESTEBAN ECHEVERRIA            ', 'SAN MARTIN S/N                          ', 1235, '02622-15529888      ', NULL, NULL, NULL, 1, 1, 1, 1),
	(337, NULL, 'MARIA E. ARDUINO DE DEVOTO    ', 'SAN MARTIN S/N°                         ', 1236, '02625-493002        ', NULL, NULL, NULL, 1, 1, 1, 1),
	(338, NULL, 'PERIODISTAS ARGENTINOS        ', 'BARASCHIN 97                            ', 1237, '4880003             ', NULL, NULL, NULL, 1, 1, 1, 1),
	(339, NULL, 'PAULA A. DE SARMIENTO         ', 'P. SAN JULIAN Y GUEVARA                 ', 1238, '0261-4985441        ', NULL, NULL, NULL, 1, 1, 1, 1),
	(340, NULL, 'EJERCITO ARGENTINO            ', 'SANTA MARIA S/N                         ', 1239, '0261-4979498        ', NULL, NULL, NULL, 1, 1, 1, 1),
	(341, NULL, 'BELISARIO ROLDAN              ', 'RUTA PROVINCIAL 202   LOS SIFONES       ', 1240, '                    ', NULL, NULL, NULL, 1, 1, 1, 1),
	(342, NULL, 'SUIPACHA                      ', 'CALLE BLANCH S/N°  COLONIA SOITIUE      ', 1241, '02627-15663775      ', NULL, NULL, NULL, 1, 1, 1, 1),
	(343, NULL, 'ERNESTO RAMIREZ               ', 'CALLE 19 S/N                            ', 1242, '02625-480062        ', NULL, NULL, NULL, 1, 1, 1, 1),
	(344, NULL, 'LUCIO CICCHITI                ', 'JOAQUIN V. GONZALEZ 429                 ', 1243, '0261-4311556        ', NULL, NULL, NULL, 1, 1, 1, 1),
	(345, NULL, 'JOAQUIN V GONZALEZ            ', 'CALLE 7 S/N LA CALIFORNIA               ', 1244, '02625-422599        ', NULL, NULL, NULL, 1, 1, 1, 1),
	(346, NULL, 'MANUEL LEMOS                  ', 'CALLE M Y 16                            ', 1245, '0                   ', NULL, NULL, NULL, 1, 1, 1, 1),
	(347, NULL, 'GRAL ANGEL PACHECO            ', 'RUTA NACIONAL 143 SUR Y CALLE L         ', 1246, '0                   ', NULL, NULL, NULL, 1, 1, 1, 1),
	(348, NULL, 'ALMTE.GUILLERMO BROWN         ', 'LUCENA Y FERNANDEZ                      ', 1247, '                    ', NULL, NULL, NULL, 1, 1, 1, 1),
	(349, NULL, 'ANTONIO RUIZ (FALUCHO)        ', 'RUTA PROV. 50                           ', 1248, '0                   ', NULL, NULL, NULL, 1, 1, 1, 1),
	(350, NULL, 'CLEMENTE MANCHADO             ', 'ESTANISLAO SALAS S/N                    ', 1249, '02627-431360        ', NULL, NULL, NULL, 1, 1, 1, 1),
	(351, NULL, 'MIGUEL DE AZCUENAGA           ', 'CALLE G S/N                             ', 1250, '02625-15666709      ', NULL, NULL, NULL, 1, 1, 1, 1),
	(352, NULL, 'PTE.MARCELO T.DE ALVEAR       ', 'CARRIL BARRIALES S/N                    ', 1251, '02623-461111        ', NULL, NULL, NULL, 1, 1, 1, 1),
	(353, NULL, 'ALVAREZ CONDARCO              ', 'LOTE 94                                 ', 1252, '                    ', NULL, NULL, NULL, 1, 1, 1, 1),
	(354, NULL, 'DOMINGO D\'ANGELO              ', 'LA FLORIDA S/N°                         ', 1253, '02623-15569747      ', NULL, NULL, NULL, 1, 1, 1, 1),
	(355, NULL, 'PROF.TOMAS SILVESTRE          ', '6 DE SETIEMBRE S/N                      ', 1254, '0                   ', NULL, NULL, NULL, 1, 1, 1, 1),
	(356, NULL, 'REPUBLICA DEL PARAGUAY        ', 'CALLE JIMENEZ S/N (COLONIA GELMAN)      ', 1255, '0                   ', NULL, NULL, NULL, 1, 1, 1, 1),
	(357, NULL, 'REPUBLICA DE CHILE            ', 'AV.LOS FRESNOS S/N                      ', 1256, '0261-4232187        ', NULL, NULL, NULL, 1, 1, 1, 1),
	(358, NULL, 'MIGUEL ESCORIHUELA GASCON     ', 'CIRCUNVALACION S/N -                    ', 1257, '02623-444993        ', NULL, NULL, NULL, 1, 1, 1, 1),
	(359, NULL, 'TORIBIO LUZURIAGA             ', 'RUTA NACIONAL 143  LOS TABLEROS         ', 1258, '0                   ', NULL, NULL, NULL, 1, 1, 1, 1),
	(360, NULL, 'DR.CARLOS N.VERGARA           ', 'MARTINEZ DE ROSAS 2220                  ', 1259, '0261-4232100        ', NULL, NULL, NULL, 1, 1, 1, 1),
	(361, NULL, 'SALVADOR B.RETA               ', 'MARTINEZ S/N                            ', 1260, '02623-15523282      ', NULL, NULL, NULL, 1, 1, 1, 1),
	(362, NULL, 'JUAN CRUZ VARELA              ', 'RUTA NAC. 40                            ', 1261, '1555576910          ', NULL, NULL, NULL, 1, 1, 1, 1),
	(363, NULL, 'ALFREDO RODOLFO BUFANO        ', 'JULIO SILVA 848                         ', 1262, '02627-15662752      ', NULL, NULL, NULL, 1, 1, 1, 1),
	(364, NULL, 'LOS INMIGRANTES               ', 'CALLE K COMPUERTAS NEGRAS               ', 1263, '02625-15665384      ', NULL, NULL, NULL, 1, 1, 1, 1),
	(365, NULL, 'PEDRO JOSE VIDELA             ', 'RUTA PROV. 16                           ', 1264, '                    ', NULL, NULL, NULL, 1, 1, 1, 1),
	(366, NULL, 'JUAN IGNACIO MORON            ', 'GRAL.ACHA S/N                           ', 1265, 'NO POSEE            ', NULL, NULL, NULL, 1, 1, 1, 1),
	(367, NULL, 'JOSEFA CORREAS                ', 'LAS MERCEDES S/N  EL USILLAL            ', 1266, '02627-427291        ', NULL, NULL, NULL, 1, 1, 1, 1),
	(368, NULL, 'FLORENTINO AMEGHINO           ', 'AVENIDA DE MAYO S/N                     ', 1267, '02627-15671353      ', NULL, NULL, NULL, 1, 1, 1, 1),
	(369, NULL, 'JOSE PEDRO VARELA             ', 'NECOCHEA S/N EL PEDREGAL                ', 1268, '0261-156509158      ', NULL, NULL, NULL, 1, 1, 1, 1),
	(370, NULL, 'OSVALDO MAGNASCO              ', 'LA CORREINA  Y CORVALAN                 ', 1269, '0                   ', NULL, NULL, NULL, 1, 1, 1, 1),
	(371, NULL, 'RODOLFO ISELIN                ', 'COMANDANTE SALAS Y ALSINA               ', 1270, '02627-421556        ', NULL, NULL, NULL, 1, 1, 1, 1),
	(372, NULL, 'PEDRO GOYENA                  ', 'SARMIENTO 351  SALTO DE LAS ROSAS       ', 1271, '0                   ', NULL, NULL, NULL, 1, 1, 1, 1),
	(373, NULL, 'DOMINGO BOMBAL                ', 'LAVALLE 502                             ', 1272, '0261-4252644        ', NULL, NULL, NULL, 1, 1, 1, 1),
	(374, NULL, 'IGNACIO FERMIN RODRIGUEZ      ', 'RUTA PROV. 92                           ', 1273, '                    ', NULL, NULL, NULL, 1, 1, 1, 1),
	(375, NULL, 'REMEDIOS E.DE SAN MARTIN      ', 'NICOLAS SERPA 4377 - PEDREGAL           ', 1274, '0261-154184935      ', NULL, NULL, NULL, 1, 1, 1, 1),
	(376, NULL, 'JOSE MANUEL ESTRADA           ', 'LAS HERAS 1717                          ', 1275, '0261-4454991        ', NULL, NULL, NULL, 1, 1, 1, 1),
	(377, NULL, 'DR. CARLOS CHAGAS             ', '9 DE JULIO S/N                          ', 1276, '02623-15663831      ', NULL, NULL, NULL, 1, 1, 1, 1),
	(378, NULL, 'DEAN GREGORIO FUNES           ', 'CALLE C Y 19                            ', 1277, '02625-15665388      ', NULL, NULL, NULL, 1, 1, 1, 1),
	(379, NULL, 'DOMINGO F SARMIENTO           ', 'JULIO A ROCA 343                        ', 1278, '0261-4234368        ', NULL, NULL, NULL, 1, 1, 1, 1),
	(380, NULL, 'FRAY BENITO LAMAS             ', 'ROCA 5117 - BUENA NUEVA                 ', 1279, '0261-4215826        ', NULL, NULL, NULL, 1, 1, 1, 1),
	(381, NULL, 'BERNARDO QUIROGA              ', 'LAS HERAS 391                           ', 1280, '02622-451084        ', NULL, NULL, NULL, 1, 1, 1, 1),
	(382, NULL, 'SIMON CHAVEZ                  ', 'DORREGO S/N                             ', 1281, '            156     ', NULL, NULL, NULL, 1, 1, 1, 1),
	(383, NULL, 'FRANCISCO J. MOYANO           ', 'SAN RAMON S/N - BORBOLLON               ', 1282, '0261-156527924      ', NULL, NULL, NULL, 1, 1, 1, 1),
	(384, NULL, 'JOSE ALBERTO DE OZAMIS        ', 'SAN MARTIN 548                          ', 1283, '0261-4972232        ', NULL, NULL, NULL, 1, 1, 1, 1),
	(385, NULL, 'JUAN GUALBERTO GODOY          ', 'VILLEGAS  S/N   A 800M DE CERECETO      ', 1284, '0                   ', NULL, NULL, NULL, 1, 1, 1, 1),
	(386, NULL, 'JUAN DE GARAY                 ', 'RUTA PROV.154  COLONIA ESPAÑOLA         ', 1285, '0                   ', NULL, NULL, NULL, 1, 1, 1, 1),
	(387, NULL, 'DARDO ROCHA                   ', 'CALLE 22 ENTRE G Y F                    ', 1286, '02625-480371        ', NULL, NULL, NULL, 1, 1, 1, 1),
	(388, NULL, 'JACINTO ARIZU                 ', 'EL PIQUILLIN VILLA ATUEL                ', 1287, '0                   ', NULL, NULL, NULL, 1, 1, 1, 1),
	(389, NULL, 'RIO DIAMANTE                  ', 'ESTANCIA LOS AMIGOS GOUDGE              ', 1288, '0                   ', NULL, NULL, NULL, 1, 1, 1, 1),
	(390, NULL, 'VIRGINIA CORREA               ', 'EL CARMEN S/N                           ', 1289, '0                   ', NULL, NULL, NULL, 1, 1, 1, 1),
	(391, NULL, 'CONSTANCIO C VIGIL            ', 'LAVALLE Y FLEMING                       ', 1290, '02625-422904        ', NULL, NULL, NULL, 1, 1, 1, 1),
	(392, NULL, 'JOSE VILLANUEVA               ', 'SAN JUAN BOSCO 180                      ', 1291, '02627-422662        ', NULL, NULL, NULL, 1, 1, 1, 1),
	(393, NULL, 'LEY 2476                      ', 'CARRIL COSTA CANAL KM 8                 ', 1292, '155099863           ', NULL, NULL, NULL, 1, 1, 1, 1),
	(394, NULL, 'GABRIELA MISTRAL              ', 'FERNANDO MANUEL CALDERON S/N            ', 1293, '02622-424454        ', NULL, NULL, NULL, 1, 1, 1, 1),
	(395, NULL, 'JULIAN CORREAS                ', 'CALLE 3 LA MATERRINA                    ', 1294, '0                   ', NULL, NULL, NULL, 1, 1, 1, 1),
	(396, NULL, 'BENITO LYNCH                  ', 'RUTA NACI. 143    - PASO DE LAS CARRETAS', 1295, '02622-15670298      ', NULL, NULL, NULL, 1, 1, 1, 1),
	(397, NULL, 'MAESTRO JUAN MANUEL GAMBOA    ', 'RUTA NAC 143   SANTA TERESA             ', 1296, '02627-15588729      ', NULL, NULL, NULL, 1, 1, 1, 1),
	(398, NULL, 'DANIEL BUSTELO                ', 'RUTA PROV. 146   COLONIA ELENA          ', 1297, '                    ', NULL, NULL, NULL, 1, 1, 1, 1),
	(399, NULL, 'JOSE HERNANDEZ                ', 'CALLE PARDO S/N                         ', 1298, '02623-424874        ', NULL, NULL, NULL, 1, 1, 1, 1),
	(400, NULL, 'FUERTE NUEVO                  ', 'CALLE C Y 14 EL CEIBO                   ', 1299, '02625-15664451      ', NULL, NULL, NULL, 1, 1, 1, 1),
	(401, NULL, 'ROSA ARENAS DE MOYANO         ', 'CALLE CNEL VIDELA Y RUTA NAC. 40        ', 1300, '02622-424099        ', NULL, NULL, NULL, 1, 1, 1, 1),
	(402, NULL, 'COMODORO PEDRO ZANNI          ', 'RUTA PROV. 50    LA COSTA               ', 1301, '02623-497021        ', NULL, NULL, NULL, 1, 1, 1, 1),
	(403, NULL, 'RAFAEL MAULEON CASTILLO       ', 'CALLE GUTIERREZ                         ', 1302, '02627-427361        ', NULL, NULL, NULL, 1, 1, 1, 1),
	(404, NULL, 'EUGENIO PETRI                 ', 'LAVALLE S/N                             ', 1303, '02623-421372        ', NULL, NULL, NULL, 1, 1, 1, 1),
	(405, NULL, 'LUIS BALDINI                  ', 'RUTA PROV.15  Y RUTA 40                 ', 1304, '0261-4991076        ', NULL, NULL, NULL, 1, 1, 1, 1),
	(406, NULL, 'MONSEÑOR JOSE GODOY           ', 'ANTIGUA RUTA NAC. 143  PALERMO CHICO    ', 1305, '                    ', NULL, NULL, NULL, 1, 1, 1, 1),
	(407, NULL, 'JOSE BRUNO MORON              ', 'GUAYMARE Y TAPALQUE                     ', 1306, '0261-4910778        ', NULL, NULL, NULL, 1, 1, 1, 1),
	(408, NULL, 'PRESIDENTE SANTIAGO DERQUI    ', 'BELGRANO Y M.ESTHER                     ', 1307, '              0     ', NULL, NULL, NULL, 1, 1, 1, 1),
	(409, NULL, 'POLICIA FEDERAL ARGENTINA     ', 'RUTA PROVINCIAL 24                      ', 1308, '02623-15666965      ', NULL, NULL, NULL, 1, 1, 1, 1),
	(410, NULL, 'ARMADA ARGENTINA              ', 'F. CANTONI S/N°                         ', 1309, '02627-154403322     ', NULL, NULL, NULL, 1, 1, 1, 1),
	(411, NULL, 'SOTERO ARIZU                  ', 'RUTA PROV. 143  EL NEVADO               ', 1310, '0                   ', NULL, NULL, NULL, 1, 1, 1, 1),
	(412, NULL, 'MIGUEL CANE                   ', 'CALLE G Y 13 LOS COMPARTOS              ', 1311, '0                   ', NULL, NULL, NULL, 1, 1, 1, 1),
	(413, NULL, 'BEATRIZ FALCITELLI            ', 'AMEGHINO 445                            ', 1313, '0261-4303023        ', NULL, NULL, NULL, 1, 1, 1, 1),
	(414, NULL, 'FRAY J.SANTA MARIA DE ORO     ', 'LAVALLE 422                             ', 1314, '02623-422188        ', NULL, NULL, NULL, 1, 1, 1, 1),
	(415, NULL, 'ISAAC ESPINOLA                ', 'LA PAMPA Y MAZA                         ', 1315, '02627-422649        ', NULL, NULL, NULL, 1, 1, 1, 1),
	(416, NULL, 'EDMUNDO DE AMICIS             ', 'JORGE A CALLE 297                       ', 1316, '0261-4231350        ', NULL, NULL, NULL, 1, 1, 1, 1),
	(417, NULL, 'REPUBLICA DE VENEZUELA        ', 'CALLE EL CARMEN S/N                     ', 1317, '02623-15666095      ', NULL, NULL, NULL, 1, 1, 1, 1),
	(418, NULL, 'REPUBLICA DEL ECUADOR         ', 'RUTA PROV. 50 S/N                       ', 1318, '0261-4921194        ', NULL, NULL, NULL, 1, 1, 1, 1),
	(419, NULL, 'ALAS ARGENTINAS               ', 'DIAGONAL JORGE SIMON S/N                ', 1319, '02625-424438        ', NULL, NULL, NULL, 1, 1, 1, 1),
	(420, NULL, 'CRISTOBAL COLON               ', 'ALBORADA S/N- POTRERILLOS               ', 1320, '02624-481031        ', NULL, NULL, NULL, 1, 1, 1, 1),
	(421, NULL, 'BALBINO ARIZU                 ', 'BALBINO ARIZU 250                       ', 1321, '0                   ', NULL, NULL, NULL, 1, 1, 1, 1),
	(422, NULL, 'JUAN EUGENIO SERU             ', 'JOSE GUTIERREZ Y BORDIN                 ', 1322, '0261-4978432        ', NULL, NULL, NULL, 1, 1, 1, 1),
	(423, NULL, 'NORBERTO PIÑERO               ', 'RUTA 20 Y S.MARTIN S/N                  ', 1323, '0261-156509172      ', NULL, NULL, NULL, 1, 1, 1, 1),
	(424, NULL, 'PEDRO JULIAN ORTIZ            ', 'OLASCOAGA 1380                          ', 1324, '02627-430295        ', NULL, NULL, NULL, 1, 1, 1, 1),
	(425, NULL, 'GRAL MANUEL CORVALAN SOTOMAYOR', 'ALBERDI Y ESPINOLA                      ', 1325, '02627-434885        ', NULL, NULL, NULL, 1, 1, 1, 1),
	(426, NULL, 'BERNARDO DE IRIGOYEN          ', 'CALLE22 Y RUTA PROVINCIAL 210           ', 1326, '0                   ', NULL, NULL, NULL, 1, 1, 1, 1),
	(427, NULL, 'DRA.ELVIRA R.DE DELLEPIANE    ', 'SALTA Y AYACUCHO                        ', 1327, '0261-4453915        ', NULL, NULL, NULL, 1, 1, 1, 1),
	(428, NULL, 'JOSE S.ALVAREZ                ', 'VIDELA ARANDA S/N                       ', 1328, '0261-156528487      ', NULL, NULL, NULL, 1, 1, 1, 1),
	(429, NULL, 'OLEGARIO VICTOR ANDRADE       ', 'DORREGO 324                             ', 1329, '02627-422829        ', NULL, NULL, NULL, 1, 1, 1, 1),
	(430, NULL, 'PASCUAL TOSO                  ', 'CARRIL BARRANCAS S/N EL JUME            ', 1330, '                    ', NULL, NULL, NULL, 1, 1, 1, 1),
	(431, NULL, 'VICENTE FIDEL LOPEZ           ', 'SANTAMARINA S/N                         ', 1331, '02623-15660085      ', NULL, NULL, NULL, 1, 1, 1, 1),
	(432, NULL, 'CNEL. JUAN ESTEBAN RODRIGUEZ  ', 'TROPERO SOSA S/N                        ', 1333, '02623-15529274      ', NULL, NULL, NULL, 1, 1, 1, 1),
	(433, NULL, 'JUAN BAUTISTA AMBROSETTI      ', 'RUTA NAC 143  LOS CLAVELES              ', 1334, '0                   ', NULL, NULL, NULL, 1, 1, 1, 1),
	(434, NULL, 'JAVIER M DE ROSAS             ', 'C.PUEBLA S/N SAN ESTEBAN                ', 1335, '0                   ', NULL, NULL, NULL, 1, 1, 1, 1),
	(435, NULL, 'SEVERO MORENO                 ', 'RUTA 50 (EX.7) KM. 934                  ', 1336, '0                   ', NULL, NULL, NULL, 1, 1, 1, 1),
	(436, NULL, 'JUAN FRANCISCO COBO           ', 'GORRITI Y CAYETANO SILVA                ', 1337, '0261-4270069        ', NULL, NULL, NULL, 1, 1, 1, 1),
	(437, NULL, 'MIGUEL DE UNAMUNO             ', 'SGTO.CABRAL S/N - COLONIA JARA          ', 1338, '0261-155753685      ', NULL, NULL, NULL, 1, 1, 1, 1),
	(438, NULL, 'REPUBLICA DE COLOMBIA         ', 'CARRIL BARRIALES S/N                    ', 1339, '02623-463728        ', NULL, NULL, NULL, 1, 1, 1, 1),
	(439, NULL, 'INGENIERO GUSTAVO ANDRE       ', 'QUIROGA S/N                             ', 1340, '02623-15666096      ', NULL, NULL, NULL, 1, 1, 1, 1),
	(440, NULL, 'DR.LUIS DELLEPIANE            ', 'BIFANI S/N  EL VENCEDOR                 ', 1341, '02627-435891        ', NULL, NULL, NULL, 1, 1, 1, 1),
	(441, NULL, 'HORACIO MANN                  ', 'MOLINARI S/N                            ', 1342, '0                   ', NULL, NULL, NULL, 1, 1, 1, 1),
	(442, NULL, 'FRANCISCO MIRANDA             ', 'SATURNINO CASTRO S/N                    ', 1343, '0                   ', NULL, NULL, NULL, 1, 1, 1, 1),
	(443, NULL, 'CARLOS OCTAVIO BUNGE          ', 'CALLE VIEJA S/N EL ESCORIAL             ', 1344, '0                   ', NULL, NULL, NULL, 1, 1, 1, 1),
	(444, NULL, 'MARTINIANO LEGUIZAMON         ', 'GALIGNIANA SEGURA S/N                   ', 1345, '0                   ', NULL, NULL, NULL, 1, 1, 1, 1),
	(445, NULL, 'DR.CARLOS SAAVEDRA LAMAS      ', 'C.LAVALLE S/N EL ÑANGO                  ', 1346, '                    ', NULL, NULL, NULL, 1, 1, 1, 1),
	(446, NULL, 'HERMANA SARA MOLINA           ', 'ARMADA ARGENTINA S/N                    ', 1347, '0261-4486006        ', NULL, NULL, NULL, 1, 1, 1, 1),
	(447, NULL, 'DR.MANUEL BERMEJO             ', 'DIQUE T.BENEGAS                         ', 1348, '                    ', NULL, NULL, NULL, 1, 1, 1, 1),
	(448, NULL, 'MAESTROS MENDOCINOS           ', 'CARRIL MONTENEGRO S/N°                  ', 1349, '02623-480700        ', NULL, NULL, NULL, 1, 1, 1, 1),
	(449, NULL, 'MAESTRO DAGOBERTO VEGA        ', 'LOS BAÑOS S/N                           ', 1350, '02622-15670225      ', NULL, NULL, NULL, 1, 1, 1, 1),
	(450, NULL, 'SAN JUAN BOSCO                ', 'RUTA PROV. 154 S/N  LA NORA             ', 1351, '0                   ', NULL, NULL, NULL, 1, 1, 1, 1),
	(451, NULL, 'GOBERNADOR GONZALEZ           ', 'COLON S/N                               ', 1352, '0261-4483348        ', NULL, NULL, NULL, 1, 1, 1, 1),
	(452, NULL, 'CLEMENTE SARMIENTO            ', 'LOS ANDES S/N                           ', 1353, '0                   ', NULL, NULL, NULL, 1, 1, 1, 1),
	(453, NULL, 'ALFREDO CHACON                ', 'VIEJA  RUTA NAC. 40 Y DR. METRAUX       ', 1354, '                    ', NULL, NULL, NULL, 1, 1, 1, 1),
	(454, NULL, 'MANUEL GALVEZ                 ', 'CADETES DE CHILE                        ', 1355, '0                   ', NULL, NULL, NULL, 1, 1, 1, 1),
	(455, NULL, 'VICTORIANO MONTES             ', 'SARMIENTO 840                           ', 1356, '0261-4520300        ', NULL, NULL, NULL, 1, 1, 1, 1),
	(456, NULL, 'HORTENSIO OJEDA               ', 'EDISON 746                              ', 1357, '02627-422137        ', NULL, NULL, NULL, 1, 1, 1, 1),
	(457, NULL, 'ISLAS MALVINAS                ', '25 DE MAYO Y O.ANDRADE                  ', 1358, '0261-4372973        ', NULL, NULL, NULL, 1, 1, 1, 1),
	(458, NULL, 'TTE. CNEL. FRANCISCO DE SALES ', 'CALLEJON PUBLICO CALISE                 ', 1359, '0                   ', NULL, NULL, NULL, 1, 1, 1, 1),
	(459, NULL, 'FLAVIO FERRARI                ', 'FELIX ARAUJO S/N                        ', 1360, '02614242105         ', NULL, NULL, NULL, 1, 1, 1, 1),
	(460, NULL, 'JOSE CARLETTO                 ', 'SAN MARTIN Y LESCANO S/N                ', 1362, '                    ', NULL, NULL, NULL, 1, 1, 1, 1),
	(461, NULL, 'DR.JOSE C. PALMA              ', 'LA CARRERA ESTANCIA LAS CUEVAS          ', 1364, '                    ', NULL, NULL, NULL, 1, 1, 1, 1),
	(462, NULL, 'EL CHACAY                     ', 'RUTA NAC. 40 NORTE                      ', 1367, '                    ', NULL, NULL, NULL, 1, 1, 1, 1),
	(463, NULL, 'PROF JOSE RAMON AMOROSO       ', 'SANTA ELENA Y LA FALDA  LOS CORONELES   ', 1368, '                    ', NULL, NULL, NULL, 1, 1, 1, 1),
	(464, NULL, 'MALVINAS ARGENTINAS           ', 'CLODOMIRO SILVA S/N                     ', 1369, '02622-15525114      ', NULL, NULL, NULL, 1, 1, 1, 1),
	(465, NULL, 'MAESTRO ALBERTO R. ACEVEDO    ', 'LA REDUCCION S/N.                       ', 1370, '                    ', NULL, NULL, NULL, 1, 1, 1, 1),
	(466, NULL, 'FRANCISCO CIVIT               ', 'CARRIL NORTE S/N                        ', 1371, '0                   ', NULL, NULL, NULL, 1, 1, 1, 1),
	(467, NULL, 'GAUCHOS DE GUEMES             ', 'CALLE 10 ESQ O                          ', 1372, '0                   ', NULL, NULL, NULL, 1, 1, 1, 1),
	(468, NULL, 'DR.BERNARDO MONTEAGUDO        ', 'RUTA NACIONAL N° 40                     ', 1373, '0261-4307970        ', NULL, NULL, NULL, 1, 1, 1, 1),
	(469, NULL, 'PETROLEROS DEL SUR            ', 'LA JUNTA S/N (RUTA PROV. 183)           ', 1374, '                    ', NULL, NULL, NULL, 1, 1, 1, 1),
	(470, NULL, 'JOSE PEDRONI                  ', 'GUIÑAZU S/N                             ', 1375, '                    ', NULL, NULL, NULL, 1, 1, 1, 1),
	(471, NULL, 'FELICIANO CHICLANA            ', 'CALLE VALDIVIESO S/N   LA LLAVE VIEJA   ', 1376, '0                   ', NULL, NULL, NULL, 1, 1, 1, 1),
	(472, NULL, 'PRILIDIANO PUEYRREDON         ', 'CALLE OLIVA S/N° COLONIA JAUREGUI       ', 1377, '                    ', NULL, NULL, NULL, 1, 1, 1, 1),
	(473, NULL, 'M.OSVALDO P .J.ARONE          ', 'RUTA PROV. 184 S/N   COLONIA SOITUE     ', 1378, '02627-15663772      ', NULL, NULL, NULL, 1, 1, 1, 1),
	(474, NULL, 'HILDA CELESTE AMBROSINI       ', 'LARGA VIEJA CENTRO 9 Y 10  ATUEL NORTE  ', 1379, '02627-15675114      ', NULL, NULL, NULL, 1, 1, 1, 1),
	(475, NULL, 'CLOTILDE GUILLEN DE REZZANO   ', 'GUIÑAZU S/N°                            ', 1380, '0                   ', NULL, NULL, NULL, 1, 1, 1, 1),
	(476, NULL, 'SALVADOR GIUFFRIDA            ', 'CALLE O Y 13 KM 884                     ', 1381, '02625-15665369      ', NULL, NULL, NULL, 1, 1, 1, 1),
	(477, NULL, 'GUILLERMO CANO                ', 'GODOY CRUZ 660                          ', 1385, '0261-4454654        ', NULL, NULL, NULL, 1, 1, 1, 1),
	(478, NULL, 'JERONIMO F.REZZOAGLI          ', 'LOS OTOYANES E ISAAC ESTRELLA           ', 1386, '02623-445296        ', NULL, NULL, NULL, 1, 1, 1, 1),
	(479, NULL, 'MANUEL LEMOS                  ', '3 DE FEBRERO S/N°                       ', 1387, '02622- 470391       ', NULL, NULL, NULL, 1, 1, 1, 1),
	(480, NULL, 'ARISTOBULO DEL VALLE          ', 'CALLE J                                 ', 1389, '02625-15665389      ', NULL, NULL, NULL, 1, 1, 1, 1),
	(481, NULL, 'EJERCITO LIBERTADOR           ', 'RUTA INTERNACIONAL 7                    ', 1390, '02624-420435        ', NULL, NULL, NULL, 1, 1, 1, 1),
	(482, NULL, 'DR. ANTONIO BERMEJO           ', 'CASTRO S/N° VILUCO CHILECITO            ', 1391, '02622-493224        ', NULL, NULL, NULL, 1, 1, 1, 1),
	(483, NULL, 'RAUL EUGENIO GOUBAT           ', ' QUILES Y ECUADOR LAS CHACRAS           ', 1392, '                    ', NULL, NULL, NULL, 1, 1, 1, 1),
	(484, NULL, 'JOSE MARMOL                   ', 'GUILLEN S/N  PUEBLO NUEVO               ', 1393, '                    ', NULL, NULL, NULL, 1, 1, 1, 1),
	(485, NULL, 'FUNDACION CASIANO RENTERIA    ', 'SOTERO ARIZU S/N LA VASCONIA            ', 1394, '0                   ', NULL, NULL, NULL, 1, 1, 1, 1),
	(486, NULL, 'PEDRO DE MENDOZA              ', 'RUTA PROV. 177  LOS CLAVELES            ', 1395, '02627-15586900      ', NULL, NULL, NULL, 1, 1, 1, 1),
	(487, NULL, 'CLODOMIRO GIMENEZ             ', 'CARRIL LOS ALAMOS                       ', 1396, '0261-156509532      ', NULL, NULL, NULL, 1, 1, 1, 1),
	(488, NULL, 'TOMAS THOMAS                  ', 'RUTA PROV. 50                           ', 1397, '02623-15664023      ', NULL, NULL, NULL, 1, 1, 1, 1),
	(489, NULL, 'REPUBLICA DEL BRASIL          ', 'LAS ARABIAS -  COLONIA RUSA             ', 1398, '02627-422214        ', NULL, NULL, NULL, 1, 1, 1, 1),
	(490, NULL, 'TIERRA DEL FUEGO              ', 'SARMIENTO S/N                           ', 1399, '0                   ', NULL, NULL, NULL, 1, 1, 1, 1),
	(491, NULL, 'BANDERA DE LOS ANDES          ', 'CALLE E Y 25                            ', 1400, '                    ', NULL, NULL, NULL, 1, 1, 1, 1),
	(492, NULL, 'REPUBLICA DE BOLIVIA          ', 'MITRE Y SARMIENTO                       ', 1401, '0                   ', NULL, NULL, NULL, 1, 1, 1, 1),
	(493, NULL, 'ENRIQUE TITTARELLI            ', 'FLORIDA S/N                             ', 1402, '                    ', NULL, NULL, NULL, 1, 1, 1, 1),
	(494, NULL, 'JUAN HIPOLITO VIEYTES         ', 'GALIGNIANA S/N                          ', 1403, '02623-445070        ', NULL, NULL, NULL, 1, 1, 1, 1),
	(495, NULL, 'MARGARITA ULLOA               ', 'ARGUMEDO Y R. ORTEGA                    ', 1405, '0261 4267844        ', NULL, NULL, NULL, 1, 1, 1, 1),
	(496, NULL, 'ELIDA C DE PESSANO            ', 'EL LIBERTADOR 2030                      ', 1406, '02627-423000        ', NULL, NULL, NULL, 1, 1, 1, 1),
	(497, NULL, 'JORGE ALBERTO CALLE           ', 'LAMADRID 1034                           ', 1407, '0261-4310243        ', NULL, NULL, NULL, 1, 1, 1, 1),
	(498, NULL, ' REPUBLICA DEL PERU           ', 'HUNGRIA 800                             ', 1408, '0261-4282029        ', NULL, NULL, NULL, 1, 1, 1, 1),
	(499, NULL, 'SANTIAGO APOSTOL              ', 'GROEZINGER S/N                          ', 1409, '02623-15670647      ', NULL, NULL, NULL, 1, 1, 1, 1),
	(500, NULL, 'ANDRES FERREYRA               ', 'ALLAYME 370 -                           ', 1410, '0261-4313400        ', NULL, NULL, NULL, 1, 1, 1, 1),
	(501, NULL, 'GENERAL TOMAS GUIDO           ', 'PARAJE LOS NOGALES                      ', 1411, '0                   ', NULL, NULL, NULL, 1, 1, 1, 1),
	(502, NULL, 'CORREO SALINAS                ', 'RUTA INTERNACIONAL 7 S/N - POLVAREDAS   ', 1412, '0                   ', NULL, NULL, NULL, 1, 1, 1, 1),
	(503, NULL, 'JUAN ENRIQUE PESTALOZZI       ', 'TABANERA S/N° - COLONIA MOLINA          ', 1413, '0                   ', NULL, NULL, NULL, 1, 1, 1, 1),
	(504, NULL, 'ANTONIO LUIS BERUTTI          ', 'CARRIL BARRANCAS S/N° (FINCA NAVARRO COR', 1414, '0261-156515603      ', NULL, NULL, NULL, 1, 1, 1, 1),
	(505, NULL, 'BARRANCAS DEL PARANA          ', 'CUBILLOS S/N  Y SANTA  ROSA             ', 1415, '0                   ', NULL, NULL, NULL, 1, 1, 1, 1),
	(506, NULL, 'MANUEL RUANO                  ', 'RUTA PROV. 92                           ', 1416, '02622-423480        ', NULL, NULL, NULL, 1, 1, 1, 1),
	(507, NULL, 'MONSEÑOR JOSE A. VERDAGUER    ', 'ALSINA Y ESPEJO S/N°                    ', 1418, '0261-4318200        ', NULL, NULL, NULL, 1, 1, 1, 1),
	(508, NULL, 'EMAUS                         ', 'CHUQUISACA Y ARIAS                      ', 1419, '0261-4220927        ', NULL, NULL, NULL, 1, 1, 1, 1),
	(509, NULL, 'RICARDO BAEZ                  ', 'DR. MORENO 2899                         ', 1420, '0261-4487023        ', NULL, NULL, NULL, 1, 1, 1, 1),
	(510, NULL, 'RCA.ORIENTAL DEL URUGUAY      ', 'CATAMARCA Y PEDRAZA                     ', 1421, '0261-4306442        ', NULL, NULL, NULL, 1, 1, 1, 1),
	(511, NULL, 'JUANA SEGURA                  ', 'CALLE PUBLICA S/N LOTEO 69              ', 1422, '                    ', NULL, NULL, NULL, 1, 1, 1, 1),
	(512, NULL, 'MTRO.ANGEL MAXIMO DURIGUTTI   ', 'LOS GUINDOS S/N°                        ', 1423, '02623-15663914      ', NULL, NULL, NULL, 1, 1, 1, 1),
	(513, NULL, 'JULIAN BARRAQUERO             ', 'FINCA ERRACHIDA                         ', 1424, '0                   ', NULL, NULL, NULL, 1, 1, 1, 1),
	(514, NULL, 'ING AUGUSTO ROSSEL            ', 'GENERAL SAVIO 25                        ', 1425, '02627-494018        ', NULL, NULL, NULL, 1, 1, 1, 1),
	(515, NULL, 'JOSE HERNANDEZ                ', 'JUAN B.JUSTO 290  Y ALEM                ', 1426, '02622-422067        ', NULL, NULL, NULL, 1, 1, 1, 1),
	(516, NULL, 'TOMAS PRISCO                  ', 'ESPEJO Y DEFENSA                        ', 1427, '02623421454         ', NULL, NULL, NULL, 1, 1, 1, 1),
	(517, NULL, 'SARGENTO BAIGORRIA            ', 'RUTA NAC. 40                            ', 1428, '02627-470364        ', NULL, NULL, NULL, 1, 1, 1, 1),
	(518, NULL, 'ANGEL FURLOTTI                ', 'FINCA FURLOTTI                          ', 1429, '02622-470132        ', NULL, NULL, NULL, 1, 1, 1, 1),
	(519, NULL, 'CAP.DE FRAG.CARLOS A NEGRI    ', 'RUTA INTERNACIONAL 7                    ', 1430, '0                   ', NULL, NULL, NULL, 1, 1, 1, 1),
	(520, NULL, 'CLOTILDE LANNE DE CIBERT      ', 'VIDELA S/N (EST.) LOS ARBOLES           ', 1431, '                    ', NULL, NULL, NULL, 1, 1, 1, 1),
	(521, NULL, 'PBRO.PEDRO PASCUAL OLGUIN     ', 'NUEVA GIL S/N                           ', 1432, '                    ', NULL, NULL, NULL, 1, 1, 1, 1),
	(522, NULL, 'CRUZ ROJA ARGENTINA           ', 'CALLE 19 Y O                            ', 1433, '                    ', NULL, NULL, NULL, 1, 1, 1, 1),
	(523, NULL, 'PRESIDENTE IRIGOYEN           ', 'CALLE PUBLICA S/N                       ', 1434, '02622-470132        ', NULL, NULL, NULL, 1, 1, 1, 1),
	(524, NULL, 'JOSE RONDEAU                  ', 'GOULU S/N. LA REMONTA.                  ', 1435, '                    ', NULL, NULL, NULL, 1, 1, 1, 1),
	(525, NULL, 'EMILIA HERRERA DE TORO        ', 'H.IRIGOYEN 388                          ', 1437, '02622-488142        ', NULL, NULL, NULL, 1, 1, 1, 1),
	(526, NULL, 'CAPITAN JOSE LEON LEMOS       ', 'COMANDANTE SALAS Y LLANCANELO           ', 1438, '02627-471046        ', NULL, NULL, NULL, 1, 1, 1, 1),
	(527, NULL, 'CAP.FRAGATA CARLOS M.MOYANO   ', 'IRIARTE S/N                             ', 1439, '0                   ', NULL, NULL, NULL, 1, 1, 1, 1),
	(528, NULL, 'FUERTE SAN RAFAEL             ', 'PARAJE DIQUE RINCON DEL INDIO           ', 1440, '02627-15663856      ', NULL, NULL, NULL, 1, 1, 1, 1),
	(529, NULL, 'CLOTILDE DEL VALLE DE UBEDA   ', 'VILLAR 320 Y LAMADRID                   ', 1441, '02623-15667623      ', NULL, NULL, NULL, 1, 1, 1, 1),
	(530, NULL, 'COLONIZADOR VICENTE LOPEZ     ', 'CONCEJAL PABLO ERASO S/N                ', 1442, '15675425            ', NULL, NULL, NULL, 1, 1, 1, 1),
	(531, NULL, 'TEODORO SCHESTAKOW            ', 'RUTA NAC 156  EL ALGARROBAL             ', 1444, '                    ', NULL, NULL, NULL, 1, 1, 1, 1),
	(532, NULL, 'JOSE VIDELA CASTILLO          ', 'CARRIL NORTE S/N                        ', 1445, '02623-15663839      ', NULL, NULL, NULL, 1, 1, 1, 1),
	(533, NULL, 'CUSTODIA ZULOAGA              ', 'LAMADRID 3350                           ', 1446, '0261-155655958      ', NULL, NULL, NULL, 1, 1, 1, 1),
	(534, NULL, 'PEDRO JULIAN BOMBAL           ', 'ADOLFO CALLE 6400                       ', 1447, '02627-436861        ', NULL, NULL, NULL, 1, 1, 1, 1),
	(535, NULL, 'MANUEL IGNACIO MOLINA         ', 'PARANA 344                              ', 1449, '0261-4454554        ', NULL, NULL, NULL, 1, 1, 1, 1),
	(536, NULL, 'ANA MARIA STEINDL             ', 'LUGONES S/N° FINCA DANTI                ', 1450, '02622-424431        ', NULL, NULL, NULL, 1, 1, 1, 1),
	(537, NULL, 'ALBERTO GINO MARIO GRECO      ', 'CAMINO A LAS MINA DE TALCO   SANTA CLARA', 1451, '0                   ', NULL, NULL, NULL, 1, 1, 1, 1),
	(538, NULL, 'JOAQUIN COSTA                 ', 'RUTA NACIONAL N° 142                    ', 1452, '02623-15666098      ', NULL, NULL, NULL, 1, 1, 1, 1),
	(539, NULL, 'SOBERANIA ARGENTINA           ', 'RUTA INTERNACIONAL NRO.7 - LAS          ', 1453, '0                   ', NULL, NULL, NULL, 1, 1, 1, 1),
	(540, NULL, 'JULIO ARGENTINO ROCA          ', 'FINCA AMANTEA - CARRIZAL DE AB          ', 1454, '0                   ', NULL, NULL, NULL, 1, 1, 1, 1),
	(541, NULL, 'LIBERTADOR DE LOS ANDES       ', 'JUAN JUFRE 3020                         ', 1455, '0261-4303681        ', NULL, NULL, NULL, 1, 1, 1, 1),
	(542, NULL, 'AGUSTIN ALVAREZ               ', 'R.GALLEGOS Y M.SASTRE                   ', 1456, '0261-4272663        ', NULL, NULL, NULL, 1, 1, 1, 1),
	(543, NULL, 'LEOPOLDO ZULOAGA              ', 'ADOLFO CALLE 321                        ', 1457, '0261-4978630        ', NULL, NULL, NULL, 1, 1, 1, 1),
	(544, NULL, 'LEGADO PASCUAL IACCARINI      ', 'CALLE CENTRAL S/N  EL USILLAL           ', 1458, '02627-15663850      ', NULL, NULL, NULL, 1, 1, 1, 1),
	(545, NULL, 'GUAYMARE (EX ALTE. BROWN)     ', 'ALLAYME Y MATHUS HOYOS                  ', 1459, '0261-4451623        ', NULL, NULL, NULL, 1, 1, 1, 1),
	(546, NULL, 'LIBERTAD                      ', 'RUTA PROV. 101 S/N                      ', 1460, '02622-493002        ', NULL, NULL, NULL, 1, 1, 1, 1),
	(547, NULL, 'RICARDO ROJAS                 ', 'JUAN JUFRE  3088                        ', 1461, '0261-4306837        ', NULL, NULL, NULL, 1, 1, 1, 1),
	(548, NULL, 'MARCOS SASTRE                 ', 'GARIBALDI 76                            ', 1462, '02623-461299        ', NULL, NULL, NULL, 1, 1, 1, 1),
	(549, NULL, 'JOSE MARTI                    ', 'JOAQUIN V.GONZALEZ 1522                 ', 1463, '0261-4315126        ', NULL, NULL, NULL, 1, 1, 1, 1),
	(550, NULL, 'PROVINCIA DE SAN LUIS         ', 'CALLE 25 ENTRE A Y B                    ', 1464, '02625-15571215      ', NULL, NULL, NULL, 1, 1, 1, 1),
	(551, NULL, 'DR.EDUARDO JENNER             ', 'FERRERO Y NACUCCI S/N                   ', 1465, '                    ', NULL, NULL, NULL, 1, 1, 1, 1),
	(552, NULL, '                              ', '                                        ', 1466, '              0     ', NULL, NULL, NULL, 1, 1, 1, 1),
	(553, NULL, 'GUILLERMO MARCONI             ', 'EL INGENIO S/N                          ', 1467, '0                   ', NULL, NULL, NULL, 1, 1, 1, 1),
	(554, NULL, 'TUPAC AMARU                   ', '                                        ', 1470, '                    ', NULL, NULL, NULL, 1, 1, 1, 1),
	(555, NULL, 'TITO O. LACIAR                ', 'SILVANO RODRIGUEZ Y ARAUJO              ', 1471, '0261-4261487        ', NULL, NULL, NULL, 1, 1, 1, 1),
	(556, NULL, 'SARGENTO CABRAL               ', 'RCA. DEL PERU 1820                      ', 1472, '261-4306017         ', NULL, NULL, NULL, 1, 1, 1, 1),
	(557, NULL, 'PIO XII                       ', 'FERNANDO FADER 83                       ', 1473, '0261-4303199        ', NULL, NULL, NULL, 1, 1, 1, 1),
	(558, NULL, 'REPUBLICA DE ITALIA           ', 'CABRERA Y SALGUERO                      ', 1474, '02623-15664029      ', NULL, NULL, NULL, 1, 1, 1, 1),
	(559, NULL, 'AMADOR BURGOS                 ', 'CIRCUNV S/N  CAPITAN MONTOYA            ', 1475, '0                   ', NULL, NULL, NULL, 1, 1, 1, 1),
	(560, NULL, 'MARIA LUISA DUHAGON           ', 'RUTA INTERNACIONAL 7                    ', 1476, '15562210            ', NULL, NULL, NULL, 1, 1, 1, 1),
	(561, NULL, 'JUAN AMOS COMENIO             ', 'EL BANDERON CARMENSA                    ', 1477, '0                   ', NULL, NULL, NULL, 1, 1, 1, 1),
	(562, NULL, 'HORTENSIA C.DE LEMOS          ', 'INDEPENDENCIA S/N°                      ', 1478, '0261-4241352        ', NULL, NULL, NULL, 1, 1, 1, 1),
	(563, NULL, 'ANTONIO TORRES                ', 'FRENCH  Y GODOY CRUZ                    ', 1479, '02622-422349        ', NULL, NULL, NULL, 1, 1, 1, 1),
	(564, NULL, 'SEGUNDO CORREAS               ', 'LA LEGUA S/N                            ', 1480, '02623-442137        ', NULL, NULL, NULL, 1, 1, 1, 1),
	(565, NULL, 'MANUEL DE OLAZABAL            ', '17 DE AGOSTO S/N.                       ', 1481, '02622-470403        ', NULL, NULL, NULL, 1, 1, 1, 1),
	(566, NULL, 'TOMAS ALVA EDISON             ', 'FADER 1890                              ', 1482, '0261-4261738        ', NULL, NULL, NULL, 1, 1, 1, 1),
	(567, NULL, 'AMADEO JACQUES                ', 'CERRO OVERO S/N°                        ', 1483, '0                   ', NULL, NULL, NULL, 1, 1, 1, 1),
	(568, NULL, 'FCO.DE PAULA DE CASTAÐEDA     ', 'RUTA NACIONAL 188                       ', 1484, '02625422040         ', NULL, NULL, NULL, 1, 1, 1, 1),
	(569, NULL, 'AVELINO MAURE                 ', 'VICENTE LOPEZ Y PLANES ESQ. DERQUI      ', 1485, '0261-4244119        ', NULL, NULL, NULL, 1, 1, 1, 1),
	(570, NULL, 'JOSE LORENZO GUIRALDES        ', 'RUTA NACIONAL 40 (NUEVA COLONIA)        ', 1486, '                    ', NULL, NULL, NULL, 1, 1, 1, 1),
	(571, NULL, 'SANTA ROSA DE LIMA            ', 'RUTA PROV. 50                           ', 1487, '0                   ', NULL, NULL, NULL, 1, 1, 1, 1),
	(572, NULL, 'JOSE FUCHS                    ', '04                                      ', 1488, '02623-15662951      ', NULL, NULL, NULL, 1, 1, 1, 1),
	(573, NULL, 'LEANDRO DELLA SANTA           ', 'MERCEDES RIVEROS DE LOPEZ.              ', 1489, '02623-495155        ', NULL, NULL, NULL, 1, 1, 1, 1),
	(574, NULL, 'JOSE S.LEON AGUILERA          ', 'CARRIL SAN PEDRO S/N                    ', 1490, '0                   ', NULL, NULL, NULL, 1, 1, 1, 1),
	(575, NULL, 'TERESA B.DE TITTARELLI        ', 'RUTA PROV.33 S/N                        ', 1491, '0261-156528484      ', NULL, NULL, NULL, 1, 1, 1, 1),
	(576, NULL, 'DELIA EULIARTE DE SALONIA     ', 'ALBERDI 431                             ', 1492, '02625-423268        ', NULL, NULL, NULL, 1, 1, 1, 1),
	(577, NULL, 'GENDARME ARGENTINO            ', 'JUAN A MAZA 1660                        ', 1494, '02627-15673262      ', NULL, NULL, NULL, 1, 1, 1, 1),
	(578, NULL, 'GRACIELA FERRER DE MORETTI    ', 'CARRIL EL CARMEN Y URQUIZA C.D          ', 1495, '02623-15663834      ', NULL, NULL, NULL, 1, 1, 1, 1),
	(579, NULL, 'CARLOS C.SEGURA               ', 'RUTA PROV. 50                           ', 1496, '                    ', NULL, NULL, NULL, 1, 1, 1, 1),
	(580, NULL, 'PROF.MANUEL ABEL DOMINGUEZ    ', 'RAMIREZ 200                             ', 1498, '0                   ', NULL, NULL, NULL, 1, 1, 1, 1),
	(581, NULL, 'TTE.DE AV.FELIX M. ORIGONE    ', 'PAUL HARRIS Y SGTO. CABRAL              ', 1499, '0261-4487615        ', NULL, NULL, NULL, 1, 1, 1, 1),
	(582, NULL, 'COMBATE DE PICHEUTA           ', 'COSTA CANAL MONTECASEROS S/N            ', 1500, '02623-15663758      ', NULL, NULL, NULL, 1, 1, 1, 1),
	(583, NULL, 'EJERCITO ARGENTINO            ', 'DIQUE VALLE DE UCO                      ', 1501, '0                   ', NULL, NULL, NULL, 1, 1, 1, 1),
	(584, NULL, 'MARIA I.ZARA DE GUIARD        ', 'SAN LORENZO Y DERQUI                    ', 1502, '02622-422665        ', NULL, NULL, NULL, 1, 1, 1, 1),
	(585, NULL, 'RIO TUNUYAN                   ', 'FINCA SAN PABLO                         ', 1503, '02622-422008        ', NULL, NULL, NULL, 1, 1, 1, 1),
	(586, NULL, 'PEDRO CHRISTOPHERSEN          ', '9 DE JULIO S/N CARMENSA                 ', 1504, '02625-493011        ', NULL, NULL, NULL, 1, 1, 1, 1),
	(587, NULL, 'MARIA D.HENRIQUEZ DE BUSTOS   ', 'AMAPOLA 124 ISLA RIO DIAMANTE           ', 1505, '                    ', NULL, NULL, NULL, 1, 1, 1, 1),
	(588, NULL, 'AMERICA                       ', 'QUINTANA S/N                            ', 1506, '-4256263            ', NULL, NULL, NULL, 1, 1, 1, 1),
	(589, NULL, 'MARTIN GIL                    ', 'CARRIL NORTE S/N                        ', 1507, '                    ', NULL, NULL, NULL, 1, 1, 1, 1),
	(590, NULL, 'VALENTIN VISTUER GIL          ', 'SAN MARTIN Y J.DOMINGO PERON            ', 1508, '02627-4480236       ', NULL, NULL, NULL, 1, 1, 1, 1),
	(591, NULL, 'CADETES DE AERONAUTICA        ', 'TACUARI 934                             ', 1509, '0261-4307926        ', NULL, NULL, NULL, 1, 1, 1, 1),
	(592, NULL, 'GUSTAVO  MARTINEZ  ZUVIRIA    ', 'AGUADO  Y MANSILLA                      ', 1510, '0261-4487480        ', NULL, NULL, NULL, 1, 1, 1, 1),
	(593, NULL, 'JOSE ANDRES DIAZ              ', 'GROSSO S/N                              ', 1512, '02623-15666967      ', NULL, NULL, NULL, 1, 1, 1, 1),
	(594, NULL, 'BAUTISTA GROSSO               ', 'PEDRO MOLINA Y BOLIVIA                  ', 1514, '0261-4262125        ', NULL, NULL, NULL, 1, 1, 1, 1),
	(595, NULL, 'LEONOR FERREYRA               ', 'COLON S/N°                              ', 1515, '02623-443928        ', NULL, NULL, NULL, 1, 1, 1, 1),
	(596, NULL, 'RESERVISTAS NAVALES           ', 'CARRIL SAN PEDRO S/N                    ', 1516, '02623-15663844      ', NULL, NULL, NULL, 1, 1, 1, 1),
	(597, NULL, 'LUIS A.CONTRERAS              ', 'FINCA VIÑAS DE AMERICA                  ', 1517, '                    ', NULL, NULL, NULL, 1, 1, 1, 1),
	(598, NULL, 'DOMINGO LUCAS BOMBAL          ', 'LA CARRERA S/N ANCON                    ', 1518, '068-470279          ', NULL, NULL, NULL, 1, 1, 1, 1),
	(599, NULL, 'MARIA CALI                    ', 'SAN JUAN S/N°                           ', 1519, '02623-15666481      ', NULL, NULL, NULL, 1, 1, 1, 1),
	(600, NULL, 'MARIA BASAURE DE MARTINEZ     ', 'CADETES CHILENOS 688                    ', 1520, '0261-4314152        ', NULL, NULL, NULL, 1, 1, 1, 1),
	(601, NULL, 'HERMENEGILDO HIDALGO          ', 'LA COSTA S/N                            ', 1521, '02622-15524601      ', NULL, NULL, NULL, 1, 1, 1, 1),
	(602, NULL, 'JUBAL POMPILIO BENAVIDES      ', 'LOS CHARABONES S/N                      ', 1522, '02623-15511553      ', NULL, NULL, NULL, 1, 1, 1, 1),
	(603, NULL, 'LUIS SEGUNDO CREMASCHI        ', 'RUTA 50 KM 965                          ', 1524, '0                   ', NULL, NULL, NULL, 1, 1, 1, 1),
	(604, NULL, 'RAMON ROSALES                 ', 'QUIROGA S/N                             ', 1525, '02623-15662012      ', NULL, NULL, NULL, 1, 1, 1, 1),
	(605, NULL, 'FERROCARRILES ARGENTINOS      ', 'JUAN AGUSTIN MAZA ESQ. 12 DE OCTUBRE    ', 1526, '02626421908         ', NULL, NULL, NULL, 1, 1, 1, 1),
	(606, NULL, 'BATALLA DE MAIPU              ', 'SALTA 200                               ', 1527, '02623-462600        ', NULL, NULL, NULL, 1, 1, 1, 1),
	(607, NULL, 'DR.RICARDO PALMA              ', 'ESTANCIA PALMA                          ', 1528, '0                   ', NULL, NULL, NULL, 1, 1, 1, 1),
	(608, NULL, 'ENRIQUE LARRETA               ', 'NUEVA GIL S/N     EL DIVISADERO         ', 1529, '02623-15665659      ', NULL, NULL, NULL, 1, 1, 1, 1),
	(609, NULL, 'AGUSTINA B.DE GRECO           ', 'GUILLERMO CANO S/N°                     ', 1530, '02623-15665909      ', NULL, NULL, NULL, 1, 1, 1, 1),
	(610, NULL, 'JUAN M DE PUEYRREDON          ', 'TUCUMAN S/N                             ', 1531, '0                   ', NULL, NULL, NULL, 1, 1, 1, 1),
	(611, NULL, 'PROF PEDRO SABELLA            ', 'LAS CHACRAS S/N                         ', 1532, '                    ', NULL, NULL, NULL, 1, 1, 1, 1),
	(612, NULL, 'PROCERES DE LA INDEPENDENCIA  ', 'SARMIENTO Y CORREA SAA                  ', 1533, '0261-4452214        ', NULL, NULL, NULL, 1, 1, 1, 1),
	(613, NULL, 'CMDTE. LUIS PIEDRABUENA       ', 'EL ALAMO S/N                            ', 1534, '02622-15526784      ', NULL, NULL, NULL, 1, 1, 1, 1),
	(614, NULL, 'FACUNDO QUIROGA               ', 'CARRIL CHIMBAS S/N                      ', 1535, '                    ', NULL, NULL, NULL, 1, 1, 1, 1),
	(615, NULL, 'FUERTE SAN CARLOS             ', 'EL RETIRO S/N                           ', 1536, '02622-15670226      ', NULL, NULL, NULL, 1, 1, 1, 1),
	(616, NULL, 'JUAN XXIII                    ', 'LA MARZOLINA S/N                        ', 1537, '02625-423279        ', NULL, NULL, NULL, 1, 1, 1, 1),
	(617, NULL, 'FRAY FRANCISCO INALICAN       ', 'SAN MARTIN 4605                         ', 1538, '0261-4960364        ', NULL, NULL, NULL, 1, 1, 1, 1),
	(618, NULL, 'DR. CARLOS W. LENCINAS        ', 'ANZORENA S/N                            ', 1539, '                    ', NULL, NULL, NULL, 1, 1, 1, 1),
	(619, NULL, 'GRANADEROS DE SAN MARTIN      ', 'ESTADOS UNIDOS 499                      ', 1540, '0261-4910727        ', NULL, NULL, NULL, 1, 1, 1, 1),
	(620, NULL, 'PEDRO MOLINA HENRIQUEZ        ', 'SARAVIA N_ 1500                         ', 1542, '0261-4452514        ', NULL, NULL, NULL, 1, 1, 1, 1),
	(621, NULL, 'JULIO CESAR RAFFO DE LA RETA  ', 'POTRERILLOS Y VILLAVICENCIO -           ', 1543, '0261-4444808        ', NULL, NULL, NULL, 1, 1, 1, 1),
	(622, NULL, 'DR.SEVERO GUTIERREZ DEL CASTIL', 'JUNCAL Y MONTES DE OCA                  ', 1544, '0261-4273402        ', NULL, NULL, NULL, 1, 1, 1, 1),
	(623, NULL, 'JOSE MIGUEL PEREZ             ', 'FINCA YAMIN HNOS.                       ', 1545, '02623-4290076       ', NULL, NULL, NULL, 1, 1, 1, 1),
	(624, NULL, 'JUAN GARCIA DEL RIO           ', 'FINCA REINA RUTTINI  EL ZAMPALITO       ', 1546, '-15670278           ', NULL, NULL, NULL, 1, 1, 1, 1),
	(625, NULL, 'GRAL.CARLOS E. O\'DONNELL      ', 'CALLE 5 Y 6                             ', 1547, '0261-4294253        ', NULL, NULL, NULL, 1, 1, 1, 1),
	(626, NULL, 'EUSEBIO BLANCO                ', 'COLOMBO S/N                             ', 1549, '02623-482291        ', NULL, NULL, NULL, 1, 1, 1, 1),
	(627, NULL, 'FRAGATA SARMIENTO             ', 'LAVALLE 1055                            ', 1550, '0261-4226823        ', NULL, NULL, NULL, 1, 1, 1, 1),
	(628, NULL, 'ANGEL VICENTE PEÑALOZA        ', 'ADOLFO CALLE Y RODRIGUEZ PEÑA S/N°      ', 1551, '0261-4260895        ', NULL, NULL, NULL, 1, 1, 1, 1),
	(629, NULL, 'BANDERA ARGENTINA             ', 'MONTES DE OCA 421                       ', 1552, '0261-4273303        ', NULL, NULL, NULL, 1, 1, 1, 1),
	(630, NULL, 'ING JULIO BALLOFFET           ', 'FINCA EL RINCON VALLE GRANDE R          ', 1553, '0                   ', NULL, NULL, NULL, 1, 1, 1, 1),
	(631, NULL, 'FAUSTO BURGOS                 ', 'LOS SAUCES Y BENTOS                     ', 1554, '                    ', NULL, NULL, NULL, 1, 1, 1, 1),
	(632, NULL, 'LUCILA BARRIONUEVO DE BOMBAL  ', 'ESTANCIA LORINE BOMBAL   LA CARRERA     ', 1555, '02622-155070627     ', NULL, NULL, NULL, 1, 1, 1, 1),
	(633, NULL, 'MIGUEL ANGEL RAMPONI          ', 'COLON Y CATAMARCA 2273                  ', 1556, '0261-4452179        ', NULL, NULL, NULL, 1, 1, 1, 1),
	(634, NULL, 'CERRO DE LA GLORIA            ', 'CALLE PRINCIPAL-300 MTS OESTE CERRO DE L', 1557, '0261-4442828        ', NULL, NULL, NULL, 1, 1, 1, 1),
	(635, NULL, 'RIO BLANCO                    ', 'AV.LOS CONDORES S/N                     ', 1558, '0261154169356       ', NULL, NULL, NULL, 1, 1, 1, 1),
	(636, NULL, 'MANUEL COROMINOLA             ', 'MOYANO 2685                             ', 1559, '0261-4470166        ', NULL, NULL, NULL, 1, 1, 1, 1),
	(637, NULL, 'DR.ANTONIO SCARAVELLI         ', 'RUTA PROV. 86                           ', 1560, '0                   ', NULL, NULL, NULL, 1, 1, 1, 1),
	(638, NULL, 'TARSILA ARIAS                 ', 'CARRIL CENTRO S/N                       ', 1562, '                    ', NULL, NULL, NULL, 1, 1, 1, 1),
	(639, NULL, 'EL ALAMO                      ', 'LAS VERTIENTES                          ', 1563, '0                   ', NULL, NULL, NULL, 1, 1, 1, 1),
	(640, NULL, 'JUAN GONZALEZ OZO             ', 'CALLE ESTANCIA SILVA S/N   OJO DEL AGUA ', 1564, '0261-155108314      ', NULL, NULL, NULL, 1, 1, 1, 1),
	(641, NULL, 'GRAL.PATROCINIO RECABARREN    ', 'LOS CEIBOS S/N                          ', 1565, '0261-4446607        ', NULL, NULL, NULL, 1, 1, 1, 1),
	(642, NULL, 'PATRICIOS                     ', 'DR.MORENO 3941                          ', 1566, '0261-4485454        ', NULL, NULL, NULL, 1, 1, 1, 1),
	(643, NULL, 'REPUBLICA ARABE SIRIA         ', 'REPUBLICA DE SIRIA 687                  ', 1567, '02627-426324        ', NULL, NULL, NULL, 1, 1, 1, 1),
	(644, NULL, 'CONRADO ATENCIO               ', 'GRAL SUCRE 1540                         ', 1568, '02627-436464        ', NULL, NULL, NULL, 1, 1, 1, 1),
	(645, NULL, 'JORGE GALIGNIANA              ', 'LAS ROSAS S/N                           ', 1569, '02623-15667882      ', NULL, NULL, NULL, 1, 1, 1, 1),
	(646, NULL, 'CNEL.MANUEL DORREGO           ', 'FINCA D.I.G.T.A.                        ', 1570, '155097443-/ 4931689 ', NULL, NULL, NULL, 1, 1, 1, 1),
	(647, NULL, 'DR. FELIPE ARANA              ', 'LUGONES 5832                            ', 1571, '0261-4215026        ', NULL, NULL, NULL, 1, 1, 1, 1),
	(648, NULL, 'HILARIO CUADROS               ', 'RUTA NAC. 40 NORTE                      ', 1572, ' 2623  15663833     ', NULL, NULL, NULL, 1, 1, 1, 1),
	(649, NULL, 'BASILIA VELASCO DE ROBERT     ', 'ACONCAGUA S/N                           ', 1573, '0261-4440050        ', NULL, NULL, NULL, 1, 1, 1, 1),
	(650, NULL, 'EMILIA M DE ARMANINI          ', 'CALLE 7 Y 8                             ', 1574, '0261-4445665        ', NULL, NULL, NULL, 1, 1, 1, 1),
	(651, NULL, 'JUSTO S. LOPEZ DE GOMARA      ', 'B. HOUSSAY Y P. VARGAS                  ', 1575, '0261-4262606        ', NULL, NULL, NULL, 1, 1, 1, 1),
	(652, NULL, 'GRAL.RUDESINDO ALVARADO       ', 'FINCA LA HINOJOSA                       ', 1576, '26221-5670914       ', NULL, NULL, NULL, 1, 1, 1, 1),
	(653, NULL, 'HUMBERTO BEGHIN               ', 'CARRIL ZAPATA                           ', 1577, '154177417           ', NULL, NULL, NULL, 1, 1, 1, 1),
	(654, NULL, 'RAMON CESAR NOVERO            ', 'COLONIA CANO - RUTA N° 40               ', 1578, '0261-156528472      ', NULL, NULL, NULL, 1, 1, 1, 1),
	(655, NULL, 'PETROLEROS ARGENTINOS         ', 'SUNCHALES S/N                           ', 1579, '0261-4270472        ', NULL, NULL, NULL, 1, 1, 1, 1),
	(656, NULL, 'DR.CARLOS PADIN               ', 'SANTIAGO DEL ESTERO Y GUTEMBERG         ', 1580, '0261-4283190        ', NULL, NULL, NULL, 1, 1, 1, 1),
	(657, NULL, 'MARTIN FIERRO                 ', 'COSTA CANAL MONTECASEROS KM.1           ', 1581, '02623-421324        ', NULL, NULL, NULL, 1, 1, 1, 1),
	(658, NULL, 'RIO MENDOZA                   ', 'NIHUIL S/N                              ', 1582, '02614446765         ', NULL, NULL, NULL, 1, 1, 1, 1),
	(659, NULL, 'MARIA ALCARAZ DE ALLEGRANZI   ', 'RUTA PANAMERICANA 7                     ', 1583, '                    ', NULL, NULL, NULL, 1, 1, 1, 1),
	(660, 50023, '1º DE MAYO                    ', 'ESTACION GUADALES MONTE COMAN           ', 1584, NULL, '2012-11-01', NULL, NULL, 1, 5, 1, 1),
	(661, NULL, '1º DE FEBRERO                 ', 'LOS LIRIOS 999                          ', 1585, '0261-4520677        ', NULL, NULL, NULL, 1, 1, 1, 1),
	(662, NULL, 'JOSE CARTELLONE               ', 'AVELLANEDA 3088                         ', 1586, '4263528             ', NULL, NULL, NULL, 1, 1, 1, 1),
	(663, NULL, 'BERTA GARCIA MORALES          ', 'ARAUJO 1881                             ', 1587, '0261-4214304        ', NULL, NULL, NULL, 1, 1, 1, 1),
	(664, NULL, 'ESCUADRON DE INFANTERIA MANUEL', 'RUTA PROV. 31 (LOS ALAMOS)              ', 1588, '0261-155638427      ', NULL, NULL, NULL, 1, 1, 1, 1),
	(665, NULL, 'DR.SANTIAGO LUIS MAYORGA      ', 'ESCUDERO S/N                            ', 1590, '0                   ', NULL, NULL, NULL, 1, 1, 1, 1),
	(666, NULL, 'LUIS MARIA DRAGO              ', 'JESUS DE NAZARET S/N COLONIA GOMEZ      ', 1591, '                    ', NULL, NULL, NULL, 1, 1, 1, 1),
	(667, NULL, 'VIRGEN DE LA CANDELARIA       ', 'CALLE LAS LAGRIMAS LA POLVOSA           ', 1592, '                    ', NULL, NULL, NULL, 1, 1, 1, 1),
	(668, NULL, 'FRANCISCO SORIANO             ', 'CALLE PUBLICA S/N (CASAS VIEJAS)        ', 1594, '02622-15670228      ', NULL, NULL, NULL, 1, 1, 1, 1),
	(669, NULL, 'PASO DE LOS ANDES             ', 'SANTIBAÐEZ S/N                          ', 1595, '                    ', NULL, NULL, NULL, 1, 1, 1, 1),
	(670, NULL, 'EMILIO CIVIT                  ', 'RAWSON S/N  LA TOMBINA                  ', 1596, '0                   ', NULL, NULL, NULL, 1, 1, 1, 1),
	(671, NULL, 'FEDERICO PALACIOS             ', 'LOS PARLAMENTOS                         ', 1598, '                    ', NULL, NULL, NULL, 1, 1, 1, 1),
	(672, NULL, 'TTE GRAL RUFINO ORTEGA        ', 'EMILIO CIVIT 234                        ', 1599, '02627-470740        ', NULL, NULL, NULL, 1, 1, 1, 1),
	(673, NULL, 'FRAY CAYETANO RODRIGUEZ       ', 'COSTA CANAL FLORES S/N°  FINCA CARTELLON', 1600, '0261-156530021      ', NULL, NULL, NULL, 1, 1, 1, 1),
	(674, NULL, 'DR. DIEGO PAROISSIEN          ', 'METRAUX  S/N                            ', 1601, '0261-4445145        ', NULL, NULL, NULL, 1, 1, 1, 1),
	(675, NULL, 'POLICIA DE MENDOZA            ', 'RUTA PROV. 31 (LOS ALAMOS)              ', 1602, '0261-156509530      ', NULL, NULL, NULL, 1, 1, 1, 1),
	(676, NULL, 'JORGE NEWBERY                 ', 'CALLE 6-10 Y 11                         ', 1603, '0261-4443522        ', NULL, NULL, NULL, 1, 1, 1, 1),
	(677, NULL, 'MATIAS ZAPIOLA                ', 'INDEPENDENCIA 274                       ', 1605, '02622-451060        ', NULL, NULL, NULL, 1, 1, 1, 1),
	(678, NULL, 'RIELES ARGENTINOS             ', 'EL TUCUMANO 3091                        ', 1607, '0261-4978080        ', NULL, NULL, NULL, 1, 1, 1, 1),
	(679, NULL, 'GRAL.BERNANDO O\'HIGGINS       ', 'BARILOCHE S/N                           ', 1608, '0261-4446608        ', NULL, NULL, NULL, 1, 1, 1, 1),
	(680, NULL, 'PERITO FRANCISCO MORENO       ', 'GUEVARA 244                             ', 1609, '0261-4983128        ', NULL, NULL, NULL, 1, 1, 1, 1),
	(681, NULL, 'VALLE DE GUANTATA             ', 'DEMOCRACIA S/N                          ', 1610, '0261-4306289        ', NULL, NULL, NULL, 1, 1, 1, 1),
	(682, NULL, 'ANTARTIDA ARGENTINA           ', 'OLASCOAGA S/N                           ', 1611, '0261-4931177        ', NULL, NULL, NULL, 1, 1, 1, 1),
	(683, NULL, 'SAN MARTIN DE PORRES          ', 'CARRIL SAN PEDRO                        ', 1612, '0261-156609066      ', NULL, NULL, NULL, 1, 1, 1, 1),
	(684, NULL, 'JUAN GIOL                     ', 'J. FERNANDEZ PELAEZ S/N°                ', 1614, '0261-4975553        ', NULL, NULL, NULL, 1, 1, 1, 1),
	(685, NULL, 'PROVINCIAS DE CUYO            ', 'TIERRA DEL FUEGO 8220                   ', 1615, '0261-4362720        ', NULL, NULL, NULL, 1, 1, 1, 1),
	(686, NULL, 'AMADO SAD                     ', 'PROLONGACION CALLE 3                    ', 1616, '                    ', NULL, NULL, NULL, 1, 1, 1, 1),
	(687, NULL, 'SAN GABRIEL                   ', 'CHIMBAS Y PUNILLA                       ', 1617, '0261-4221309        ', NULL, NULL, NULL, 1, 1, 1, 1),
	(688, NULL, 'GRAL MANUEL NICOLAS SAVIO     ', 'FCO. ALVAREZ Y FRAY L.BELTRAN           ', 1618, '02627-470444        ', NULL, NULL, NULL, 1, 1, 1, 1),
	(689, NULL, 'LIB. GRAL. JOSE DE SAN MARTIN ', 'RUFINO ORTEGA S/N                       ', 1619, '02627-434070        ', NULL, NULL, NULL, 1, 1, 1, 1),
	(690, NULL, 'CORONEL PEDRO REGALADO DE LA P', 'TERRADA Y SIETE COLORES                 ', 1620, '0261-4524211        ', NULL, NULL, NULL, 1, 1, 1, 1),
	(691, NULL, 'GRAL JULIO A ROCA             ', 'JOSE PAEZ 1555                          ', 1621, '02627-422455        ', NULL, NULL, NULL, 1, 1, 1, 1),
	(692, NULL, 'PADRE PEDRO ARCE              ', 'V.SARSFIELD Y PUERTO ARGENTINO          ', 1622, '0261-4361778        ', NULL, NULL, NULL, 1, 1, 1, 1),
	(693, NULL, 'MANUEL PACIFICO ANTEQUEDA     ', 'DERQUI Y HUNGRIA                        ', 1623, '0261-4282574        ', NULL, NULL, NULL, 1, 1, 1, 1),
	(694, NULL, 'FRAY LUIS BELTRAN             ', 'MATHEU 1830                             ', 1624, '0261-4521072        ', NULL, NULL, NULL, 1, 1, 1, 1),
	(695, NULL, 'RAFAEL SAN MARTINO            ', 'KM 12 CAMINO A ÑACUÑAN RUTA 1           ', 1625, '0                   ', NULL, NULL, NULL, 1, 1, 1, 1),
	(696, NULL, 'GILBERTO SUAREZ LAGO          ', 'REPUBLICA DE SIRIA 189                  ', 1626, '0261-4932292        ', NULL, NULL, NULL, 1, 1, 1, 1),
	(697, NULL, 'ESCUELA N° 1-627              ', 'OVEJERIA                                ', 1627, '0                   ', NULL, NULL, NULL, 1, 1, 1, 1),
	(698, NULL, 'LEONARDO DA VINCI             ', 'LAUTARO Y MONTES DE OCA                 ', 1628, '0261-4272267        ', NULL, NULL, NULL, 1, 1, 1, 1),
	(699, NULL, 'CARLOS PELLEGRINI             ', 'CABO SAN PIO Y TERRADA                  ', 1629, '0261-4521668        ', NULL, NULL, NULL, 1, 1, 1, 1),
	(700, NULL, 'FERNANDO FADER                ', 'CABO SAN PIO S/N                        ', 1630, '0261-4521667        ', NULL, NULL, NULL, 1, 1, 1, 1),
	(701, NULL, 'PROVINCIA DE LA PAMPA         ', 'JUJUY S/N°                              ', 1631, '0261-4975137        ', NULL, NULL, NULL, 1, 1, 1, 1),
	(702, NULL, 'MAESTRO ALBERTO DERANI        ', 'LA ARGENTINA 851                        ', 1632, '0623-24607          ', NULL, NULL, NULL, 1, 1, 1, 1),
	(703, NULL, 'CAPITAN DE FRAGATA PEDRO E. GI', 'EMILIO CONI S/N°                        ', 1633, '0261-4210036        ', NULL, NULL, NULL, 1, 1, 1, 1),
	(704, NULL, 'ISLA SOLEDAD                  ', 'RUTA NACIONAL 40                        ', 1634, '0261-4294866        ', NULL, NULL, NULL, 1, 1, 1, 1),
	(705, NULL, 'DR.RODOLFO COROMINAS SEGURA   ', '9 DE JULIO Y SAN FERNANDO               ', 1635, '0261-4521263        ', NULL, NULL, NULL, 1, 1, 1, 1),
	(706, NULL, 'DR.LEOPOLDO SUAREZ            ', 'LOS SAUCES S/N                          ', 1636, '0261-4487286        ', NULL, NULL, NULL, 1, 1, 1, 1),
	(707, NULL, 'ESCULTOR JUAN M.FERRARI       ', 'CALLE 12 S/N                            ', 1637, '0                   ', NULL, NULL, NULL, 1, 1, 1, 1),
	(708, NULL, 'UNIDAD LATINOAMERICANA        ', 'ECHEVERRIA 5732                         ', 1639, '0261-4266770        ', NULL, NULL, NULL, 1, 1, 1, 1),
	(709, NULL, 'REYES CATOLICOS               ', 'LAGO HERMOSO 1120                       ', 1640, '0261-4391517        ', NULL, NULL, NULL, 1, 1, 1, 1),
	(710, NULL, 'JUAN DE CORIA BOHORQUEZ       ', 'PERITO MORENO 2531                      ', 1641, '0261-4396973        ', NULL, NULL, NULL, 1, 1, 1, 1),
	(711, NULL, 'EL REMANSO                    ', 'EL REMANSO S/N°                         ', 1642, '0261-156534186      ', NULL, NULL, NULL, 1, 1, 1, 1),
	(712, NULL, 'LA PINTADA                    ', 'RUTA NAC. 144(CUESTA DE LOS TERNEROS)   ', 1643, '02627-432599        ', NULL, NULL, NULL, 1, 1, 1, 1),
	(713, NULL, 'DEMOCRACIA                    ', 'CARLOS GARDEL 120                       ', 1645, '0261-4975013        ', NULL, NULL, NULL, 1, 1, 1, 1),
	(714, NULL, 'PROFESOR DIONISIO CHACA       ', 'MATONS 200                              ', 1646, '02622-488194        ', NULL, NULL, NULL, 1, 1, 1, 1),
	(715, NULL, 'DR.SEGUNDO LLAVER             ', 'CALLE 1 S/N                             ', 1648, '02623-463789        ', NULL, NULL, NULL, 1, 1, 1, 1),
	(716, NULL, 'VALLE DE LAS LEÑAS            ', 'VALLE DE LAS LEÑAS                      ', 1649, '0                   ', NULL, NULL, NULL, 1, 1, 1, 1),
	(717, NULL, 'LEY No. 1420                  ', 'CHICLANA Y SARMIENTO                    ', 1650, '0261-4486523        ', NULL, NULL, NULL, 1, 1, 1, 1),
	(718, NULL, 'MAESTRA MARIA SOTTILE         ', 'EL MARCADO CALLE NRO. 1                 ', 1651, '02623497211         ', NULL, NULL, NULL, 1, 1, 1, 1),
	(719, NULL, 'JULIO QUINTANILLA             ', 'SUCRE S/N°                              ', 1652, '0261-4481347        ', NULL, NULL, NULL, 1, 1, 1, 1),
	(720, NULL, 'OTILIA PALMIERI DE CAHIZA     ', 'ZULOAGA Y YUNES                         ', 1653, '15527366            ', NULL, NULL, NULL, 1, 1, 1, 1),
	(721, NULL, 'PRESIDENTE ILLIA              ', 'CORREA SAA Y VENEZUELA- VILLA NUEVA     ', 1654, '0261-4215630        ', NULL, NULL, NULL, 1, 1, 1, 1),
	(722, NULL, 'MARTINA CHAPANAY              ', 'SCHAUMAN 1251                           ', 1656, '0261-4260408        ', NULL, NULL, NULL, 1, 1, 1, 1),
	(723, NULL, 'INDIA MAGDALENA               ', 'CALLE 14 S/N                            ', 1657, '0261-4487140        ', NULL, NULL, NULL, 1, 1, 1, 1),
	(724, NULL, 'TROPERO SOSA                  ', 'BARCALA Y HUILICHES                     ', 1658, '0261-4395975        ', NULL, NULL, NULL, 1, 1, 1, 1),
	(725, NULL, 'PTE. JUAN D. PERON            ', 'FORMOSA Y CENTENARIO                    ', 1661, '                    ', NULL, NULL, NULL, 1, 1, 1, 1),
	(726, NULL, 'DR.CARLOS M BIEDMA            ', 'CALLE N° 4 ENTRE NEUQUEN Y SALTA        ', 1662, '0261-4810656        ', NULL, NULL, NULL, 1, 1, 1, 1),
	(727, NULL, 'DOCENTES JUBILADOS DEL ESTE   ', 'VELA S/N                                ', 1663, '02623-425572        ', NULL, NULL, NULL, 1, 1, 1, 1),
	(728, NULL, 'CRUZADA LIBERTADORA           ', 'INDEPENDENCIA 2149                      ', 1664, '0261-4488850        ', NULL, NULL, NULL, 1, 1, 1, 1),
	(729, NULL, 'PADRE JUAN PASTOR             ', 'ARREDONDO Y SANTA ROSA                  ', 1665, '0261-4315125        ', NULL, NULL, NULL, 1, 1, 1, 1),
	(730, NULL, 'BATALLA DEL PILAR             ', 'MUÑIZ 751                               ', 1666, '0261-4524140        ', NULL, NULL, NULL, 1, 1, 1, 1),
	(731, NULL, 'TIERRA DE HUARPES             ', 'LOS ZORZALES S/N°                       ', 1667, '0261-4512571        ', NULL, NULL, NULL, 1, 1, 1, 1),
	(732, NULL, 'MAESTRO LUIS EMILIO LEON      ', 'BARDAS BLANCAS Y CTE. SALAS             ', 1668, '                    ', NULL, NULL, NULL, 1, 1, 1, 1),
	(733, NULL, 'AQUILES WILSON MAZZIOTTI      ', 'AZUL Y CABO SAN ANTONIO                 ', 1669, '0261-4526152        ', NULL, NULL, NULL, 1, 1, 1, 1),
	(734, NULL, 'RAMON FERNANDEZ LETTRY        ', 'ISLA DE LOS ESTADOS 1751                ', 1670, '0261-4361925        ', NULL, NULL, NULL, 1, 1, 1, 1),
	(735, NULL, 'DR. OSCAR IGNACIO AGUERO      ', 'TIERRA DEL FUEGO Y S.GABOTO-            ', 1671, '0261-4361410        ', NULL, NULL, NULL, 1, 1, 1, 1),
	(736, NULL, 'RENATO DELLA SANTA            ', 'CALLE 14 PEHUENCHE Y COMENCHINGONES     ', 1672, '0261-4521997        ', NULL, NULL, NULL, 1, 1, 1, 1),
	(737, NULL, 'MAESTRO DOMINGO GUEVARA       ', 'MORENO Y GUEVARA                        ', 1673, '02623-15407187      ', NULL, NULL, NULL, 1, 1, 1, 1),
	(738, NULL, 'PROF. GERONIMO SOSA           ', 'M "1"                                   ', 1674, '0261-4396520        ', NULL, NULL, NULL, 1, 1, 1, 1),
	(739, NULL, 'SAN FRANCISCO DE ASIS         ', 'M "35"                                  ', 1675, '0261-4393655        ', NULL, NULL, NULL, 1, 1, 1, 1),
	(740, NULL, 'MAESTRO ARTURO PROSPERO YACIOF', 'A.DEL VALLE Y BOGADO                    ', 1676, '0261-4-511507       ', NULL, NULL, NULL, 1, 1, 1, 1),
	(741, NULL, 'CRISTO DE LA FRONTERA         ', 'SAN  RAFAEL Y MANZOTTI                  ', 1677, '0                   ', NULL, NULL, NULL, 1, 1, 1, 1),
	(742, NULL, 'ESCUELA N° 1-678              ', 'PUESTO LA AVISPA    .CACHEUTA SUR       ', 1678, '0                   ', NULL, NULL, NULL, 1, 1, 1, 1),
	(743, NULL, 'MAESTRO ALFONSO GARCIA LEPEZ  ', 'CALLE 3 S/N                             ', 1679, '02623-15402250      ', NULL, NULL, NULL, 1, 1, 1, 1),
	(744, NULL, 'CELINA RAMONA ALVAREZ         ', 'RAMON GIL Y MANUEL ESTRADA              ', 1680, '0261-4977021        ', NULL, NULL, NULL, 1, 1, 1, 1),
	(745, NULL, 'JOSE RANCO                    ', 'PEDRO P. SEGURA      S/N                ', 1681, '02627-15673255      ', NULL, NULL, NULL, 1, 1, 1, 1),
	(746, NULL, 'HEROES DE MALVINAS            ', 'CHACABUCO S/N                           ', 1682, '0261-4489197        ', NULL, NULL, NULL, 1, 1, 1, 1),
	(747, NULL, 'CONRADO GONZALEZ FELTRUP      ', 'LOS ZORZALES S/N                        ', 1683, '0261-4440919        ', NULL, NULL, NULL, 1, 1, 1, 1),
	(748, NULL, 'MTRO.  SATURNINO SOSA         ', 'CIRO GUIÑAZU 250  - ESTE                ', 1684, '02622-470452        ', NULL, NULL, NULL, 1, 1, 1, 1),
	(749, NULL, 'PASCUAL LAURIENTE             ', 'BEBEDEROS 7655                          ', 1686, '0261-4911084        ', NULL, NULL, NULL, 1, 1, 1, 1),
	(750, NULL, 'PIONEROS ALVEARENSES          ', 'CHAPEAUROUGE Y ENTRE RIOS               ', 1687, '02625-426453        ', NULL, NULL, NULL, 1, 1, 1, 1),
	(751, NULL, 'CERRO ACONCAGUA               ', 'LAGUNA GUANACACHE Y MADRID              ', 1688, '0261-4395116        ', NULL, NULL, NULL, 1, 1, 1, 1),
	(752, NULL, 'FRANCISCO PEÐASCO AURA        ', 'FLEMING Y LEONARDO DA VINCI             ', 1689, '02627-424354        ', NULL, NULL, NULL, 1, 1, 1, 1),
	(753, NULL, 'MTRO ALFONSO DOÐA DEL RIO     ', 'PROLONG.LUZURIAGA Y M.GOMEZ             ', 1690, '02623-442924        ', NULL, NULL, NULL, 1, 1, 1, 1),
	(754, NULL, 'RAUL SCALABRINI ORTIZ         ', 'RAWSON Y 9 DE JULIO                     ', 1691, '0261-4525739        ', NULL, NULL, NULL, 1, 1, 1, 1),
	(755, NULL, 'VICTOR DELHEZ                 ', 'ANCHORENA S/N°                          ', 1692, '0261-4982876        ', NULL, NULL, NULL, 1, 1, 1, 1),
	(756, NULL, 'MAESTRA ROSA RETA DE HENDLER  ', 'CALLE PUBLICA Y ANTONIO RIVERO          ', 1693, '02623-423517        ', NULL, NULL, NULL, 1, 1, 1, 1),
	(757, NULL, 'BERNARDO RAZQUIN              ', 'LAS AZUCENAS Y MALVINAS                 ', 1694, '0261-4263129        ', NULL, NULL, NULL, 1, 1, 1, 1),
	(758, NULL, 'ROSA GARCIA DE BLANCO         ', 'ALFREDO BUFANO S/N                      ', 1695, '02623-442934        ', NULL, NULL, NULL, 1, 1, 1, 1),
	(759, NULL, 'MTRA G. MATHUS DE CARRA       ', 'BERUTTI Y PROLONG. BOLAÑOS              ', 1697, '02623-426493        ', NULL, NULL, NULL, 1, 1, 1, 1),
	(760, NULL, 'PROVINCIA DE MENDOZA          ', 'M "I" (CALLE OCEANIA)                   ', 1698, '0261-4226007        ', NULL, NULL, NULL, 1, 1, 1, 1),
	(761, NULL, 'LADISLAO NAVARRO              ', 'CALLE PUBLICA  S/N (20 DE JUNIO Y CONTRO', 1701, '02626-421011        ', NULL, NULL, NULL, 1, 1, 1, 1),
	(762, NULL, 'MANOS SOLIDARIAS              ', 'RODOLFO ISELIN Y PARANA                 ', 1702, '02627-15675358      ', NULL, NULL, NULL, 1, 1, 1, 1),
	(763, NULL, 'EMILIO MANSO                  ', 'LAS HERAS 70                            ', 1703, '02622-15660525      ', NULL, NULL, NULL, 1, 1, 1, 1),
	(764, NULL, 'ESCUELA N° 1-706              ', 'JACARANDA Y LOS PLATANOS                ', 1706, '0                   ', NULL, NULL, NULL, 1, 1, 1, 1),
	(765, NULL, 'EDUCADOR BENITO EMILIANO PEREZ', 'BOLIVIA Y CORREA SAA                    ', 1707, '0261-4210220        ', NULL, NULL, NULL, 1, 1, 1, 1),
	(766, NULL, 'DR.JUAN RAMON GUEVARA         ', 'LIBERTAD Y GUIDO SPANO                  ', 1708, '0261-4487730        ', NULL, NULL, NULL, 1, 1, 1, 1),
	(767, NULL, 'CORDON DEL PLATA              ', 'A. CALLE Y ALBERTI                      ', 1709, '0261-4263677        ', NULL, NULL, NULL, 1, 1, 1, 1),
	(768, NULL, 'DOLORES GUEVARA DE GUEVARA    ', 'MOI Y CALORI                            ', 1710, '0261-4813028        ', NULL, NULL, NULL, 1, 1, 1, 1),
	(769, NULL, 'MTRA.SECUNDINA V. QUIROGA DE C', 'RUFINO ORTEGA Y SAN MARTIN              ', 1711, '0                   ', NULL, NULL, NULL, 1, 1, 1, 1),
	(770, NULL, 'MAESTRO JESUS DE NAZARET      ', 'SALVADOR CIVIT S/N                      ', 1712, '0261-4350850        ', NULL, NULL, NULL, 1, 1, 1, 1),
	(771, NULL, 'UNICEF ARGENTINA              ', 'LOS MOLUCHES Y VALLE DE HUENTATA        ', 1713, '0261-4212240        ', NULL, NULL, NULL, 1, 1, 1, 1),
	(772, NULL, 'CIUDAD DE BRASILIA            ', 'PERGAMINO1250                           ', 1714, '0261-4275084        ', NULL, NULL, NULL, 1, 1, 1, 1),
	(773, NULL, 'ESCUELA N° 1-715 RENE FAVALORO', 'J. L. BORGES Y CALLE 6                  ', 1715, '4981426/155562611_  ', NULL, NULL, NULL, 1, 1, 1, 1),
	(774, NULL, 'PROF.IRMA GLADYS ORTEGA       ', 'E.PERON Y C.AERONAUTICOS                ', 1716, '                    ', NULL, NULL, NULL, 1, 1, 1, 1),
	(775, NULL, 'ITALO A. ACERBIS              ', 'MANZANA :K- S/N                         ', 1717, '                    ', NULL, NULL, NULL, 1, 1, 1, 1),
	(776, NULL, 'ESCUELA N° 1-718  PROFESOR BUS', 'LOS GOICOS E IZSAKY                     ', 1718, '02627-15673252      ', NULL, NULL, NULL, 1, 1, 1, 1),
	(777, NULL, 'YOLANDA EMA PEZZUTTI DE CORSIN', 'LOTEO NEBOT                             ', 1719, '              0     ', NULL, NULL, NULL, 1, 1, 1, 1),
	(778, NULL, 'CRUCERO ARAS GRAL.BELGRANO    ', 'MARTINO Y CALLE 10                      ', 1720, '0261-4483341        ', NULL, NULL, NULL, 1, 1, 1, 1),
	(779, NULL, 'LA FUNDICION                  ', 'RUTA INTERNACIONAL 7                    ', 1722, '                    ', NULL, NULL, NULL, 1, 1, 1, 1),
	(780, NULL, 'MAESTRA ELIDA RUBIO DE BERDASC', 'CONQUISTA DEL DESIERTO 2000             ', 1723, '0261-4931289        ', NULL, NULL, NULL, 1, 1, 1, 1),
	(781, NULL, 'SAN RAFAEL ARCANGEL           ', 'EL LIBERTADOS Y H. DE MAGALLANES        ', 1724, '0                   ', NULL, NULL, NULL, 1, 1, 1, 1),
	(782, NULL, 'PADRE JOSE ANDRES MANZANO     ', 'LOS ROSALES 4450                        ', 1725, '0261-4321486        ', NULL, NULL, NULL, 1, 1, 1, 1),
	(783, NULL, 'ESCUELA N° 1-726              ', 'RUTA 40 KM 16                           ', 1726, '0                   ', NULL, NULL, NULL, 1, 1, 1, 1),
	(784, NULL, 'RIOS MENDOCINOS               ', 'RIO MALARGUE Y RIO GRANDE               ', 1727, '02625-422514        ', NULL, NULL, NULL, 1, 1, 1, 1),
	(785, NULL, 'ESCUELA N° 1-728              ', 'VIRGEN DE LAS NIEVES Y FELIX SUAREZ     ', 1728, '4218909             ', NULL, NULL, NULL, 1, 1, 1, 1),
	(786, NULL, 'JULIO LE PARC                 ', 'PROVINCIAS UNIDAS Y ABEL ZAPATA         ', 1729, '0261-4480111        ', NULL, NULL, NULL, 1, 1, 1, 1),
	(787, NULL, 'AURELIA DE CANGAS             ', 'BARRIO GUEMES                           ', 1730, '                    ', NULL, NULL, NULL, 1, 1, 1, 1),
	(788, NULL, 'FRANCISCO SANCHEZ LOPEZ       ', 'BARRIO PICCIONE MZNA. C -CASA 7         ', 1731, '4974122 PARTICULAR  ', NULL, NULL, NULL, 1, 1, 1, 1),
	(789, NULL, 'SIN NOMBRE                    ', '                                        ', 1732, '                    ', NULL, NULL, NULL, 1, 1, 1, 1),
	(790, NULL, 'SIN NOMBRE                    ', 'PUBLICA S/N                             ', 1733, '                    ', NULL, NULL, NULL, 1, 1, 1, 1),
	(791, NULL, 'S/NOMBRE                      ', '                                        ', 1734, '                    ', NULL, NULL, NULL, 1, 1, 1, 1),
	(792, NULL, 'EMMA MOLINA                   ', '                                        ', 1735, '                    ', NULL, NULL, NULL, 1, 1, 1, 1),
	(793, NULL, 'S/NOMBRE                      ', '                                        ', 1736, '                    ', NULL, NULL, NULL, 1, 1, 1, 1),
	(794, NULL, 'S/NOMBRE                      ', '                                        ', 1737, '                    ', NULL, NULL, NULL, 1, 1, 1, 1),
	(795, NULL, 'SIN NOMBRE                    ', '                                        ', 1999, '                    ', NULL, NULL, NULL, 1, 1, 1, 1),
	(796, NULL, 'VICTOR MERCANTE               ', 'SANTA MARIA DE ORO Y VUCETICH           ', 2001, '0261-4232542        ', NULL, NULL, NULL, 1, 1, 1, 1),
	(797, NULL, 'PEDRO NOLASCO FERREYRA        ', 'GARIBALDI 280                           ', 2002, '0261-4381843        ', NULL, NULL, NULL, 1, 1, 1, 1),
	(798, NULL, 'DR. SILVESTRE PEÑA Y LILLO    ', 'BANDERA DE LOS ANDES 2603               ', 2003, '0261-4450045        ', NULL, NULL, NULL, 1, 1, 1, 1),
	(799, NULL, 'PROF. JERONIMO S. SEMORILLE   ', 'JUAN G. GODOY Y LAFINUR                 ', 2004, '0261-4310647        ', NULL, NULL, NULL, 1, 1, 1, 1),
	(800, NULL, 'RAQUEL MENENDEZ DE PAVON      ', 'BUENOS AIRES 553                        ', 2005, '0261-4239271        ', NULL, NULL, NULL, 1, 1, 1, 1),
	(801, NULL, 'HELLEN KELLER                 ', 'AZOPARDO Y FLORENCIO SANCHEZ            ', 2006, '0261-4223028        ', NULL, NULL, NULL, 1, 1, 1, 1),
	(802, NULL, 'DR.EMILIO CONI                ', 'ARMANI 1800                             ', 2007, '0261-0              ', NULL, NULL, NULL, 1, 1, 1, 1),
	(803, NULL, 'DR.ERNESTO MATONS             ', 'B.SUR MER Y ABDALA                      ', 2008, '                    ', NULL, NULL, NULL, 1, 1, 1, 1),
	(804, NULL, 'MARIA A.ZAPATA DE CATENA      ', 'INDEPENDECIA Y AGUADO                   ', 2009, '02623-444034        ', NULL, NULL, NULL, 1, 1, 1, 1),
	(805, NULL, 'DR.NICOLAS PAPERNO            ', 'BALLOFET 54                             ', 2010, '02627 - 439336      ', NULL, NULL, NULL, 1, 1, 1, 1),
	(806, NULL, 'DR. ROMELIO R.VILLALOBOS      ', 'PROLONG.CHICLANA Y ANGEL MOSCONI        ', 2011, '0261-4985540        ', NULL, NULL, NULL, 1, 1, 1, 1),
	(807, NULL, 'LYDIA SOFIA BUHRER            ', '25 DE MAYO ESQUINA CORRIENTES           ', 2012, '                    ', NULL, NULL, NULL, 1, 1, 1, 1),
	(808, NULL, 'DR.VICENTE POLIMENI           ', 'CORRIENTES 832                          ', 2013, '0261-4300910        ', NULL, NULL, NULL, 1, 1, 1, 1),
	(809, NULL, 'DR. AMADEO JOSE CICHITTI      ', 'AZCUENAGA Y FIGUEROA ALCORTA            ', 2014, '0261-4224721        ', NULL, NULL, NULL, 1, 1, 1, 1),
	(810, NULL, 'ALFREDO ROQUE VITOLO          ', '                                        ', 2015, '                    ', NULL, NULL, NULL, 1, 1, 1, 1),
	(811, NULL, 'MARIA TERESA A. DE ARANEO     ', 'B. MITRE  525                           ', 2016, '02625-423286        ', NULL, NULL, NULL, 1, 1, 1, 1),
	(812, NULL, 'CNEL.DE MARINA TOMAS ESPORA   ', 'PADRE LLORENS S/N                       ', 2017, '                    ', NULL, NULL, NULL, 1, 1, 1, 1),
	(813, NULL, 'PROF CANDIDO FAJARDO          ', 'OLASCOAGA N° 1568                       ', 2018, '02627 - 15516144    ', NULL, NULL, NULL, 1, 1, 1, 1),
	(814, NULL, 'DR.DOMINGO SICOLI             ', 'REMEDIOS DE ESCALADA S/N                ', 2019, '0261-4941244        ', NULL, NULL, NULL, 1, 1, 1, 1),
	(815, NULL, 'LEY NRO.4934                  ', 'SAN MARTIN 1077                         ', 2020, '02622-423626        ', NULL, NULL, NULL, 1, 1, 1, 1),
	(816, NULL, 'LEY NRO.4934                  ', 'SAN MARTIN 1659                         ', 2020, '02622-423626        ', NULL, NULL, NULL, 1, 1, 1, 1),
	(817, NULL, 'TTE. CNEL. P. SCHILARDI       ', 'YAPEYU  Y LIBERTAD                      ', 2021, '0261-4482112        ', NULL, NULL, NULL, 1, 1, 1, 1),
	(818, NULL, 'MARCELINO DEL C BENAVENTE     ', 'BERNARDO QUIROGA 489                    ', 2022, '02622-451237        ', NULL, NULL, NULL, 1, 1, 1, 1),
	(819, NULL, 'DR. IGNACIO PIROVANO          ', 'CHAPADMALAL S/N -                       ', 2023, '0261-4221021        ', NULL, NULL, NULL, 1, 1, 1, 1),
	(820, NULL, 'DR. AMADEO NATALE             ', 'ROMANCE 1204                            ', 2024, '02627-15513238      ', NULL, NULL, NULL, 1, 1, 1, 1),
	(821, NULL, 'NUESTRA SEÑORA DE LUJAN       ', 'LAVALLE 975                             ', 2026, '                    ', NULL, NULL, NULL, 1, 1, 1, 1),
	(822, NULL, 'ANTENOR RIVEROS               ', 'B° VIRGEN DEL PILAR M"A" C25            ', 2027, '0261 - 4921918      ', NULL, NULL, NULL, 1, 1, 1, 1),
	(823, NULL, 'DR.ENRIQUE L. DAY             ', 'CABO VIRGENES S/N                       ', 2028, '0261-4526146        ', NULL, NULL, NULL, 1, 1, 1, 1),
	(824, NULL, 'DR.ALFREDO PERRUPATO          ', 'M. MORENO 240                           ', 2029, '0                   ', NULL, NULL, NULL, 1, 1, 1, 1),
	(825, NULL, 'DR.JUAN MAURIN NAVARRO        ', 'AMIGORENA E ILLESCA                     ', 2030, '02627 - 471274      ', NULL, NULL, NULL, 1, 1, 1, 1),
	(826, NULL, 'PEDRO DEL CASTILLO            ', 'PESCADORES 917                          ', 2031, '0261-4375801        ', NULL, NULL, NULL, 1, 1, 1, 1),
	(827, NULL, 'PROFESOR LUIS MORZONE         ', 'SARMIENTO Y PEDRO P. SEGURA             ', 2032, '02625-480167        ', NULL, NULL, NULL, 1, 1, 1, 1),
	(828, NULL, 'FIDELA MALDONADO DE CANO      ', 'SAENZ PEÑA 1555                         ', 2033, '0261-4241001        ', NULL, NULL, NULL, 1, 1, 1, 1),
	(829, NULL, 'DR.RICARDO GUTIERREZ          ', 'MONTECASERS Y BUENOS AIRES              ', 2034, '0261 - 4239079      ', NULL, NULL, NULL, 1, 1, 1, 1),
	(830, NULL, 'DR.CARLOS E.GALLETI           ', 'SAN ISIDRO 791                          ', 2035, '-42286              ', NULL, NULL, NULL, 1, 1, 1, 1),
	(831, NULL, 'DR.JACINTO ALVAREZ            ', 'BALLOFFET 54 _ PISO 1°                  ', 2036, '                    ', NULL, NULL, NULL, 1, 1, 1, 1),
	(832, NULL, 'LAURA NADAL DE PORTILLO       ', 'CATAMARCA Y DIONISIO CHACA              ', 2037, '                    ', NULL, NULL, NULL, 1, 1, 1, 1),
	(833, NULL, 'DR.EFRAIN DANTE GICOLINI      ', 'JULIO A. ROCA Y RUFINO ORTEGA           ', 2038, '02627 - 429269      ', NULL, NULL, NULL, 1, 1, 1, 1),
	(834, NULL, 'PADRE JOSE ALFREDO CARRONE    ', 'RUTA NAC. 143                           ', 2039, '02627-15662780      ', NULL, NULL, NULL, 1, 1, 1, 1),
	(835, NULL, 'VALLE DE USPALLATA            ', 'RUTA PROV. 52                           ', 2040, '02624 - 420297      ', NULL, NULL, NULL, 1, 1, 1, 1),
	(836, NULL, 'ESTEBAN ANTONIO JURICICH      ', 'RUTA PROV.153 Y ALTE. BROWN             ', 2041, '02623 - 495256      ', NULL, NULL, NULL, 1, 1, 1, 1),
	(837, NULL, 'ALBERTO JUAIRE                ', 'LAS HERAS 468                           ', 2042, '02623 - 422075      ', NULL, NULL, NULL, 1, 1, 1, 1),
	(838, NULL, 'SIN NOMBRE                    ', 'EVA PERÓN E ISADORA DUNCAN              ', 2043, '02623 - 494286      ', NULL, NULL, NULL, 1, 1, 1, 1),
	(839, NULL, 'SIN NOMBRE                    ', '9 DE JULIO 1333                         ', 2044, '                    ', NULL, NULL, NULL, 1, 1, 1, 1),
	(840, NULL, 'SIN NOMBRE                    ', '                                        ', 2045, '                    ', NULL, NULL, NULL, 1, 1, 1, 1),
	(841, NULL, 'SIN NOMBRE                    ', '                                        ', 2046, '                    ', NULL, NULL, NULL, 1, 1, 1, 1),
	(842, NULL, 'SIN NOMBRE                    ', '                                        ', 2047, '                    ', NULL, NULL, NULL, 1, 1, 1, 1),
	(843, NULL, 'SIN NOMBRE                    ', '                                        ', 2048, '                    ', NULL, NULL, NULL, 1, 1, 1, 1),
	(844, NULL, 'S/NOMBRE                      ', '                                        ', 2049, '                    ', NULL, NULL, NULL, 1, 1, 1, 1),
	(845, NULL, 'S/NOMBRE                      ', '                                        ', 2050, '                    ', NULL, NULL, NULL, 1, 1, 1, 1),
	(846, NULL, 'ANEXO 1                       ', 'PTE, PERÓN S/N  CAMPO PAPA              ', 3001, '                    ', NULL, NULL, NULL, 3, 1, 1, 1),
	(847, NULL, 'ANEXO 2                       ', 'CAYETANO SILVA Y AMERCA CEC             ', 3001, '                    ', NULL, NULL, NULL, 3, 1, 1, 1),
	(848, NULL, 'COMBATE DE SAN LORENZO        ', 'LAVALLE 502 Y MONTECASEROS              ', 3001, '0261-4231631        ', NULL, NULL, NULL, 3, 1, 1, 1),
	(849, NULL, 'SIMON BOLIVAR                 ', 'ADOLFO CALLE 1515                       ', 3002, '                    ', NULL, NULL, NULL, 3, 1, 1, 1),
	(850, NULL, 'SIMON BOLIVAR                 ', 'ADOLFO CALLE 1515                       ', 3003, '                    ', NULL, NULL, NULL, 3, 1, 1, 1),
	(851, NULL, 'SIN NOMBRE                    ', 'BORDIN Y GUTIERREZ                      ', 3004, '0261-4978432        ', NULL, NULL, NULL, 3, 1, 1, 1),
	(852, NULL, 'MAESTRO RICARDO PETERSEN      ', 'RUTA  NAC.143 SUR Y CALLE EL DESVIO     ', 3005, '                    ', NULL, NULL, NULL, 3, 1, 1, 1),
	(853, NULL, 'ANEXO 1                       ', '25 DE MAYO Y CORRIENTES                 ', 3006, '                    ', NULL, NULL, NULL, 3, 1, 1, 1),
	(854, NULL, 'ANEXO 2                       ', 'B° LAS TORCACITAS                       ', 3006, '                    ', NULL, NULL, NULL, 3, 1, 1, 1),
	(855, NULL, 'BLAS BARRERA                  ', 'JUAN D. PERON Y PESCARA                 ', 3006, '0261-4972020        ', NULL, NULL, NULL, 3, 1, 1, 1),
	(856, NULL, 'NEMECIO QUIROGA               ', 'PEDRO MOLINA Y LEMOS                    ', 3007, '                    ', NULL, NULL, NULL, 3, 1, 1, 1),
	(857, NULL, 'ANEXO 1                       ', 'PERÚ 762                                ', 3008, '                    ', NULL, NULL, NULL, 3, 1, 1, 1),
	(858, NULL, 'ANEXO 2                       ', 'PASO DE LOS ANDES 181                   ', 3008, '                    ', NULL, NULL, NULL, 3, 1, 1, 1),
	(859, NULL, 'ANEXO 3                       ', 'BOULOGNE SUR MER 273                    ', 3008, '                    ', NULL, NULL, NULL, 3, 1, 1, 1),
	(860, NULL, 'JUAN ESTEBAN PEDERNERA        ', 'PEDRO MOLINA 300                        ', 3008, '                    ', NULL, NULL, NULL, 3, 1, 1, 1),
	(861, NULL, 'TAMBOR DE TACUARI             ', 'MARTINEZ DE ROSAS Y MOLDES              ', 3009, '-232100             ', NULL, NULL, NULL, 3, 1, 1, 1),
	(862, NULL, 'NACIONES UNIDAS               ', 'SAAVEDRA 416                            ', 3010, '                    ', NULL, NULL, NULL, 3, 1, 1, 1),
	(863, NULL, 'SAN LORENZO                   ', 'GODOY CRUZ 648 Y PELLEGRINI -           ', 3011, '0                   ', NULL, NULL, NULL, 3, 1, 1, 1),
	(864, NULL, 'ANEXO 1                       ', 'MORENO 240 GRAL, SAN MARTÍN             ', 3012, '                    ', NULL, NULL, NULL, 3, 1, 1, 1),
	(865, NULL, 'ANEXO 2                       ', 'MOYANO Y BAUTISTA G. SAN MARTIN         ', 3012, '                    ', NULL, NULL, NULL, 3, 1, 1, 1),
	(866, NULL, 'ANEXO 3                       ', 'SALTA Y MAIPU G. SAN MARTÍN             ', 3012, '                    ', NULL, NULL, NULL, 3, 1, 1, 1),
	(867, NULL, 'ANEXO 4                       ', 'BALCARCE 179 G. SAN MARTÍN              ', 3012, '                    ', NULL, NULL, NULL, 3, 1, 1, 1),
	(868, NULL, 'BLAS PARERA                   ', 'SAN LORENZO 138                         ', 3012, '                    ', NULL, NULL, NULL, 3, 1, 1, 1),
	(869, NULL, 'ARISTOBULO DEL VALLE          ', 'OLASCOAGA 780                           ', 3013, '-21816              ', NULL, NULL, NULL, 3, 1, 1, 1),
	(870, NULL, 'ANEXO 1                       ', 'PASO DE LOS ANDES 319                   ', 3014, '                    ', NULL, NULL, NULL, 3, 1, 1, 1),
	(871, NULL, 'ANEXO 2                       ', 'ANCHORENA B° LAS PARRAS                 ', 3014, '                    ', NULL, NULL, NULL, 3, 1, 1, 1),
	(872, NULL, 'ANEXO 3                       ', 'TRELEW Y CEFERINO NAMUNCURA             ', 3014, '                    ', NULL, NULL, NULL, 3, 1, 1, 1),
	(873, NULL, 'ANEXO 4                       ', 'PIEDRA BUENA Y TRELEW                   ', 3014, '                    ', NULL, NULL, NULL, 3, 1, 1, 1),
	(874, NULL, 'LISANDRO DE LA TORRE          ', 'PASO DE LOS ANDES 319                   ', 3014, '0261-4982785        ', NULL, NULL, NULL, 3, 1, 1, 1),
	(875, NULL, 'TTE 1RO IBAÑEZ                ', 'AV.H IRIGOYEN 473                       ', 3015, '                    ', NULL, NULL, NULL, 3, 1, 1, 1),
	(876, NULL, 'BENJAMIN FRANKLIN             ', 'SAN ISIDRO Y ALEM                       ', 3016, '                    ', NULL, NULL, NULL, 3, 1, 1, 1),
	(877, NULL, 'ANEXO 1                       ', 'LA ARGENTINA S/N                        ', 3017, '                    ', NULL, NULL, NULL, 3, 1, 1, 1),
	(878, NULL, 'ANEXO 2                       ', 'BELGRANO S/N B° LA TABLADA              ', 3017, '                    ', NULL, NULL, NULL, 3, 1, 1, 1),
	(879, NULL, 'RICARDO LEVENE                ', 'DALMAU Y ECHEVERRIA.                    ', 3017, '0                   ', NULL, NULL, NULL, 3, 1, 1, 1),
	(880, NULL, 'JOSE INGENIEROS               ', 'ROCA Y MITRE                            ', 3018, '                    ', NULL, NULL, NULL, 3, 1, 1, 1),
	(881, NULL, 'FRANCISCO JAVIER MUÐIZ        ', 'REMO FALCIANI 253                       ', 3019, '0                   ', NULL, NULL, NULL, 3, 1, 1, 1),
	(882, NULL, 'ANEXO 1                       ', 'PERGAMINO                               ', 3020, '                    ', NULL, NULL, NULL, 3, 1, 1, 1),
	(883, NULL, 'DR.GUMERSINDO SAYAGO          ', 'CORONEL SASSO 54                        ', 3020, '02622-470923        ', NULL, NULL, NULL, 3, 1, 1, 1),
	(884, NULL, 'ANEXO 1                       ', 'RUTA PCIAL 36 /3 DE MAYO                ', 3021, '                    ', NULL, NULL, NULL, 3, 1, 1, 1),
	(885, NULL, 'ANEXO 2                       ', 'REMEDIOS DE ESCALADA S/N V. TILUMAYA    ', 3021, '                    ', NULL, NULL, NULL, 3, 1, 1, 1),
	(886, NULL, 'CARLOS ROBERTO GROSSO         ', 'BELTRAN 81 Y SARMIENTO                  ', 3021, '0261-4941409        ', NULL, NULL, NULL, 3, 1, 1, 1),
	(887, NULL, 'ANEXO 1                       ', 'REDUCCIÓN S/N LA REDUCCION              ', 3022, '                    ', NULL, NULL, NULL, 3, 1, 1, 1),
	(888, NULL, 'ANEXO 2                       ', 'ALBARDÓN S/N LOS ARBOLES                ', 3022, '                    ', NULL, NULL, NULL, 3, 1, 1, 1),
	(889, NULL, 'DR.LUIS AGOTE                 ', 'GALIGNIANA S/N                          ', 3022, '0                   ', NULL, NULL, NULL, 3, 1, 1, 1),
	(890, NULL, 'VICTOR ABELARDO ALVAREZ       ', 'CHAÑAR S/N                              ', 3023, '                    ', NULL, NULL, NULL, 3, 1, 1, 1),
	(891, NULL, 'ANEXO 1                       ', 'CARRIL COLOMBO S/N LA CENTRAL           ', 3024, '                    ', NULL, NULL, NULL, 3, 1, 1, 1),
	(892, NULL, 'ANEXO 2                       ', 'B° FLORIDA MJ C10 LOS CAMPAMENTOS       ', 3024, '                    ', NULL, NULL, NULL, 3, 1, 1, 1),
	(893, NULL, 'JUAN RAMON GUTIERREZ          ', 'CERRO OVERO S/N                         ', 3024, '                    ', NULL, NULL, NULL, 3, 1, 1, 1),
	(894, NULL, 'ANEXO 1                       ', 'ESC. 6-032 G. CRUZ S/N MEDRANO          ', 3025, '                    ', NULL, NULL, NULL, 3, 1, 1, 1),
	(895, NULL, 'ANEXO 2                       ', 'ESC. 1-409 EL MARTILLO JUNIN            ', 3025, '                    ', NULL, NULL, NULL, 3, 1, 1, 1),
	(896, NULL, 'GARCIA HURTADO DE MENDOZA     ', 'GODOY CRUZ Y ANGELINO ARENAS            ', 3025, '0                   ', NULL, NULL, NULL, 3, 1, 1, 1),
	(897, NULL, 'FRANCISCO V. LECAROS          ', 'OLEGARIO V.ANDRADE Y 25 DE MAYO         ', 3026, '061-4372973         ', NULL, NULL, NULL, 3, 1, 1, 1),
	(898, NULL, 'FELIPE CARLOS QUIROGA         ', 'PAUL HARRIS Y SGTO. CABRAL              ', 3027, '0261-4487615        ', NULL, NULL, NULL, 3, 1, 1, 1),
	(899, NULL, 'ANEXO 1                       ', 'REMEDIOS ESCALADA S/N   BARRIALES       ', 3028, '                    ', NULL, NULL, NULL, 3, 1, 1, 1),
	(900, NULL, 'ANEXO 2                       ', 'EVA PERÓN Y PRIMERA JUNTA B° BELGRANO   ', 3028, '                    ', NULL, NULL, NULL, 3, 1, 1, 1),
	(901, NULL, 'ANEXO 3                       ', 'CARRIL BARRIALES S/N                    ', 3028, '                    ', NULL, NULL, NULL, 3, 1, 1, 1),
	(902, NULL, 'ANEXO 4                       ', 'GRAN LÍBANO                             ', 3028, '                    ', NULL, NULL, NULL, 3, 1, 1, 1),
	(903, NULL, 'JOAO SCHIAPPA DE AZEVEDO      ', 'GARIBALDI 76                            ', 3028, '                    ', NULL, NULL, NULL, 3, 1, 1, 1),
	(904, NULL, 'FERROVIARIOS ARGENTINOS       ', 'SAN JUAN 395                            ', 3029, '0                   ', NULL, NULL, NULL, 3, 1, 1, 1),
	(905, NULL, 'ANEXO 1                       ', 'PARAJE LA NORA                          ', 3030, '                    ', NULL, NULL, NULL, 3, 1, 1, 1),
	(906, NULL, '7o. DE CABALLERIA             ', 'LAPRIDA Y LOS CEDROS                    ', 3030, '                    ', NULL, NULL, NULL, 3, 1, 1, 1),
	(907, NULL, 'MAESTRO JOSE A DIAS           ', 'SARMIENTO 460                           ', 3031, '                    ', NULL, NULL, NULL, 3, 1, 1, 1),
	(908, NULL, 'ANEXO 1                       ', 'CARRIL LOS BARRIALES Y MIGUES           ', 3032, '                    ', NULL, NULL, NULL, 3, 1, 1, 1),
	(909, NULL, 'ANEXO 2                       ', 'CARRIL LOS BARRIALES S/N                ', 3032, '                    ', NULL, NULL, NULL, 3, 1, 1, 1),
	(910, NULL, 'MAESTRO MARIO FELICI          ', 'AV.MITRE Y FRAY LUIS BELTRAN            ', 3032, '02623-492096        ', NULL, NULL, NULL, 3, 1, 1, 1),
	(911, NULL, 'ANEXO 1                       ', 'PTE. PERÓN S/N CAMPO PAPA               ', 3033, '                    ', NULL, NULL, NULL, 3, 1, 1, 1),
	(912, NULL, 'ANEXO 2                       ', 'CAYETANO SILVA Y AMÉRICA CEC            ', 3033, '                    ', NULL, NULL, NULL, 3, 1, 1, 1),
	(913, NULL, 'MIGUEL LILLO                  ', 'ESPAÑA 850                              ', 3033, '0261-4221880        ', NULL, NULL, NULL, 3, 1, 1, 1),
	(914, NULL, 'ANEXO 1                       ', 'AGUSTÍN MAZA 1660                       ', 3034, '                    ', NULL, NULL, NULL, 3, 1, 1, 1),
	(915, NULL, 'ANEXO 2                       ', 'PUENTE EL ALAMITO 348                   ', 3034, '                    ', NULL, NULL, NULL, 3, 1, 1, 1),
	(916, NULL, 'RIO MALARGUE                  ', 'FORTIN MALARGUE 290                     ', 3034, '0                   ', NULL, NULL, NULL, 3, 1, 1, 1),
	(917, NULL, 'DR.JOSE FIGUEROA ALCORTA      ', 'CORDOBA S/N                             ', 3035, '0                   ', NULL, NULL, NULL, 3, 1, 1, 1),
	(918, NULL, 'DR. RAMON J CARCAGNO          ', 'ALBERDI 431                             ', 3036, '                    ', NULL, NULL, NULL, 3, 1, 1, 1),
	(919, NULL, 'JUAN LOPEZ BARROSO            ', 'TACUARI 934 B°AERONAUTICO               ', 3037, '0261-4307926        ', NULL, NULL, NULL, 3, 1, 1, 1),
	(920, NULL, 'PEDRO IGNACIO ANZORENA        ', 'ACONCAGUA S/N B° AEROPARQUE             ', 3038, '                    ', NULL, NULL, NULL, 3, 1, 1, 1),
	(921, NULL, 'AGUSTIN DELGADO               ', 'CHUQUISACA Y S.ARIAS - BARRIO           ', 3039, '0                   ', NULL, NULL, NULL, 3, 1, 1, 1),
	(922, NULL, 'ARMANDO TEJADA GOMEZ          ', 'GORRITI Y CAYETANO SILVA                ', 3041, '-4270069            ', NULL, NULL, NULL, 3, 1, 1, 1),
	(923, NULL, 'ANEXO 1                       ', 'POLIDEPORTIVO B° LA GLORIA              ', 3042, '                    ', NULL, NULL, NULL, 3, 1, 1, 1),
	(924, NULL, 'ANEXO 2                       ', 'POLIDEPORTIVO B° HUARPES II             ', 3042, '                    ', NULL, NULL, NULL, 3, 1, 1, 1),
	(925, NULL, 'ANEXO 3                       ', 'JARDIN MATERNAL 44 B° HUARPES I         ', 3042, '                    ', NULL, NULL, NULL, 3, 1, 1, 1),
	(926, NULL, 'CLAUDIA LILIANA GRAMAGLIA     ', 'BAHIA AGUIRRE S/N                       ', 3042, '                    ', NULL, NULL, NULL, 3, 1, 1, 1),
	(927, NULL, 'ANEXO 1                       ', 'SALTA 1050 G. CRUZ                      ', 3043, '                    ', NULL, NULL, NULL, 3, 1, 1, 1),
	(928, NULL, 'SIN NOMBRE                    ', 'FLORENCIO SANCHEZ Y AZCUENAGA           ', 3043, '0261-4221595        ', NULL, NULL, NULL, 3, 1, 1, 1),
	(929, NULL, 'ANEXO 1                       ', 'PASO HONDO Y PARAGUAY                   ', 3044, '                    ', NULL, NULL, NULL, 3, 1, 1, 1),
	(930, NULL, 'ANEXO 2                       ', 'ARISTÓBULO DEL VALLE S/N                ', 3044, '                    ', NULL, NULL, NULL, 3, 1, 1, 1),
	(931, NULL, 'SIN NOMBRE                    ', 'PASO HONDO 1320 B° SAN  PABLO           ', 3044, '0261-4480934        ', NULL, NULL, NULL, 3, 1, 1, 1),
	(932, NULL, 'OSVALDO ROQUE CALOMARDE       ', 'ROPOLO 6826                             ', 3045, '0261-4264071        ', NULL, NULL, NULL, 3, 1, 1, 1),
	(933, NULL, 'ANTONIO ESTEBAN AGUERO        ', 'ALMIRANTE BROWN 5708                    ', 3046, '0261-4510863        ', NULL, NULL, NULL, 3, 1, 1, 1),
	(934, NULL, 'ANEXO 1                       ', 'BDRA. DE LOS ANDES 8956                 ', 3047, '                    ', NULL, NULL, NULL, 3, 1, 1, 1),
	(935, NULL, 'ANEXO 2                       ', 'PASAJE CUBILLOS 10372 KM 11             ', 3047, '                    ', NULL, NULL, NULL, 3, 1, 1, 1),
	(936, NULL, 'HUGO LINO CAROSELLA           ', 'NAHUEL HUAPI Y SOLARI                   ', 3047, '                    ', NULL, NULL, NULL, 3, 1, 1, 1),
	(937, NULL, 'ESCUELA N° 3-048              ', 'PRESIDENTE ORTIZ 1651-V.HIPODR          ', 3048, '-270803             ', NULL, NULL, NULL, 3, 1, 1, 1),
	(938, NULL, 'ANEXO 1                       ', 'ELENA DE ROFFO Y CANDELARIA             ', 3049, '                    ', NULL, NULL, NULL, 3, 1, 1, 1),
	(939, NULL, 'SIN NOMBRE                    ', 'RIO JURAMENTO S/N HOGAR N_4 CORREC.VARON', 3049, '0261-4272000        ', NULL, NULL, NULL, 3, 1, 1, 1),
	(940, NULL, 'SIN NOMBRE                    ', 'CABRERA Y SALGUERO Bª DEL CARMEN        ', 3051, '155187722           ', NULL, NULL, NULL, 3, 1, 1, 1),
	(941, NULL, 'JOSE IGNACIO GORRITI          ', 'ZULOAGA S/N Bº GUEMES                   ', 3052, '0                   ', NULL, NULL, NULL, 3, 1, 1, 1),
	(942, NULL, 'ESCUELA N° 3-053              ', 'BERNARDINO RIVADAVIA S/N - ING          ', 3053, '0                   ', NULL, NULL, NULL, 3, 1, 1, 1),
	(943, NULL, 'ESCUELA N° 3-054              ', 'MASA Y LAMADRID-LA LIBERTAD             ', 3054, '0                   ', NULL, NULL, NULL, 3, 1, 1, 1),
	(944, NULL, 'M. MERCEDES R. DE LOPEZ       ', 'RUFINO ORTEGA 275-SANTA ROSA            ', 3055, '0                   ', NULL, NULL, NULL, 3, 1, 1, 1),
	(945, NULL, 'SIN NOMBRE                    ', '9 DE JULIO S/N                          ', 3056, '                    ', NULL, NULL, NULL, 3, 1, 1, 1),
	(946, NULL, 'ANEXO 1                       ', 'ALBERDI 66                              ', 3057, '                    ', NULL, NULL, NULL, 3, 1, 1, 1),
	(947, NULL, 'PADRE JULIAN NAVARRO          ', 'ILLIA Y 25 DE NOVIEMBRE                 ', 3057, '0                   ', NULL, NULL, NULL, 3, 1, 1, 1),
	(948, NULL, 'ESCUELA N° 3-058              ', 'SAN LORENZO Y DERQUI BARRIO UR          ', 3058, '-22665              ', NULL, NULL, NULL, 3, 1, 1, 1),
	(949, NULL, 'ESCUELA N° 3-059              ', '25 DE MAYO S/N VISTA FLORES             ', 3059, '-33                 ', NULL, NULL, NULL, 3, 1, 1, 1),
	(950, NULL, 'ANEXO 1                       ', 'RUTA 40 S/N EUGENIO BUSTOS              ', 3060, '                    ', NULL, NULL, NULL, 3, 1, 1, 1),
	(951, NULL, 'MTRO ANIBAL MOLINA SIMONOVICH ', 'INDEPENDENCIA 274                       ', 3060, '02622-451060        ', NULL, NULL, NULL, 3, 1, 1, 1),
	(952, NULL, 'ESCUELA N° 3-061              ', 'EX.RUTA 40 S/N PAREDITAS                ', 3061, '0                   ', NULL, NULL, NULL, 3, 1, 1, 1),
	(953, NULL, 'ANEXO 1                       ', 'LINIERS S/N CIUDAD                      ', 3062, '                    ', NULL, NULL, NULL, 3, 1, 1, 1),
	(954, NULL, 'ANEXO 2                       ', 'RIPIERA VILLA BASTIAS                   ', 3062, '                    ', NULL, NULL, NULL, 3, 1, 1, 1),
	(955, NULL, 'ANEXO 3                       ', 'MONS. FERNANDEZ S/N H. DEANCIANO        ', 3062, '                    ', NULL, NULL, NULL, 3, 1, 1, 1),
	(956, NULL, 'ANEXO 4                       ', 'KENNEDY S/N CIUDAD                      ', 3062, '                    ', NULL, NULL, NULL, 3, 1, 1, 1),
	(957, NULL, 'ANEXO 5                       ', 'CALLE LA GLORIA S/N SAN JOSE            ', 3062, '                    ', NULL, NULL, NULL, 3, 1, 1, 1),
	(958, NULL, 'ANEXO 6                       ', 'Bº PRESIDENCIA SAN JOSE                 ', 3062, '                    ', NULL, NULL, NULL, 3, 1, 1, 1),
	(959, NULL, 'ANEXO 7                       ', 'MORENO S/N CIUDAD                       ', 3062, '                    ', NULL, NULL, NULL, 3, 1, 1, 1),
	(960, NULL, 'SIN NOMBRE                    ', 'BELGRANO 1650                           ', 3062, '02622-489207        ', NULL, NULL, NULL, 3, 1, 1, 1),
	(961, NULL, 'ANEXO 1                       ', 'LA COSTA S/N GUALTALLARY                ', 3063, '                    ', NULL, NULL, NULL, 3, 1, 1, 1),
	(962, NULL, 'ANEXO 2                       ', 'CARRIL ZAPATA E IRIARTE                 ', 3063, '                    ', NULL, NULL, NULL, 3, 1, 1, 1),
	(963, NULL, 'ANEXO 3                       ', 'IRIARTE S/N EL ZAMPAL                   ', 3063, '                    ', NULL, NULL, NULL, 3, 1, 1, 1),
	(964, NULL, 'ANEXO 4                       ', 'RUTA 40 Y CARRIL ZAPATA                 ', 3063, '                    ', NULL, NULL, NULL, 3, 1, 1, 1),
	(965, NULL, 'SIN NOMBRE                    ', 'IRIARTE S/N                             ', 3063, '0                   ', NULL, NULL, NULL, 3, 1, 1, 1),
	(966, NULL, 'ANEXO 1                       ', 'CALLEJÓN LAS ROSAS                      ', 3064, '                    ', NULL, NULL, NULL, 3, 1, 1, 1),
	(967, NULL, 'ANEXO 2                       ', 'AMAPOLA 150 ISLA RÍO DIAMANTE           ', 3064, '                    ', NULL, NULL, NULL, 3, 1, 1, 1),
	(968, NULL, 'ANEXO 3                       ', 'JACARANDÁ S/N                           ', 3064, '                    ', NULL, NULL, NULL, 3, 1, 1, 1),
	(969, NULL, 'ABDON ANTONIO GATTAS          ', 'AMAPOLA 200 ISLA RIO DIAMANTE           ', 3064, '                    ', NULL, NULL, NULL, 3, 1, 1, 1),
	(970, NULL, 'FORTIN 25 DE MAYO             ', 'EL TOLEDANO S/N                         ', 3065, '                    ', NULL, NULL, NULL, 3, 1, 1, 1),
	(971, NULL, 'PROFESORA NORMA SUSANA DIAZ   ', 'OLASCOAGA 780                           ', 3066, '                    ', NULL, NULL, NULL, 3, 1, 1, 1),
	(972, NULL, 'ESCUELA N° 3-067              ', 'DIAGONAL JORGE SIMON S/N                ', 3067, '0                   ', NULL, NULL, NULL, 3, 1, 1, 1),
	(973, NULL, 'GOICO                         ', 'CALLE 7 LA MARZOLINA S/N                ', 3068, '                    ', NULL, NULL, NULL, 3, 1, 1, 1),
	(974, NULL, 'TUPAC AMARU                   ', '25 DE MAYO 1036                         ', 3069, '0                   ', NULL, NULL, NULL, 3, 1, 1, 1),
	(975, NULL, 'ESCUELA N° 3-070              ', 'MONTES DE OCA 117 -                     ', 3070, '-4222245            ', NULL, NULL, NULL, 3, 1, 1, 1),
	(976, NULL, 'ESCUELA N° 3-071              ', 'PENITENCIARIA PROVINCIAL -B.SU          ', 3071, '0                   ', NULL, NULL, NULL, 3, 1, 1, 1),
	(977, NULL, 'VICENTE ALFREDO HAUSER        ', 'CARCEL DE ENCAUS-AV.MITRE 2012          ', 3072, '-24253              ', NULL, NULL, NULL, 3, 1, 1, 1),
	(978, NULL, 'LA COLONIA                    ', 'FUNES Y COBOS S/N COLON.BARRAQ          ', 3073, '0261-4900130        ', NULL, NULL, NULL, 3, 1, 1, 1),
	(979, NULL, 'ESCUELA N° 3-074              ', 'F.SERPA 200 HOGAR PAULA A.SARM          ', 3074, '-980399             ', NULL, NULL, NULL, 3, 1, 1, 1),
	(980, NULL, 'ANEXO 1                       ', 'EL PLATEADO                             ', 3075, '                    ', NULL, NULL, NULL, 3, 1, 1, 1),
	(981, NULL, 'ANEXO 2                       ', 'LA GUEVARINA                            ', 3075, '                    ', NULL, NULL, NULL, 3, 1, 1, 1),
	(982, NULL, 'MTRO GONZALO TABANERA         ', 'SARMIENTO Y B.ARIZU                     ', 3075, '                    ', NULL, NULL, NULL, 3, 1, 1, 1),
	(983, NULL, 'CORA TEIJEIRO DE ACOSTA       ', 'SARMIENTO 351                           ', 3076, '                    ', NULL, NULL, NULL, 3, 1, 1, 1),
	(984, NULL, 'ESCUELA N° 3-077              ', 'TEODORO SCHESTAKOW S/N LA LLAV          ', 3077, '0                   ', NULL, NULL, NULL, 3, 1, 1, 1),
	(985, NULL, 'LUIS FRANCISCO GRASSI         ', 'CARMEN DEL NIHUIL NRO 29                ', 3078, '0                   ', NULL, NULL, NULL, 3, 1, 1, 1),
	(986, NULL, 'ARNALDO ARTURO LINDAVER       ', 'EL TOLEDANO LAS PAREDES                 ', 3079, '0                   ', NULL, NULL, NULL, 3, 1, 1, 1),
	(987, NULL, 'ESCUELA N° 3-080              ', 'LEONARDO DA VINCI 1600                  ', 3080, '0                   ', NULL, NULL, NULL, 3, 1, 1, 1),
	(988, NULL, 'ESCUELA N° 3-081              ', 'COLON 128 COSTA DE ARAUJO               ', 3081, '0                   ', NULL, NULL, NULL, 3, 1, 1, 1),
	(989, NULL, 'SIN NOMBRE                    ', 'Bº PUEBLO UNIDAD                        ', 3083, '0                   ', NULL, NULL, NULL, 3, 1, 1, 1),
	(990, NULL, 'SIN NOMBRE                    ', 'SAN MARTIN S/N CARMENSA                 ', 3084, '                    ', NULL, NULL, NULL, 3, 1, 1, 1),
	(991, NULL, 'SANTE ERMINIO ARBOIT          ', 'G. CANO S/N (LAS YEGUITAS)              ', 3085, '0                   ', NULL, NULL, NULL, 3, 1, 1, 1),
	(992, NULL, 'MILLCAYAC                     ', 'TIERRA DEL FUEGO Y SEBASTIAN GABOTO     ', 3086, '0                   ', NULL, NULL, NULL, 3, 1, 1, 1),
	(993, NULL, 'CARLOS ALBERTO POCHO SOSA     ', 'LAGUNA DE GUANACACHE Y MADRID           ', 3087, '                    ', NULL, NULL, NULL, 3, 1, 1, 1),
	(994, NULL, 'JOVENES DE MALVINAS           ', 'B° RUFINO MOYANO                        ', 3088, '                    ', NULL, NULL, NULL, 3, 1, 1, 1),
	(995, NULL, 'ESCUELA N° 3-089              ', 'B.LOS ALERCES CARRODILLA                ', 3089, '0                   ', NULL, NULL, NULL, 3, 1, 1, 1),
	(996, NULL, 'ESCUELA N° 3-090              ', 'BARCALA 20                              ', 3090, '0                   ', NULL, NULL, NULL, 3, 1, 1, 1),
	(997, NULL, 'SIN NOMBRE                    ', 'RUTA NAC. 40                            ', 3091, '0                   ', NULL, NULL, NULL, 3, 1, 1, 1),
	(998, NULL, 'ANEXO 1                       ', 'COOPERGUAY  G. CRUZ Y BOLIVIA           ', 3092, '                    ', NULL, NULL, NULL, 3, 1, 1, 1),
	(999, NULL, 'JUAN DANIEL MARTI             ', 'SARMIENTO Y CORREA SAA                  ', 3092, '0261-4452214        ', NULL, NULL, NULL, 3, 1, 1, 1),
	(1000, NULL, 'SIN NOMBRE                    ', 'RUTA  PROV. 15  (LA PICADA)             ', 3093, '0261-4991076        ', NULL, NULL, NULL, 3, 1, 1, 1),
	(1001, NULL, 'OASIS MENDOCINO               ', 'S ARIAS Y CHUQUISACA                    ', 3094, '                    ', NULL, NULL, NULL, 3, 1, 1, 1),
	(1002, NULL, 'SIN NOMBRE                    ', 'CADETES ARGENTINOS 372                  ', 3095, '0                   ', NULL, NULL, NULL, 3, 1, 1, 1),
	(1003, NULL, 'ANEXO 1                       ', 'B° NUEVA ESPERANZA-UNION VECINAL        ', 3096, '                    ', NULL, NULL, NULL, 3, 1, 1, 1),
	(1004, NULL, 'ANEXO 2                       ', 'B°NUEVO AMANECER-UNION VECINAL          ', 3096, '                    ', NULL, NULL, NULL, 3, 1, 1, 1),
	(1005, NULL, 'PUESTO LIMA                   ', 'MH C6 B° JARDIN ALTO MENDOZA            ', 3096, '                    ', NULL, NULL, NULL, 3, 1, 1, 1),
	(1006, NULL, 'ANEXO 1                       ', 'FEDERICO CANTONI S/N                    ', 3097, '                    ', NULL, NULL, NULL, 3, 1, 1, 1),
	(1007, NULL, 'ANEXO 2                       ', 'EJÉRCITO DE LOS ANDES S/N               ', 3097, '                    ', NULL, NULL, NULL, 3, 1, 1, 1),
	(1008, NULL, 'ANEXO 3                       ', 'EJÉRCITO DE LOS ANDES R. ATUEL          ', 3097, '                    ', NULL, NULL, NULL, 3, 1, 1, 1),
	(1009, NULL, 'ARNALDO ARTURO LINDAUER       ', 'PROLONGACION VELEZ SARSFIELD S/N        ', 3097, '0                   ', NULL, NULL, NULL, 3, 1, 1, 1),
	(1010, NULL, 'ESCUELA N° 3-098              ', '                                        ', 3098, '0                   ', NULL, NULL, NULL, 3, 1, 1, 1),
	(1011, NULL, 'ANEXO 1                       ', 'B° ALVAREZ CONDARCO                     ', 3099, '                    ', NULL, NULL, NULL, 3, 1, 1, 1),
	(1012, NULL, 'SIN NOMBRE                    ', 'CALLE 14 S/N - Bº 26 DE ENERO           ', 3099, '0261-154665341      ', NULL, NULL, NULL, 3, 1, 1, 1),
	(1013, NULL, 'ANEXO 1                       ', 'PAREDITAS EL PARAMILLO                  ', 3100, '                    ', NULL, NULL, NULL, 3, 1, 1, 1),
	(1014, NULL, 'ANEXO 2                       ', 'CHILECITO                               ', 3100, '                    ', NULL, NULL, NULL, 3, 1, 1, 1),
	(1015, NULL, 'ANEXO 3                       ', 'TRES ESQUINAS                           ', 3100, '                    ', NULL, NULL, NULL, 3, 1, 1, 1),
	(1016, NULL, 'ANEXO 4                       ', 'EL CEPILLO                              ', 3100, '                    ', NULL, NULL, NULL, 3, 1, 1, 1),
	(1017, NULL, 'HILDA FILOMENA ARUANI         ', 'MAESTRA RENEE S/N                       ', 3100, '02622-470394        ', NULL, NULL, NULL, 3, 1, 1, 1),
	(1018, NULL, 'SIN NOMBRE                    ', 'RUTA 92 LOS SAUCES                      ', 3101, '0                   ', NULL, NULL, NULL, 3, 1, 1, 1),
	(1019, NULL, 'COMBATIENTES DE MALVINAS      ', 'ALBERDI Y ESPINOLA                      ', 3102, '02627-434885        ', NULL, NULL, NULL, 3, 1, 1, 1),
	(1020, NULL, 'ANEXO 1                       ', 'CENTRO CULTURAL RODEO DEL MEDIO         ', 3103, '                    ', NULL, NULL, NULL, 3, 1, 1, 1),
	(1021, NULL, 'SIN NOMBRE                    ', 'DIGTA S/N - Bº 25 DE MAYO               ', 3103, '                    ', NULL, NULL, NULL, 3, 1, 1, 1),
	(1022, NULL, 'ANEXO 1                       ', 'MOISÉS TUBERT 110                       ', 3104, '                    ', NULL, NULL, NULL, 3, 1, 1, 1),
	(1023, NULL, 'SIN NOMBRE                    ', 'INDEPENDENCIA 2179                      ', 3104, '                    ', NULL, NULL, NULL, 3, 1, 1, 1),
	(1024, NULL, 'ANEXO 1                       ', 'BARRIO BELLAVISTA PERDIEL               ', 3105, '                    ', NULL, NULL, NULL, 3, 1, 1, 1),
	(1025, NULL, 'ANEXO 2                       ', 'URUGUAY Y AMEGHINO TRES ESQUINAS        ', 3105, '                    ', NULL, NULL, NULL, 3, 1, 1, 1),
	(1026, NULL, 'SIN NOMBRE                    ', 'VARASCHIN 93                            ', 3105, '0                   ', NULL, NULL, NULL, 3, 1, 1, 1),
	(1027, NULL, 'ESCUELA N° 3-106              ', 'SALVADOR ARIAS Y CHUQUISACA             ', 3106, '0                   ', NULL, NULL, NULL, 3, 1, 1, 1),
	(1028, NULL, 'ANEXO 1                       ', 'GRENON Y LAS GOLONDRINAS                ', 3107, '                    ', NULL, NULL, NULL, 3, 1, 1, 1),
	(1029, NULL, 'ANEXO 2                       ', 'SEVERO DEL CASTILLO 4000                ', 3107, '                    ', NULL, NULL, NULL, 3, 1, 1, 1),
	(1030, NULL, 'PUENTE DE HIERRO              ', 'FELIX ARAUJO S/N                        ', 3107, '0261-4820822        ', NULL, NULL, NULL, 3, 1, 1, 1),
	(1031, NULL, 'PAULO FREIRE                  ', 'B°INFANTA  M17  CALLE 8 Y 11            ', 3108, '                    ', NULL, NULL, NULL, 3, 1, 1, 1),
	(1032, NULL, 'SIN NOMBRE                    ', 'ISLAS MALVINAS  ATUEL NORTE             ', 3109, '                    ', NULL, NULL, NULL, 3, 1, 1, 1),
	(1033, NULL, 'SIN NOMBRE                    ', 'SANTIAGO DEL ESTERO Y RÍO DULCE         ', 3110, '                    ', NULL, NULL, NULL, 3, 1, 1, 1),
	(1034, NULL, 'SIN NOMBRE                    ', 'RUTA 20 Y SAN MARTIN                    ', 3111, '155619005           ', NULL, NULL, NULL, 3, 1, 1, 1),
	(1035, NULL, 'SIN NOMBRE                    ', 'URQUIZA S/N                             ', 3112, '02627-492078        ', NULL, NULL, NULL, 3, 1, 1, 1),
	(1036, NULL, 'ANEXO 1                       ', 'POLIDEPORTIVO B. LA GLORIA              ', 3114, '                    ', NULL, NULL, NULL, 3, 1, 1, 1),
	(1037, NULL, 'SIN NOMBRE                    ', 'CABO SAN SEBASTIAN S/N                  ', 3114, '                    ', NULL, NULL, NULL, 3, 1, 1, 1),
	(1038, NULL, 'ESCUELA N° 3-115              ', 'Bo. LOS ALERCES II                      ', 3115, '0                   ', NULL, NULL, NULL, 3, 1, 1, 1),
	(1039, NULL, 'ESCUELA N° 3-116              ', 'RECUERO S/N                             ', 3116, '0                   ', NULL, NULL, NULL, 3, 1, 1, 1),
	(1040, NULL, 'ANEXO 1                       ', 'B° URBANO LAS SIERRAS                   ', 3117, '                    ', NULL, NULL, NULL, 3, 1, 1, 1),
	(1041, NULL, 'SIN NOMBRE                    ', 'SAN MARTÍN 2366                         ', 3117, '0                   ', NULL, NULL, NULL, 3, 1, 1, 1),
	(1042, NULL, 'SIN NOMBRE                    ', 'RIVADAVIA Y DE LA ESTACIÒN              ', 3118, '                    ', NULL, NULL, NULL, 3, 1, 1, 1),
	(1043, NULL, 'ANEXO 1                       ', 'CARRIL MONTECASEROS S/N                 ', 3119, '                    ', NULL, NULL, NULL, 3, 1, 1, 1),
	(1044, NULL, 'ANEXO 2                       ', 'FINCA LA AGRÍCOLA EL MERCADO            ', 3119, '                    ', NULL, NULL, NULL, 3, 1, 1, 1),
	(1045, NULL, 'SIN NOMBRE                    ', 'CARRIL MONTECASEROS S/N                 ', 3119, '0                   ', NULL, NULL, NULL, 3, 1, 1, 1),
	(1046, NULL, 'SIN NOMBRE                    ', 'FINCA ROCEMA                            ', 3120, '0                   ', NULL, NULL, NULL, 3, 1, 1, 1),
	(1047, NULL, 'COSTA DE ARAUJO               ', 'COLON 128                               ', 3121, '                    ', NULL, NULL, NULL, 3, 1, 1, 1),
	(1048, NULL, 'SIN NOMBRE (PENITENCIARIA PCIA', 'BOULOGNE SUR MER 1890                   ', 3122, '0261-4362431        ', NULL, NULL, NULL, 3, 1, 1, 1),
	(1049, NULL, 'ALCAIDE MAYOR VICENTE A. HAUSE', 'MITRE 2012                              ', 3123, '02627-422083        ', NULL, NULL, NULL, 3, 1, 1, 1),
	(1050, NULL, 'SIN NOMBRE                    ', 'DR. MORENO 1557                         ', 3124, '                    ', NULL, NULL, NULL, 3, 1, 1, 1),
	(1051, NULL, 'ANEXO 1                       ', 'B° FLORES OESTE CALLE PCIPAL            ', 3126, '                    ', NULL, NULL, NULL, 3, 1, 1, 1),
	(1052, NULL, 'ANEXO 2                       ', 'B°FLORES SUR MA C13                     ', 3126, '                    ', NULL, NULL, NULL, 3, 1, 1, 1),
	(1053, NULL, 'SIN NOMBRE                    ', 'B°FLORES SUR CALLE 3                    ', 3126, '                    ', NULL, NULL, NULL, 3, 1, 1, 1),
	(1054, NULL, 'SIN NOMBRE                    ', 'AVENIDA LIBERTADOR S/N                  ', 3127, '0                   ', NULL, NULL, NULL, 3, 1, 1, 1),
	(1055, NULL, 'SIN NOMBRE                    ', 'JUAN B. JUSTO Y ESPAÑA                  ', 3128, '261-4951283         ', NULL, NULL, NULL, 3, 1, 1, 1),
	(1056, NULL, 'ANEXO 1                       ', 'ALSINA Y 3 DE FEBRERO                   ', 3201, '                    ', NULL, NULL, NULL, 3, 1, 1, 1),
	(1057, NULL, 'SUBOFIC. HUGO ALBERTO LEPEZ   ', 'MONTEAGUDO Y ALBOX B° 30 DE OCTUBRE     ', 3201, '                    ', NULL, NULL, NULL, 3, 1, 1, 1),
	(1058, NULL, 'SIN NOMBRE                    ', 'AV. LAS HERAS Y TUPUNGATO               ', 3202, '                    ', NULL, NULL, NULL, 3, 1, 1, 1),
	(1059, NULL, 'ANEXO 1                       ', 'BARRIO SAN CAYETANO VISTA FLORES        ', 3204, '                    ', NULL, NULL, NULL, 3, 1, 1, 1),
	(1060, NULL, 'SIN NOMBRE                    ', 'NESTOR LENCINAS S/N                     ', 3204, '0                   ', NULL, NULL, NULL, 3, 1, 1, 1),
	(1061, NULL, 'SIN NOMBRE                    ', 'EL ALAMO S/N                            ', 3205, '0                   ', NULL, NULL, NULL, 3, 1, 1, 1),
	(1062, NULL, 'SIN NOMBRE                    ', 'SEVERO DEL CASTILLO S/N                 ', 3206, '0                   ', NULL, NULL, NULL, 3, 1, 1, 1),
	(1063, NULL, 'ANEXO 1                       ', 'GOMENSORO 2699                          ', 3207, '                    ', NULL, NULL, NULL, 3, 1, 1, 1),
	(1064, NULL, 'DOCTORA JULIETA LANTERI       ', 'SAN LORENZO 1267                        ', 3207, '                    ', NULL, NULL, NULL, 3, 1, 1, 1),
	(1065, NULL, 'LUIS TIRASSO                  ', 'ORTEGA Y ARGUMEDO                       ', 3208, '0261-4820817        ', NULL, NULL, NULL, 3, 1, 1, 1),
	(1066, NULL, 'SIN NOMBRE                    ', 'J. M. GIL 3845                          ', 3209, '                    ', NULL, NULL, NULL, 3, 1, 1, 1),
	(1067, NULL, 'SIN NOMBRE                    ', 'LIBERTAD 210                            ', 3210, '0                   ', NULL, NULL, NULL, 3, 1, 1, 1),
	(1068, NULL, 'SIN NOMBRE                    ', 'CAYETANO SILVA 573                      ', 3211, '0261-4284588        ', NULL, NULL, NULL, 3, 1, 1, 1),
	(1069, NULL, 'SIN NOMBRE                    ', 'Bº STO. TOMÁS DE AQUINO - COMEDOR COMUN.', 3212, '156559925           ', NULL, NULL, NULL, 3, 1, 1, 1),
	(1070, NULL, 'SIN NOMBRE                    ', 'AVELLANEDA 585                          ', 3213, '                    ', NULL, NULL, NULL, 3, 1, 1, 1),
	(1071, NULL, 'PROF. CARLOS FUENTEALBA       ', 'BOULOGNE SUR MER 1600                   ', 3214, '0                   ', NULL, NULL, NULL, 3, 1, 1, 1),
	(1072, NULL, 'CLAUDIA LOURDES ORONÁ         ', 'BOULOGNE SUR MER 1500                   ', 3215, '                    ', NULL, NULL, NULL, 3, 1, 1, 1),
	(1073, NULL, 'SIN NOMBRE                    ', 'SAAVEDRA 416                            ', 3216, '                    ', NULL, NULL, NULL, 3, 1, 1, 1),
	(1074, NULL, 'SIN NOMBRE                    ', '9 DE JULIO Y SAN FERNANDO B° COVIMET    ', 3217, '                    ', NULL, NULL, NULL, 3, 1, 1, 1),
	(1075, NULL, 'S/NOMBRE                      ', 'AVENIDA ESPAÑA 130                      ', 3218, '0                   ', NULL, NULL, NULL, 3, 1, 1, 1),
	(1076, NULL, 'ESCUELA N° 3-219              ', '                                        ', 3219, '0                   ', NULL, NULL, NULL, 3, 1, 1, 1),
	(1077, NULL, 'ESCUELA N° 3-220              ', '                                        ', 3220, '0                   ', NULL, NULL, NULL, 3, 1, 1, 1),
	(1078, NULL, 'EX-PROGRAMA FEDERAL           ', '9 DE JULIO S/N                          ', 3221, '0                   ', NULL, NULL, NULL, 3, 1, 1, 1),
	(1079, NULL, 'EX-PLAN FEDERAL DE ALFABETIZAC', 'MARTIN GARCIA S/N                       ', 3222, '0                   ', NULL, NULL, NULL, 3, 1, 1, 1),
	(1080, NULL, 'ESCUELA N° 3-223              ', 'GRAL.MOSCONI Y GRAL.L.HERAS             ', 3223, '0                   ', NULL, NULL, NULL, 3, 1, 1, 1),
	(1081, NULL, 'EX-PLAN FEDERAL DE ALFABETIZAC', 'LOS ANDES S/N (DIRECTORA)               ', 3224, '0                   ', NULL, NULL, NULL, 3, 1, 1, 1),
	(1082, NULL, 'EX-PLAN FEDERAL DE ALFABETIZAC', 'RIVADAVIA 210 (DIRECTORA)               ', 3225, '0622-22612          ', NULL, NULL, NULL, 3, 1, 1, 1),
	(1083, NULL, 'SISTEMA SEMI-PRESENCIAL  (ESC.', 'LAS LAGUNITAS                           ', 3400, '     0              ', NULL, NULL, NULL, 3, 1, 1, 1),
	(1084, NULL, 'SISTEMA SEMI-PRESEINCIAL  (ESC', 'ARROYITO                                ', 3400, '     0              ', NULL, NULL, NULL, 3, 1, 1, 1),
	(1085, NULL, 'SISTEMA SEMI-PRESENCIAL       ', 'EL MANZANO                              ', 3400, '     0              ', NULL, NULL, NULL, 3, 1, 1, 1),
	(1086, NULL, 'SISTEMA SEMI-PRESENCIAL       ', 'AGUA ESCONDIDA                          ', 3400, '     0              ', NULL, NULL, NULL, 3, 1, 1, 1),
	(1087, NULL, 'SISTEMA SEMI-PRESENCIAL       ', 'RANQUIL NORTE                           ', 3400, '     0              ', NULL, NULL, NULL, 3, 1, 1, 1),
	(1088, NULL, 'SEMIPRESENCIAL DEL DESIERTO   ', 'PEDRO MOLINA 745                        ', 3400, '0                   ', NULL, NULL, NULL, 3, 1, 1, 1),
	(1089, NULL, 'FELIX DARDO PALORMA           ', 'CORONEL PLAZA 303 YP. MENDOCINAS        ', 3401, '0261-4231011        ', NULL, NULL, NULL, 3, 1, 1, 1),
	(1090, NULL, 'SAN NICOLÁS DEL CARRASCAL     ', 'GUTIERREZ 350                           ', 3402, '0261-4200310        ', NULL, NULL, NULL, 3, 1, 1, 1),
	(1091, NULL, 'PROFESOR OCTAVIO CORRADINI    ', 'MONTECASEROS 1977                       ', 3403, '0261-4256538        ', NULL, NULL, NULL, 3, 1, 1, 1),
	(1092, NULL, 'SIN NOMBRE                    ', 'PASO DE LOS ANDES 78                    ', 3404, '0261-4274950        ', NULL, NULL, NULL, 3, 1, 1, 1),
	(1093, NULL, 'SIN NOMBRE                    ', 'VUELTA DE OBLIGADO 700                  ', 3405, '0261-4254976        ', NULL, NULL, NULL, 3, 1, 1, 1),
	(1094, NULL, 'SIN NOMBRE                    ', 'CHILE 1782                              ', 3406, '                    ', NULL, NULL, NULL, 3, 1, 1, 1),
	(1095, NULL, 'Padre Jorge Contreras         ', 'SAAVEDRA 416                            ', 3407, '0261-4323640        ', NULL, NULL, NULL, 3, 1, 1, 1),
	(1096, NULL, 'BELGRANO EDUCADOR             ', 'MARTÍNEZ DE ROSAS 2220                  ', 3408, '0261-4232100        ', NULL, NULL, NULL, 3, 1, 1, 1),
	(1097, NULL, 'SIN NOMBRE                    ', 'PELLEGRINI 671                          ', 3409, '0261-4258059        ', NULL, NULL, NULL, 3, 1, 1, 1),
	(1098, NULL, 'PROF. RAFAEL MONTEMAYOR       ', 'JUAN G. GODOY 758 B°DECAVIAL            ', 3410, '0261-4525636        ', NULL, NULL, NULL, 3, 1, 1, 1),
	(1099, NULL, 'RAQUEL ROBERT                 ', 'VUELTA DE OBLIGADO 700                  ', 3411, '0261-4257335        ', NULL, NULL, NULL, 3, 1, 1, 1),
	(1100, NULL, 'SIN NOMBRE                    ', 'ALLAYME 370                             ', 3412, '0261-4313400        ', NULL, NULL, NULL, 3, 1, 1, 1),
	(1101, NULL, 'SIN NOMBRE                    ', 'SEVERO DEL CASTILLO 5000                ', 3413, '                    ', NULL, NULL, NULL, 3, 1, 1, 1),
	(1102, NULL, 'VALENTIN ORTIZ                ', 'CALLE PUBLICA S/N                       ', 3414, '02624-420068        ', NULL, NULL, NULL, 3, 1, 1, 1),
	(1103, NULL, 'JORGE ADOLFO PASCHCUAN        ', 'LOS CARDOS Y LAS CLAVELINAS             ', 3415, '0261-4441477        ', NULL, NULL, NULL, 3, 1, 1, 1),
	(1104, NULL, 'SIN NOMBRE                    ', 'BELGRANO 777 LAS HERAS                  ', 3416, '0261-4572442        ', NULL, NULL, NULL, 3, 1, 1, 1),
	(1105, NULL, 'FRANCISCO OREGLIA             ', 'J.V.MARTINEZ Y T.DE SAN MARTIN          ', 3417, '0261-4812828        ', NULL, NULL, NULL, 3, 1, 1, 1),
	(1106, NULL, 'AULA ANEXA                    ', 'RUTA PROVINCIAL 50 S/N ALTO VERDE       ', 3418, '                    ', NULL, NULL, NULL, 3, 1, 1, 1),
	(1107, NULL, 'SIN NOMBRE                    ', 'FRENCH 149                              ', 3418, '                    ', NULL, NULL, NULL, 3, 1, 1, 1),
	(1108, NULL, 'INGENIERO AMALIA GODOY        ', 'BELGRANO 261                            ', 3419, '                    ', NULL, NULL, NULL, 3, 1, 1, 1),
	(1109, NULL, 'SIN NOMBRE                    ', 'ESPEJO Y DEFENSA                        ', 3420, '                    ', NULL, NULL, NULL, 3, 1, 1, 1),
	(1110, NULL, 'MARGARITA M. DE TORRES        ', 'BOULEVARD GUEMES 125 Y BELGRANO         ', 3421, '02622-488997        ', NULL, NULL, NULL, 3, 1, 1, 1),
	(1111, NULL, 'SIN NOMBRE                    ', 'SAN MARTIN 808                          ', 3422, '                    ', NULL, NULL, NULL, 3, 1, 1, 1),
	(1112, NULL, 'SIN NOMBRE                    ', 'CORNELIO SAAVEDRA 280  LA CONSLULTA     ', 3423, '06222-470168        ', NULL, NULL, NULL, 3, 1, 1, 1),
	(1113, NULL, 'SIN NOMBRE                    ', 'MONTEVIDEO S/N                          ', 3424, '                    ', NULL, NULL, NULL, 3, 1, 1, 1),
	(1114, NULL, 'SIN NOMBRE                    ', 'MITRE 740                               ', 3425, '0261-4237522        ', NULL, NULL, NULL, 3, 1, 1, 1),
	(1115, NULL, 'AULA ANEXA                    ', 'TOMA GODOY CRUZ S/N° VILLA ATUEL        ', 3426, '02625-491011        ', NULL, NULL, NULL, 3, 1, 1, 1),
	(1116, NULL, 'SIN NOMBRE                    ', 'CORDOBA SUR 127 REAL DEL PADRE          ', 3426, '02625-491011        ', NULL, NULL, NULL, 3, 1, 1, 1),
	(1117, NULL, 'SIN NOMBRE                    ', 'RUTA NACIONAL N°7                       ', 3427, '02624-420057        ', NULL, NULL, NULL, 3, 1, 1, 1),
	(1118, NULL, 'SIN NOMBRE                    ', 'SAN J.BOSCO Y GODOY CRUZ                ', 3428, '02627-422662        ', NULL, NULL, NULL, 3, 1, 1, 1),
	(1119, NULL, 'SIN NOMBRE                    ', 'RUTA 34 Y CENTENARIO                    ', 3429, '                    ', NULL, NULL, NULL, 3, 1, 1, 1),
	(1120, NULL, 'AULA ANEXA                    ', '9 DE JULIO Y SAN MARTIN                 ', 3430, '02622-422212        ', NULL, NULL, NULL, 3, 1, 1, 1),
	(1121, NULL, 'SIN NOMBRE                    ', 'SALTA Y SANTA FE                        ', 3430, '02622-422212        ', NULL, NULL, NULL, 3, 1, 1, 1),
	(1122, NULL, 'SIN NOMBRE                    ', 'LAVALLE 382                             ', 3431, '0                   ', NULL, NULL, NULL, 3, 1, 1, 1),
	(1123, NULL, 'SIN NOMBRE                    ', 'LOS ZORZALES Y  TRAPICHE                ', 3432, '0261-4440919        ', NULL, NULL, NULL, 3, 1, 1, 1),
	(1124, NULL, 'SIN NOMBRE                    ', 'SARMIENTO 253                           ', 3433, '02625-480075        ', NULL, NULL, NULL, 3, 1, 1, 1),
	(1125, NULL, 'SIN NOMBRE                    ', 'SAN ISIDRO 791                          ', 3434, '                    ', NULL, NULL, NULL, 3, 1, 1, 1),
	(1126, NULL, 'SIN NOMBRE                    ', 'GUAYMARE Y BUENOS VECINOS               ', 3435, '0261-155441448      ', NULL, NULL, NULL, 3, 1, 1, 1),
	(1127, NULL, 'CACICA JOSEFA ROCO            ', 'AVENIDAS 9 DE JULIO E HIPOLITO IRIGOYEN ', 3436, '02627-429259        ', NULL, NULL, NULL, 3, 1, 1, 1),
	(1128, NULL, 'PROF. DANTE BUFANO            ', '20 DE SETIEMBRE 132                     ', 3437, '0261-4985728        ', NULL, NULL, NULL, 3, 1, 1, 1),
	(1129, NULL, 'SIN NOMBRE                    ', 'LAS HERAS 391 Y BONFANTI                ', 3438, '02622-452084        ', NULL, NULL, NULL, 3, 1, 1, 1),
	(1130, NULL, 'SIN NOMBRE                    ', 'COLON 128                               ', 3439, '02623-494057        ', NULL, NULL, NULL, 3, 1, 1, 1),
	(1131, NULL, 'PROF. R. BENITO VIDELA        ', 'MARTINO Y CALLE 10 B° BELGRANO          ', 3440, '                    ', NULL, NULL, NULL, 3, 1, 1, 1),
	(1132, NULL, 'SIN NOMBRE                    ', 'PARANA 344                              ', 3441, '0261-4454554        ', NULL, NULL, NULL, 3, 1, 1, 1),
	(1133, NULL, 'SIN NOMBRE                    ', 'TIERRA DEL FUEGO 8220                   ', 3442, '0261-4362720        ', NULL, NULL, NULL, 3, 1, 1, 1),
	(1134, NULL, 'DR. ERNESTO GUEVARA           ', 'MNA 1 B° DOLORES P. DE HUISI            ', 3443, '0261-4396520        ', NULL, NULL, NULL, 3, 1, 1, 1),
	(1135, NULL, 'AULA ANEXA                    ', 'SALTO  DE LAS ROSAS                     ', 3444, '02627-492078        ', NULL, NULL, NULL, 3, 1, 1, 1),
	(1136, NULL, 'SIN NOMBRE                    ', 'URQUIZA S/N                             ', 3444, '02627-492078        ', NULL, NULL, NULL, 3, 1, 1, 1),
	(1137, NULL, 'SIN NOMBRE                    ', 'GENERAL ROCA 380                        ', 3445, '02625-422164        ', NULL, NULL, NULL, 3, 1, 1, 1),
	(1138, NULL, 'SIN NOMBRE                    ', 'FCO.ALVAREZ Y FRAY LUIS BELTRAN         ', 3446, '02627-470607        ', NULL, NULL, NULL, 3, 1, 1, 1),
	(1139, NULL, 'SIN NOMBRE                    ', 'ACCESO II - B° LA FAVORITA              ', 3447, '0261-4442828        ', NULL, NULL, NULL, 3, 1, 1, 1),
	(1140, NULL, 'SIN NOMBRE                    ', 'EL TUCUMANO 3091                        ', 3448, '0261-4978080        ', NULL, NULL, NULL, 3, 1, 1, 1),
	(1141, NULL, 'SIN NOMBRE                    ', 'BELGRANO 98                             ', 3449, '0                   ', NULL, NULL, NULL, 3, 1, 1, 1),
	(1142, NULL, 'VIRGINIA P DE MICHELETTI      ', 'RUTA PROVINCIAL 96 S/N CORDON DEL PLATA ', 3450, '02622-489174        ', NULL, NULL, NULL, 3, 1, 1, 1),
	(1143, NULL, 'JUAN MANTOVÁN                 ', '20 DE JUNIO Y CONTROL                   ', 3451, '                    ', NULL, NULL, NULL, 3, 1, 1, 1),
	(1144, NULL, 'SIN NOMBRE                    ', 'PASO HONDO 1320                         ', 3452, '                    ', NULL, NULL, NULL, 3, 1, 1, 1),
	(1145, NULL, 'SIN NOMBRE                    ', 'PERU 762                                ', 3453, '0261-4236451        ', NULL, NULL, NULL, 3, 1, 1, 1),
	(1146, NULL, 'ATAHUALPA YUPANQUI            ', 'SALTA 1050  VILLA MARINI                ', 3454, '0261-4221044        ', NULL, NULL, NULL, 3, 1, 1, 1),
	(1147, NULL, 'SIN NOMBRE                    ', 'CERRO 7 COLORES Y TERRADA B° COVIMET    ', 3455, '0261-4524211        ', NULL, NULL, NULL, 3, 1, 1, 1),
	(1148, NULL, 'DE LA LIBERTAD                ', 'PASEO LIBERTAD 939                      ', 3456, '                    ', NULL, NULL, NULL, 3, 1, 1, 1),
	(1149, NULL, 'SIN NOMBRE                    ', 'CADETES CHILENOS 688                    ', 3457, '0261-4324231        ', NULL, NULL, NULL, 3, 1, 1, 1),
	(1150, NULL, 'SIN NOMBRE                    ', 'ESPAÑA 2812                             ', 3458, '0261-437603         ', NULL, NULL, NULL, 3, 1, 1, 1),
	(1151, NULL, 'SIN NOMBRE                    ', 'LOS SAUCES Y PRINGLES                   ', 3459, '0261-4487286        ', NULL, NULL, NULL, 3, 1, 1, 1),
	(1152, NULL, 'SIN NOMBRE                    ', '   ESTADOS UNIDOS 499  B°ESCORIHUELA    ', 3460, '0261-4910737        ', NULL, NULL, NULL, 3, 1, 1, 1),
	(1153, NULL, 'EL BERMEJO                    ', 'AVELLANEDA 3088 -                       ', 3461, '0261-4263528        ', NULL, NULL, NULL, 3, 1, 1, 1),
	(1154, NULL, 'SIN NOMBRE                    ', 'CERRO OVERO S/N° LOS CAMPAMENTOS        ', 3462, '0                   ', NULL, NULL, NULL, 3, 1, 1, 1),
	(1155, NULL, 'SIN NOMBRE                    ', ' SAN MARTIN 548                         ', 3463, '0261-4972232        ', NULL, NULL, NULL, 3, 1, 1, 1),
	(1156, NULL, 'SIN NOMBRE                    ', 'MONTES DE OCA 421                       ', 3464, '0261-4273303        ', NULL, NULL, NULL, 3, 1, 1, 1),
	(1157, NULL, 'ANEXO 01                      ', 'RUTAS 15 Y 86 UGARTECHE                 ', 3465, '0261-4991076        ', NULL, NULL, NULL, 3, 1, 1, 1),
	(1158, NULL, 'SIN NOMBRE                    ', '2DO BARRIO VALLE DE AGRELO              ', 3465, '0261-4991076        ', NULL, NULL, NULL, 3, 1, 1, 1),
	(1159, NULL, 'SIN NOMBRE                    ', 'LOS  ABETOS Y PRESIDENTE ORTIZ          ', 3466, '0261-4361274        ', NULL, NULL, NULL, 3, 1, 1, 1),
	(1160, NULL, 'SIN NOMBRE                    ', 'RUTA PROVINCIAL N°50 S/N                ', 3467, '0261-4952211        ', NULL, NULL, NULL, 3, 1, 1, 1),
	(1161, NULL, 'DANIEL PRIETO CASTILLO        ', 'GRAL. SUCRE 1540 B° CONSTITUCION        ', 3468, '02627-436464        ', NULL, NULL, NULL, 3, 1, 1, 1),
	(1162, NULL, 'SIN NOMBRE                    ', 'TIMOTEO GORDILLO (HOSPITAL LAGOMAGGIORE)', 3469, '0                   ', NULL, NULL, NULL, 3, 1, 1, 1),
	(1163, NULL, 'SIN NOMBRE                    ', 'ACONCAGUA S/N B° SAN MARTIN             ', 3470, '0                   ', NULL, NULL, NULL, 3, 1, 1, 1),
	(1164, NULL, 'ESCUELA N° 3-471              ', 'MANZANA "H" CASA "6"                    ', 3471, '0                   ', NULL, NULL, NULL, 3, 1, 1, 1),
	(1165, NULL, 'ESCUELA N° 3472               ', 'MANZANA "A" CAS "13"                    ', 3472, '0                   ', NULL, NULL, NULL, 3, 1, 1, 1),
	(1166, NULL, 'SIN NOMBRE                    ', 'SANTIAGO DEL ESTERO 757                 ', 3473, '0                   ', NULL, NULL, NULL, 3, 1, 1, 1),
	(1167, NULL, 'SIN NOMBRE                    ', 'CHUQUISACA Y  SALVADOR ARIAS B° PAPA    ', 3474, '0                   ', NULL, NULL, NULL, 3, 1, 1, 1),
	(1168, NULL, 'SIN NOMBRE                    ', 'SOLDADO BAIGORRIA Y BARCALA B°HUARPES   ', 3475, '0                   ', NULL, NULL, NULL, 3, 1, 1, 1),
	(1169, NULL, 'PLAN JEFAS DE HOGAR           ', 'ALSINA 2730                             ', 3476, '                    ', NULL, NULL, NULL, 3, 1, 1, 1),
	(1170, NULL, 'ESCUELA N° 3-477              ', 'RASTREADOR FOURNIER S/N                 ', 3477, '0                   ', NULL, NULL, NULL, 3, 1, 1, 1),
	(1171, NULL, 'PLAN JEFAS DE HOGAR           ', 'DR.MORENO 1557                          ', 3478, '0                   ', NULL, NULL, NULL, 3, 1, 1, 1),
	(1172, NULL, 'PLAN JEFAS DE HOGAR           ', 'ARISTOBULO DEL VALLE 798                ', 3479, '0                   ', NULL, NULL, NULL, 3, 1, 1, 1),
	(1173, NULL, 'ESCUELA N° 3-480              ', 'ACONCAGUA Y LAS HERAS                   ', 3480, '0                   ', NULL, NULL, NULL, 3, 1, 1, 1),
	(1174, NULL, 'PLAN JEFAS DE HOGAR           ', 'SAN LORENZO 1267                        ', 3481, '155607732           ', NULL, NULL, NULL, 3, 1, 1, 1),
	(1175, NULL, 'PLAN JEFAS DE HOGAR           ', 'LIBERTAD 820                            ', 3482, '0261-4453073        ', NULL, NULL, NULL, 3, 1, 1, 1),
	(1176, NULL, 'PLAN JEFAS DE HOGAR           ', 'BANDERA DE LOS ANDES 8956               ', 3483, '0                   ', NULL, NULL, NULL, 3, 1, 1, 1),
	(1177, NULL, 'PLAN JEFAS DE HOGAR           ', 'ADOLFO CALLE 2008 DORREGO               ', 3484, '0261-4453073        ', NULL, NULL, NULL, 3, 1, 1, 1),
	(1178, NULL, 'PLAN JEFAS DE HOGAR           ', 'LAS GOLONDRINAS Y GREMON B°LIBERTADOR   ', 3485, '0261-4312220        ', NULL, NULL, NULL, 3, 1, 1, 1),
	(1179, NULL, 'SIN NOMBRE                    ', 'ROCA 1717                               ', 3486, '0261-4977937        ', NULL, NULL, NULL, 3, 1, 1, 1),
	(1180, NULL, 'SIN NOMBRE                    ', 'RUTA 40 KM 41JOCOLI                     ', 3487, '0261-4904042        ', NULL, NULL, NULL, 3, 1, 1, 1),
	(1181, NULL, 'SIN NOMBRE                    ', '                                        ', 3488, '                    ', NULL, NULL, NULL, 3, 1, 1, 1),
	(1182, NULL, 'SIN NOMBRE                    ', 'BANDERA DE LOS ANDES 2603               ', 3489, '0261-4450045        ', NULL, NULL, NULL, 3, 1, 1, 1),
	(1183, NULL, 'S/NOMBRE                      ', '                                        ', 3490, '                    ', NULL, NULL, NULL, 3, 1, 1, 1),
	(1184, NULL, 'S/NOMBRE                      ', '                                        ', 3491, '                    ', NULL, NULL, NULL, 3, 1, 1, 1),
	(1185, NULL, 'ESC.N° 3-492 S/NOMBRE         ', '                                        ', 3492, '                    ', NULL, NULL, NULL, 3, 1, 1, 1),
	(1186, NULL, 'S/NOMBRE                      ', '                                        ', 3493, '                    ', NULL, NULL, NULL, 3, 1, 1, 1),
	(1187, NULL, 'COMPL.PENITENCIARIO ALMAFUERTE', '                                        ', 3494, '                    ', NULL, NULL, NULL, 3, 1, 1, 1),
	(1188, NULL, 'S/NOMBRE                      ', '                                        ', 3495, '                    ', NULL, NULL, NULL, 3, 1, 1, 1),
	(1189, NULL, 'JOSE VICENTE ZAPATA           ', 'CRNEL. RODRIGUEZ 499                    ', 4001, '0261-4232318        ', NULL, NULL, NULL, 3, 1, 1, 1),
	(1190, NULL, 'FRAY LUIS BELTRAN             ', 'BELGRANO 650                            ', 4002, '0261-4256298        ', NULL, NULL, NULL, 3, 1, 1, 1),
	(1191, NULL, 'EMILIO CIVIT                  ', 'OZAMIS 700                              ', 4003, '0261-4972024        ', NULL, NULL, NULL, 3, 1, 1, 1),
	(1192, NULL, 'MERCEDES A DE SEGURA          ', 'SAN MARTIN Y LUZURIAGA                  ', 4004, '02627-423557        ', NULL, NULL, NULL, 3, 1, 1, 1),
	(1193, NULL, 'JOSEFA CAPDEVILA              ', 'BALCARCE 175                            ', 4005, '02623-421202        ', NULL, NULL, NULL, 3, 1, 1, 1),
	(1194, NULL, 'PASCUAL IACCARINI             ', 'TIRASSO 300                             ', 4006, '02627-424063        ', NULL, NULL, NULL, 3, 1, 1, 1),
	(1195, NULL, 'MIGUEL A. POUGET              ', 'MATHUS S/N°                             ', 4007, '0261-4511456        ', NULL, NULL, NULL, 3, 1, 1, 1),
	(1196, NULL, 'FRAY MAMERTO ESQUIU           ', 'SAN MARTIN 2583                         ', 4008, '0261-4305577        ', NULL, NULL, NULL, 3, 1, 1, 1),
	(1197, NULL, 'HERMINIA M. DE RAMPONI        ', 'ESPAÑA Y ALPATACAL                      ', 4009, '0261-4260546        ', NULL, NULL, NULL, 3, 1, 1, 1),
	(1198, NULL, 'MARIA ELENA CHAMPEAU          ', 'P. BENEGAS Y M. GARCIA Bº TRAPICHE      ', 4010, '0261-4397073        ', NULL, NULL, NULL, 3, 1, 1, 1),
	(1199, NULL, 'CAPITAN DANIEL F.MANZOTTI     ', 'VUELTA DE OBLIGADO 700                  ', 4011, '0261-4254976        ', NULL, NULL, NULL, 3, 1, 1, 1),
	(1200, NULL, 'ING.RICARDO VIDELA            ', '20 DE SETIEMBRE 132                     ', 4012, '0261-4980204        ', NULL, NULL, NULL, 3, 1, 1, 1),
	(1201, NULL, 'DR.BERNARDO A HOUSSAY         ', 'CORONEL PLAZA 303                       ', 4013, '0261-4255947        ', NULL, NULL, NULL, 3, 1, 1, 1),
	(1202, NULL, 'MAYOR JORGE GARCIA            ', 'MONTEVIDEO Y SAN MARTIN                 ', 4014, '02627-490060        ', NULL, NULL, NULL, 3, 1, 1, 1),
	(1203, NULL, '"SEIZO HOSHI"                 ', 'CHACO  Y LOS ANDES S/N                  ', 4015, '02625-491121        ', NULL, NULL, NULL, 3, 1, 1, 1),
	(1204, NULL, 'ING. ANTONIO MARCELO ARBOIT   ', 'BELGRANO 261                            ', 4016, '02623-492205        ', NULL, NULL, NULL, 3, 1, 1, 1),
	(1205, NULL, 'BERNARDINO IZUEL              ', '25 DE MAYO Y SAN MARTIN                 ', 4017, '02627-470074        ', NULL, NULL, NULL, 3, 1, 1, 1),
	(1206, NULL, 'GRAL MANUEL NICOLAS SAVIO     ', 'CAPDEVILA Y AVDA SAN MARTIN             ', 4018, '02627-471017        ', NULL, NULL, NULL, 3, 1, 1, 1),
	(1207, NULL, 'CAPITAN JOSE D VAZQUEZ        ', 'BELGRANO 777                            ', 4019, '0261-4309937        ', NULL, NULL, NULL, 3, 1, 1, 1),
	(1208, NULL, 'ING.GABRIEL DEL MAZO          ', 'JUAN G. GODOY 757                       ', 4020, '0261-4520288        ', NULL, NULL, NULL, 3, 1, 1, 1),
	(1209, NULL, 'MARTIN GUEMES                 ', 'RUTA Nª 146                             ', 4021, '02627-15671521      ', NULL, NULL, NULL, 3, 1, 1, 1),
	(1210, NULL, 'GRAL.ENRIQUE MOSCONI          ', 'BESARES 237 Y SAN MARTIN                ', 4022, '0261-4961373        ', NULL, NULL, NULL, 3, 1, 1, 1),
	(1211, NULL, 'MOLINERO ANDRES TEJEDA        ', 'CORRIENTES 650 Y CADETES DE AERONAUTICA ', 4023, '0261-4304092        ', NULL, NULL, NULL, 3, 1, 1, 1),
	(1212, NULL, 'BELLAS ARTES                  ', 'P. MENDOCINAS Y PEDRO MOLINA            ', 4024, '0261-4238517        ', NULL, NULL, NULL, 3, 1, 1, 1),
	(1213, NULL, 'ESCUELA N° 4-025              ', 'SEVERO DEL CASTILLO 4174                ', 4025, '0261-4820806        ', NULL, NULL, NULL, 3, 1, 1, 1),
	(1214, NULL, 'JUAN BAUTISTA ALBERDI         ', 'CORTADERA S/N CARRIL G.ANDRE            ', 4026, '02623-494182        ', NULL, NULL, NULL, 3, 1, 1, 1),
	(1215, NULL, 'MOISES JULIO CHADE            ', 'MOISES SERRADILLA S/N                   ', 4027, '02623-15519148      ', NULL, NULL, NULL, 3, 1, 1, 1),
	(1216, NULL, 'PAULA A.DE SARMIENTO          ', 'J.B.MARTINEZ Y M.T.DE S.MARTIN          ', 4028, '0261-4972450        ', NULL, NULL, NULL, 3, 1, 1, 1),
	(1217, NULL, 'GRAL.JOSE DE SAN MARTIN       ', 'ACONCAGUA Y LAS TORCAZAS                ', 4029, '0261-4444833        ', NULL, NULL, NULL, 3, 1, 1, 1),
	(1218, NULL, 'PROF.ANGEL CERVERA            ', 'CHUQUISACA Y PABLO IGLESIAS             ', 4030, '0261-4286855        ', NULL, NULL, NULL, 3, 1, 1, 1),
	(1219, NULL, 'DR.FRANCISCO CORREAS          ', 'PANNOCCHIA Y LINIERS S/N                ', 4031, '0261-4960033        ', NULL, NULL, NULL, 3, 1, 1, 1),
	(1220, NULL, 'NTRA. SRA. DE LAS NIEVES      ', 'EJERCITO DE LOS ANDES S/N - RUTA INTERNA', 4032, '02624-420068        ', NULL, NULL, NULL, 3, 1, 1, 1),
	(1221, NULL, 'LAUREANA FERRARI DE OLAZABAL  ', 'REPUBLICA DE SIRIA 346                  ', 4033, '0261-4980899        ', NULL, NULL, NULL, 3, 1, 1, 1),
	(1222, NULL, 'GALILEO VITALI                ', 'RUTA PROV. 50 (EX.7) Y BURGOA           ', 4034, '02626-421600        ', NULL, NULL, NULL, 3, 1, 1, 1),
	(1223, NULL, 'JULIA SILVA DE CEJAS          ', 'SAN MARTIN 808                          ', 4035, '0622-492054         ', NULL, NULL, NULL, 3, 1, 1, 1),
	(1224, NULL, 'RAUL SCALABRINI ORTIZ         ', '9 DE JULIO Y RAWSON-BENEGAS             ', 4036, '0261-4521718        ', NULL, NULL, NULL, 3, 1, 1, 1),
	(1225, NULL, 'HOMERO MANZI                  ', 'B°SISMO V LIBERTAD Y GUIDO SPANO        ', 4037, '0261-4487730        ', NULL, NULL, NULL, 3, 1, 1, 1),
	(1226, NULL, 'ARTURO JAURETCHE              ', 'RUTA PROV. 15 KM. 36 (LA PICADA)        ', 4038, '0261-4991012        ', NULL, NULL, NULL, 3, 1, 1, 1),
	(1227, NULL, 'CRUZ DE PIEDRA                ', 'VIDELA ARANDA 3251                      ', 4039, '0261-4990480        ', NULL, NULL, NULL, 3, 1, 1, 1),
	(1228, NULL, 'MOHAMED DIB EL MUSRI          ', 'NUEVA GIL  S/N°                         ', 4040, '02623-482243        ', NULL, NULL, NULL, 3, 1, 1, 1),
	(1229, NULL, 'ALICIA M. DE JUSTO            ', 'RUTA 34 Y CENTENARIO                    ', 4041, '0261-4941609        ', NULL, NULL, NULL, 3, 1, 1, 1),
	(1230, NULL, 'MARCELINO H. BLANCO           ', 'CONTINUACION MAIPU Y 25 DE MAYO         ', 4042, '02626-421505        ', NULL, NULL, NULL, 3, 1, 1, 1),
	(1231, NULL, 'ANTONIO DI BENEDETTO          ', 'CORONEL CAMPOS S/N                      ', 4043, '0                   ', NULL, NULL, NULL, 3, 1, 1, 1),
	(1232, NULL, 'ING.FLORENCIO CASALE          ', 'RUTA PROV.180 S/N                       ', 4044, '02627-15662992      ', NULL, NULL, NULL, 3, 1, 1, 1),
	(1233, NULL, 'FUERTE SAN CARLOS             ', 'INDEPENDENCIA Y LAVALLE                 ', 4045, '02622-451201        ', NULL, NULL, NULL, 3, 1, 1, 1),
	(1234, NULL, 'ING. JULIO KRAUSE             ', 'TIERRA DEL FUEGO Y PLAZA HUINCUL B°SUPE ', 4046, '0261-4360960        ', NULL, NULL, NULL, 3, 1, 1, 1),
	(1235, NULL, 'EL PLUMERILLO                 ', 'MONSEÑOR BUTELER Y MATHUS HOYOS         ', 4047, '0261-4308082        ', NULL, NULL, NULL, 3, 1, 1, 1),
	(1236, NULL, 'PANQUEHUA                     ', '9 DE JULIO 3084                         ', 4048, '0261-4485537        ', NULL, NULL, NULL, 3, 1, 1, 1),
	(1237, NULL, 'MAESTRO ALBERTO RODRIGUEZ     ', 'BANDERA DE LOS ANDES 4801               ', 4049, '0261-4215020        ', NULL, NULL, NULL, 3, 1, 1, 1),
	(1238, NULL, 'ROBERTO AZZONI                ', 'SHAUMANN 1150 - 3° B° UNIMEV            ', 4050, '0261-4211309        ', NULL, NULL, NULL, 3, 1, 1, 1),
	(1239, NULL, 'DR.AMERICO CALI               ', 'SALVADOR CIVIT S/N B° EL RUISEÑOP       ', 4051, '0261-4224487        ', NULL, NULL, NULL, 3, 1, 1, 1),
	(1240, NULL, 'JUAN DRAGHI LUCERO            ', 'B°HUARPES MOLUCHE Y SOLDADO BAIGORRIA   ', 4052, '0261-4395034        ', NULL, NULL, NULL, 3, 1, 1, 1),
	(1241, NULL, 'DR.HORACIO MARTINEZ LEANEZ    ', 'P. ARGENTINA 318 Y JUAN PERON           ', 4053, '0261-4975260        ', NULL, NULL, NULL, 3, 1, 1, 1),
	(1242, NULL, 'JUAN ISIDRO MAZA              ', 'RUTA PROV.50 S/N                        ', 4054, '0261-4951832        ', NULL, NULL, NULL, 3, 1, 1, 1),
	(1243, NULL, 'PRESBISTERO C.SPAGNOLO        ', 'NICOLAS VIDELA S/N                      ', 4055, '02623-492197        ', NULL, NULL, NULL, 3, 1, 1, 1),
	(1244, NULL, 'TERESA M. GONZALEZ            ', 'CARRIL MONTECASEROS S/N                 ', 4056, '02623-483127        ', NULL, NULL, NULL, 3, 1, 1, 1),
	(1245, NULL, 'MARGARITA CINCA DE GEARY      ', 'REPUBLICA DE SIRIA Y JUAN TERRES B° UNIV', 4057, '02627-435502        ', NULL, NULL, NULL, 3, 1, 1, 1),
	(1246, NULL, 'PRESBITERO DOMINGO H. NUÑEZ   ', 'SARMIENTO Y MITRE S/N                   ', 4058, '02623-480081        ', NULL, NULL, NULL, 3, 1, 1, 1),
	(1247, NULL, 'HNA. MONICA LOYARTE           ', 'RUTA NAC. 40 Y CALLEJON CISTERNAS -     ', 4059, '02622-493057        ', NULL, NULL, NULL, 3, 1, 1, 1),
	(1248, NULL, 'DR.ERNESTO PIAGGI             ', 'PASAJE ESPAÑA S/N                       ', 4060, '02622-488818        ', NULL, NULL, NULL, 3, 1, 1, 1),
	(1249, NULL, 'DR.ANTONIO LOPEZ AGUADO       ', 'B°NUEVA CIUDAD M 1 C 001                ', 4061, '0261-4977948        ', NULL, NULL, NULL, 3, 1, 1, 1),
	(1250, NULL, 'PROF. JUANA  B. ALBORNOZ DE CO', 'GUTIERREZ 370                           ', 4062, '02623-462605        ', NULL, NULL, NULL, 3, 1, 1, 1),
	(1251, NULL, 'LUIS F EDERICO LELOIR         ', 'RUTA NAC.143 Y JENSEN 50                ', 4063, '02627-436068        ', NULL, NULL, NULL, 3, 1, 1, 1),
	(1252, NULL, 'JUAN KAIRUZ                   ', 'BELGRANO 85                             ', 4064, '02623-463981 (sp)   ', NULL, NULL, NULL, 3, 1, 1, 1),
	(1253, NULL, 'JOSÉ MERCEDES ARGUMEDO        ', 'CELESTINO ARGUMEDO S/N                  ', 4065, '0261-4820253        ', NULL, NULL, NULL, 3, 1, 1, 1),
	(1254, NULL, 'MADRE T. DE CALCUTA           ', 'A CALLE Y CHACABUCO 4°B°COVIMET         ', 4066, '0261-4265887        ', NULL, NULL, NULL, 3, 1, 1, 1),
	(1255, NULL, 'DR.OSVALDO S BORGHI           ', 'LAS MAGNOLIAS Y LAS VISCOS B° CANO      ', 4067, '0261-4255649        ', NULL, NULL, NULL, 3, 1, 1, 1),
	(1256, NULL, 'PROF. ATILIO ANASTASI         ', 'M HOYOS S/N B° DOLORES PRATS DE HUISI 12', 4068, '0261-4394059        ', NULL, NULL, NULL, 3, 1, 1, 1),
	(1257, NULL, 'ALFONSINA STORNI              ', 'S.OLIVERA 1391- Bº ANTARTIDA ARG.       ', 4069, '0261-4930532        ', NULL, NULL, NULL, 3, 1, 1, 1),
	(1258, NULL, 'ABELARDO ARIAS BALLOFFETT     ', ' CEFERINO NAMUNCURA Y PROL. PUEYRREDÓN  ', 4070, '02627-432802        ', NULL, NULL, NULL, 3, 1, 1, 1),
	(1259, NULL, 'JULIO FERNANDEZ PELAEZ        ', 'ROCA OESTE S/N                          ', 4071, '0261-4811428        ', NULL, NULL, NULL, 3, 1, 1, 1),
	(1260, NULL, 'FEDERICO GARCIA LORCA         ', 'PASO DE LOS ANDES 78                    ', 4072, '0261-4274950        ', NULL, NULL, NULL, 3, 1, 1, 1),
	(1261, NULL, 'ADOLFO BIOY CASARES           ', 'CALLE 7 Y 11-B. INFANTA                 ', 4073, '0261-4442992        ', NULL, NULL, NULL, 3, 1, 1, 1),
	(1262, NULL, 'FLORENCIO MOLINA CAMPOS       ', 'DEMOCRACIA 2400 Y MIGUEL SEGURA         ', 4074, '0261-4378087        ', NULL, NULL, NULL, 3, 1, 1, 1),
	(1263, NULL, 'PRUDENCIO VIDAL AMIEVA        ', 'SANTA FE Y SALTA B°VILLA TUNUYAN        ', 4075, '02622-425045        ', NULL, NULL, NULL, 3, 1, 1, 1),
	(1264, NULL, 'ARQ. CARLOS THAYS             ', 'B°MARTIN GUEMES F.L.BELTRAN             ', 4076, '0261-4921549        ', NULL, NULL, NULL, 3, 1, 1, 1),
	(1265, NULL, 'ARQ. MANUEL VICTOR CIVIT      ', 'P. MENDOCINAS Y P. MOLINA               ', 4077, '0261-4239175        ', NULL, NULL, NULL, 3, 1, 1, 1),
	(1266, NULL, 'PROF. TOMAS SILVESTRE         ', 'SAN LORENZO 1219 Y GUTEMBERG            ', 4078, '0261-4450401        ', NULL, NULL, NULL, 3, 1, 1, 1),
	(1267, NULL, 'DOMINGO F.SARMIENTO           ', 'AV.GUEMES 125                           ', 4079, '02622-488332        ', NULL, NULL, NULL, 3, 1, 1, 1),
	(1268, NULL, 'ESCUELA N° 4-080              ', 'BAYO S/N TRES PORTEÑAS                  ', 4080, '0                   ', NULL, NULL, NULL, 3, 1, 1, 1),
	(1269, NULL, 'ING.FRANCISCO MARTIN CROCE    ', '29 DE OCTUBRE 245                       ', 4081, '02623-497189        ', NULL, NULL, NULL, 3, 1, 1, 1),
	(1270, NULL, 'JOSE PATROCINIO DAVILA        ', '1°B°CEMENTISTA-MANZANA P C17            ', 4082, '0261-4304279        ', NULL, NULL, NULL, 3, 1, 1, 1),
	(1271, NULL, 'AGUSTIN ALVAREZ               ', 'CHILE 1050                              ', 4083, '0261-4239426        ', NULL, NULL, NULL, 3, 1, 1, 1),
	(1272, NULL, 'LIBERTADOR SIMÓN BOLIVAR      ', 'FRECH 870 B°LIBERTADOR SAN MARTIN       ', 4084, '02623-428623        ', NULL, NULL, NULL, 3, 1, 1, 1),
	(1273, NULL, 'ALFREDO R.BUFANO              ', 'CHILE 1050                              ', 4085, '0261-4236447        ', NULL, NULL, NULL, 3, 1, 1, 1),
	(1274, NULL, 'CACIQUE GUAYMALLEN            ', 'ECHEVERRIA 5732 B°PATRON SANTIAGO       ', 4086, '0261-4266770        ', NULL, NULL, NULL, 3, 1, 1, 1),
	(1275, NULL, 'MANUEL IGNACIO MOLINA         ', 'JUAN A MAZA 37                          ', 4087, '02627-421517        ', NULL, NULL, NULL, 3, 1, 1, 1),
	(1276, NULL, 'MARIO CASALE                  ', 'DR. MORENO 1420                         ', 4088, '0261-4301054        ', NULL, NULL, NULL, 3, 1, 1, 1),
	(1277, NULL, 'JOSÉ MANUEL ESTRADA           ', 'CHACABUCO Y ALTE BROWN                  ', 4089, '02623-422112        ', NULL, NULL, NULL, 3, 1, 1, 1),
	(1278, NULL, '"PROF. OSVALDO PINTO"         ', 'RUTA PROV. 50  LOS LOTES                ', 4090, '02623-15517026      ', NULL, NULL, NULL, 3, 1, 1, 1),
	(1279, NULL, 'MARTIN GUEMES                 ', 'VIEDMA 524. Bº 13 DE DICIEMBRE          ', 4091, '0261-4982435        ', NULL, NULL, NULL, 3, 1, 1, 1),
	(1280, NULL, 'GRAL LAS HERAS                ', 'MONTECASEROS 1977 Y ALBERDI             ', 4092, '0261-4295175        ', NULL, NULL, NULL, 3, 1, 1, 1),
	(1281, NULL, 'PTE. JULIO ARGENTINO ROCA     ', 'URIBURU Y MISIONES                      ', 4093, '02623-15678858      ', NULL, NULL, NULL, 3, 1, 1, 1),
	(1282, NULL, 'FELIX PESCE SCARSO            ', 'AMERICO ABRAHAM S/N° B°FORMOSA          ', 4094, '02623-442901        ', NULL, NULL, NULL, 3, 1, 1, 1),
	(1283, NULL, 'ISLAS MALVINAS                ', 'JUJUY 1435 B°UNIMEV                     ', 4095, '02627-434947        ', NULL, NULL, NULL, 3, 1, 1, 1),
	(1284, NULL, 'S/N                           ', 'LUIS CORREA 318 Y S. MARIA DE ORO       ', 4096, '02623-491023        ', NULL, NULL, NULL, 3, 1, 1, 1),
	(1285, NULL, '"GILDA COSMA DE LEDE"         ', 'LEANEZ Y PEZZUTTI B°CANCILLER           ', 4097, '0261-4810140        ', NULL, NULL, NULL, 3, 1, 1, 1),
	(1286, NULL, 'REPÚBLICA DEL PERU            ', 'JUAN AGUSTIN MAZA37                     ', 4098, '02627-422104        ', NULL, NULL, NULL, 3, 1, 1, 1),
	(1287, NULL, 'JOSE HERNANDEZ                ', 'ALVEAR Y MITRE                          ', 4099, '02625-480015        ', NULL, NULL, NULL, 3, 1, 1, 1),
	(1288, 50026, 'Eduardo Galeano', 'Perú 559', 4998, NULL, '2003-05-08', NULL, NULL, 3, 5, 1, 4);
/*!40000 ALTER TABLE `escuela` ENABLE KEYS */;


-- Dumping structure for table edu.escuelapersona
DROP TABLE IF EXISTS `escuelapersona`;
CREATE TABLE IF NOT EXISTS `escuelapersona` (
  `escuela` bigint(20) unsigned NOT NULL,
  `persona` bigint(20) unsigned NOT NULL,
  `tiporelacion_esc` int(11) NOT NULL,
  PRIMARY KEY (`escuela`,`persona`),
  KEY `persona_id` (`persona`),
  KEY `FK_escuelapersona_tiporelacion_esc` (`tiporelacion_esc`),
  CONSTRAINT `escuela_id` FOREIGN KEY (`escuela`) REFERENCES `escuela` (`id`),
  CONSTRAINT `FK_escuelapersona_tiporelacion_esc` FOREIGN KEY (`tiporelacion_esc`) REFERENCES `tiporelacion_esc` (`id`),
  CONSTRAINT `persona_id` FOREIGN KEY (`persona`) REFERENCES `persona` (`id`)
) ENGINE=InnoDB DEFAULT CHARSET=utf8 COLLATE=utf8_spanish_ci;

-- Dumping data for table edu.escuelapersona: ~6 rows (approximately)
DELETE FROM `escuelapersona`;
/*!40000 ALTER TABLE `escuelapersona` DISABLE KEYS */;
INSERT INTO `escuelapersona` (`escuela`, `persona`, `tiporelacion_esc`) VALUES
	(1, 55, 1),
	(2, 50, 1),
	(3, 28, 1),
	(4, 639, 1),
	(660, 35, 1),
	(1288, 630, 1);
/*!40000 ALTER TABLE `escuelapersona` ENABLE KEYS */;


-- Dumping structure for table edu.especialidad
DROP TABLE IF EXISTS `especialidad`;
CREATE TABLE IF NOT EXISTS `especialidad` (
  `id` bigint(20) unsigned NOT NULL AUTO_INCREMENT,
  `nombre` varchar(30) CHARACTER SET latin1 DEFAULT NULL,
  `descripcion` text CHARACTER SET latin1,
  `resolucion` int(11) DEFAULT NULL,
  `fechaAlta` date DEFAULT NULL,
  `fechaBaja` date DEFAULT NULL,
  PRIMARY KEY (`id`)
) ENGINE=InnoDB AUTO_INCREMENT=6 DEFAULT CHARSET=utf8 COLLATE=utf8_spanish_ci;

-- Dumping data for table edu.especialidad: ~5 rows (approximately)
DELETE FROM `especialidad`;
/*!40000 ALTER TABLE `especialidad` DISABLE KEYS */;
INSERT INTO `especialidad` (`id`, `nombre`, `descripcion`, `resolucion`, `fechaAlta`, `fechaBaja`) VALUES
	(1, 'Perito Mercantil', '<p>Especialidad Perito Mercantil</p>', 1234, NULL, NULL),
	(2, 'Quimica', '<p>Especilidad Quimica</p>', 16, NULL, NULL),
	(3, 'Técnico Mecánico', '<p>Especialidad Escuelas Técnicas</p>', 2568, NULL, NULL),
	(4, 'Ninguna', '<p>\n	Ninguna especialidad</p>\n', 123456, NULL, NULL),
	(5, 'Ciencias', '<p>\r\n Escuela con especialidad en ciencias</p>\r\n', 123, NULL, NULL);
/*!40000 ALTER TABLE `especialidad` ENABLE KEYS */;


-- Dumping structure for table edu.estadoexamen
DROP TABLE IF EXISTS `estadoexamen`;
CREATE TABLE IF NOT EXISTS `estadoexamen` (
  `id` bigint(20) unsigned NOT NULL AUTO_INCREMENT,
  `estado` longblob,
  `nombre` varchar(255) CHARACTER SET latin1 DEFAULT NULL,
  `descripcion` tinytext CHARACTER SET latin1,
  PRIMARY KEY (`id`)
) ENGINE=InnoDB DEFAULT CHARSET=utf8 COLLATE=utf8_spanish_ci;

-- Dumping data for table edu.estadoexamen: ~0 rows (approximately)
DELETE FROM `estadoexamen`;
/*!40000 ALTER TABLE `estadoexamen` DISABLE KEYS */;
/*!40000 ALTER TABLE `estadoexamen` ENABLE KEYS */;


-- Dumping structure for table edu.estadoinscripcion
DROP TABLE IF EXISTS `estadoinscripcion`;
CREATE TABLE IF NOT EXISTS `estadoinscripcion` (
  `id` bigint(20) unsigned NOT NULL AUTO_INCREMENT,
  `nombre` varchar(50) COLLATE utf8_spanish_ci DEFAULT NULL,
  `descripcion` longtext COLLATE utf8_spanish_ci,
  PRIMARY KEY (`id`)
) ENGINE=InnoDB AUTO_INCREMENT=9 DEFAULT CHARSET=utf8 COLLATE=utf8_spanish_ci;

-- Dumping data for table edu.estadoinscripcion: ~8 rows (approximately)
DELETE FROM `estadoinscripcion`;
/*!40000 ALTER TABLE `estadoinscripcion` DISABLE KEYS */;
INSERT INTO `estadoinscripcion` (`id`, `nombre`, `descripcion`) VALUES
	(1, 'Cursando', 'El Alumno se encuentra cursando'),
	(2, 'Abandono', 'Abandono del cursado'),
	(3, 'Pase', 'Pase de colegio'),
	(4, 'Cambio', 'Cambio de curso'),
	(5, 'Promocion', 'Promoción de curso'),
	(6, 'Libre', 'Condición de libre'),
	(7, 'Repetidor', 'Repetidor de curso'),
	(8, 'Egreso', 'El Alumna egreso del colegio');
/*!40000 ALTER TABLE `estadoinscripcion` ENABLE KEYS */;


-- Dumping structure for table edu.eventomateria
DROP TABLE IF EXISTS `eventomateria`;
CREATE TABLE IF NOT EXISTS `eventomateria` (
  `id` bigint(20) unsigned NOT NULL AUTO_INCREMENT,
  `nombre` varchar(255) CHARACTER SET latin1 DEFAULT NULL,
  `descripcion` longtext CHARACTER SET latin1,
  `inicio` datetime DEFAULT NULL,
  `fin` datetime DEFAULT NULL,
  `cursado` bigint(20) unsigned NOT NULL,
  PRIMARY KEY (`id`),
  KEY `fk_eventomateria_cursado_1` (`cursado`),
  CONSTRAINT `fk_eventomateria_cursado_1` FOREIGN KEY (`cursado`) REFERENCES `cursado` (`id`)
) ENGINE=InnoDB AUTO_INCREMENT=5 DEFAULT CHARSET=utf8 COLLATE=utf8_spanish_ci;

-- Dumping data for table edu.eventomateria: ~4 rows (approximately)
DELETE FROM `eventomateria`;
/*!40000 ALTER TABLE `eventomateria` DISABLE KEYS */;
INSERT INTO `eventomateria` (`id`, `nombre`, `descripcion`, `inicio`, `fin`, `cursado`) VALUES
	(1, 'Primer Evento', 'Primer Evento<br/>', '2012-10-31 18:38:15', NULL, 31),
	(2, 'Segundo Evento', 'Segundo Evento<br/>', '2012-10-31 18:38:35', NULL, 31),
	(3, 'Tercer Evento', 'Tercer Evento<br/>', '2012-10-31 18:38:55', NULL, 31),
	(4, 'Primer Evento', 'Primer Evento<br/>', '2012-11-06 17:43:01', NULL, 35);
/*!40000 ALTER TABLE `eventomateria` ENABLE KEYS */;


-- Dumping structure for table edu.examen
DROP TABLE IF EXISTS `examen`;
CREATE TABLE IF NOT EXISTS `examen` (
  `id` bigint(20) unsigned NOT NULL AUTO_INCREMENT,
  `titulo` varchar(255) CHARACTER SET latin1 DEFAULT NULL,
  `descripcion` longtext CHARACTER SET latin1,
  `fechaAlta` datetime DEFAULT NULL,
  `inicio` timestamp NULL DEFAULT NULL,
  `fin` datetime DEFAULT NULL,
  `fechaBaja` datetime DEFAULT NULL,
  `inscripcion` bigint(20) unsigned NOT NULL,
  `tema` longtext CHARACTER SET latin1,
  `estado` varchar(255) COLLATE utf8_spanish_ci DEFAULT NULL,
  `porcentaApro` int(11) DEFAULT NULL,
  PRIMARY KEY (`id`),
  KEY `fk_examen_inscripcionalumno_1` (`inscripcion`),
  CONSTRAINT `fk_examen_inscripcionalumno_1` FOREIGN KEY (`inscripcion`) REFERENCES `inscripcionalumno` (`id`) ON DELETE NO ACTION ON UPDATE NO ACTION
) ENGINE=InnoDB AUTO_INCREMENT=3 DEFAULT CHARSET=utf8 COLLATE=utf8_spanish_ci;

-- Dumping data for table edu.examen: ~2 rows (approximately)
DELETE FROM `examen`;
/*!40000 ALTER TABLE `examen` DISABLE KEYS */;
INSERT INTO `examen` (`id`, `titulo`, `descripcion`, `fechaAlta`, `inicio`, `fin`, `fechaBaja`, `inscripcion`, `tema`, `estado`, `porcentaApro`) VALUES
	(1, 'Primer Examen', 'Primer Examen creado<br/>', '2012-10-31 18:43:16', '2012-10-31 00:00:00', '2012-10-31 00:00:00', NULL, 38, 'Primer Examen', '3', 65),
	(2, 'Primer Examen', 'Primer examen<br/>', '2012-11-06 17:44:58', '2012-11-08 00:00:00', '2012-11-23 00:00:00', NULL, 42, 'Primer Examen', '3', 72);
/*!40000 ALTER TABLE `examen` ENABLE KEYS */;


-- Dumping structure for table edu.inscripcionalumno
DROP TABLE IF EXISTS `inscripcionalumno`;
CREATE TABLE IF NOT EXISTS `inscripcionalumno` (
  `id` bigint(20) unsigned NOT NULL AUTO_INCREMENT,
  `fechaAlta` timestamp NOT NULL DEFAULT CURRENT_TIMESTAMP,
  `fechaBaja` date DEFAULT NULL,
  `alumno` bigint(20) unsigned NOT NULL,
  `estado` bigint(20) unsigned NOT NULL,
  `cursado` bigint(20) unsigned NOT NULL,
  PRIMARY KEY (`id`),
  KEY `fk_Alumno_1` (`alumno`),
  KEY `fk_cursado_1` (`cursado`),
  KEY `fk_estadoinscripcion_1` (`estado`),
  CONSTRAINT `fk_Alumno_1` FOREIGN KEY (`alumno`) REFERENCES `alumno` (`id`),
  CONSTRAINT `fk_cursado_1` FOREIGN KEY (`cursado`) REFERENCES `cursado` (`id`),
  CONSTRAINT `fk_estadoinscripcion_1` FOREIGN KEY (`estado`) REFERENCES `estadoinscripcion` (`id`)
) ENGINE=InnoDB AUTO_INCREMENT=1035 DEFAULT CHARSET=utf8 COLLATE=utf8_spanish_ci;

-- Dumping data for table edu.inscripcionalumno: ~997 rows (approximately)
DELETE FROM `inscripcionalumno`;
/*!40000 ALTER TABLE `inscripcionalumno` DISABLE KEYS */;
INSERT INTO `inscripcionalumno` (`id`, `fechaAlta`, `fechaBaja`, `alumno`, `estado`, `cursado`) VALUES
	(38, '2012-10-31 18:20:59', '2012-10-31', 22, 1, 31),
	(39, '2012-10-31 18:21:29', '2012-10-31', 22, 1, 32),
	(40, '2012-10-31 18:21:51', '2012-10-31', 22, 1, 33),
	(41, '2012-11-05 15:53:51', '2012-11-05', 22, 3, 34),
	(42, '2012-11-05 15:53:51', '2012-11-05', 22, 3, 35),
	(43, '2012-11-05 17:57:49', '2012-12-01', 22, 7, 36),
	(44, '2012-11-05 17:57:49', '2012-12-01', 22, 7, 37),
	(45, '2012-11-05 17:57:49', '2012-12-01', 22, 7, 38),
	(46, '2012-11-05 18:12:45', '2012-12-01', 23, 3, 36),
	(47, '2012-11-05 18:12:45', '2012-12-01', 23, 3, 37),
	(48, '2012-11-05 18:12:45', '2012-12-01', 23, 3, 38),
	(49, '2012-11-06 17:34:53', NULL, 24, 1, 39),
	(50, '2012-11-06 17:34:53', NULL, 24, 1, 40),
	(51, '2012-11-13 11:36:20', NULL, 130, 1, 34),
	(52, '2012-11-13 11:36:20', NULL, 130, 1, 35),
	(53, '2012-11-13 14:17:27', '2012-11-13', 26, 3, 34),
	(54, '2012-11-13 14:17:27', '2012-11-13', 26, 3, 35),
	(55, '2012-11-15 11:38:18', NULL, 15, 1, 41),
	(56, '2012-11-15 11:38:18', NULL, 15, 1, 42),
	(57, '2012-11-15 11:38:18', NULL, 15, 1, 43),
	(58, '2012-11-15 11:38:18', NULL, 15, 1, 44),
	(59, '2012-11-15 11:38:18', NULL, 15, 1, 45),
	(60, '2012-11-15 11:38:18', NULL, 15, 1, 46),
	(61, '2012-11-15 11:38:18', NULL, 15, 1, 47),
	(62, '2012-11-15 11:38:18', NULL, 15, 1, 48),
	(63, '2012-11-15 11:38:18', NULL, 15, 1, 49),
	(64, '2012-11-15 11:38:18', NULL, 15, 1, 50),
	(65, '2012-11-15 11:38:18', NULL, 15, 1, 51),
	(66, '2012-11-15 11:38:18', NULL, 15, 1, 52),
	(67, '2012-11-15 11:38:30', NULL, 14, 1, 41),
	(68, '2012-11-15 11:38:31', NULL, 14, 1, 42),
	(69, '2012-11-15 11:38:31', NULL, 14, 1, 43),
	(70, '2012-11-15 11:38:31', NULL, 14, 1, 44),
	(71, '2012-11-15 11:38:31', NULL, 14, 1, 45),
	(72, '2012-11-15 11:38:31', NULL, 14, 1, 46),
	(73, '2012-11-15 11:38:31', NULL, 14, 1, 47),
	(74, '2012-11-15 11:38:31', NULL, 14, 1, 48),
	(75, '2012-11-15 11:38:31', NULL, 14, 1, 49),
	(76, '2012-11-15 11:38:31', NULL, 14, 1, 50),
	(77, '2012-11-15 11:38:31', NULL, 14, 1, 51),
	(78, '2012-11-15 11:38:31', NULL, 14, 1, 52),
	(79, '2012-11-15 11:38:42', NULL, 2, 1, 41),
	(80, '2012-11-15 11:38:42', NULL, 2, 1, 42),
	(81, '2012-11-15 11:38:42', NULL, 2, 1, 43),
	(82, '2012-11-15 11:38:42', NULL, 2, 1, 44),
	(83, '2012-11-15 11:38:42', NULL, 2, 1, 45),
	(84, '2012-11-15 11:38:42', NULL, 2, 1, 46),
	(85, '2012-11-15 11:38:42', NULL, 2, 1, 47),
	(86, '2012-11-15 11:38:42', NULL, 2, 1, 48),
	(87, '2012-11-15 11:38:42', NULL, 2, 1, 49),
	(88, '2012-11-15 11:38:42', NULL, 2, 1, 50),
	(89, '2012-11-15 11:38:43', NULL, 2, 1, 51),
	(90, '2012-11-15 11:38:43', NULL, 2, 1, 52),
	(91, '2012-11-15 11:38:54', NULL, 39, 1, 41),
	(92, '2012-11-15 11:38:54', NULL, 39, 1, 42),
	(93, '2012-11-15 11:38:54', NULL, 39, 1, 43),
	(94, '2012-11-15 11:38:54', NULL, 39, 1, 44),
	(95, '2012-11-15 11:38:54', NULL, 39, 1, 45),
	(96, '2012-11-15 11:38:54', NULL, 39, 1, 46),
	(97, '2012-11-15 11:38:54', NULL, 39, 1, 47),
	(98, '2012-11-15 11:38:54', NULL, 39, 1, 48),
	(99, '2012-11-15 11:38:54', NULL, 39, 1, 49),
	(100, '2012-11-15 11:38:54', NULL, 39, 1, 50),
	(101, '2012-11-15 11:38:54', NULL, 39, 1, 51),
	(102, '2012-11-15 11:38:54', NULL, 39, 1, 52),
	(103, '2012-11-15 11:39:05', NULL, 99, 1, 41),
	(104, '2012-11-15 11:39:05', NULL, 99, 1, 42),
	(105, '2012-11-15 11:39:05', NULL, 99, 1, 43),
	(106, '2012-11-15 11:39:05', NULL, 99, 1, 44),
	(107, '2012-11-15 11:39:05', NULL, 99, 1, 45),
	(108, '2012-11-15 11:39:05', NULL, 99, 1, 46),
	(109, '2012-11-15 11:39:05', NULL, 99, 1, 47),
	(110, '2012-11-15 11:39:05', NULL, 99, 1, 48),
	(111, '2012-11-15 11:39:05', NULL, 99, 1, 49),
	(112, '2012-11-15 11:39:05', NULL, 99, 1, 50),
	(113, '2012-11-15 11:39:05', NULL, 99, 1, 51),
	(114, '2012-11-15 11:39:05', NULL, 99, 1, 52),
	(115, '2012-11-15 11:39:29', NULL, 76, 1, 41),
	(116, '2012-11-15 11:39:29', NULL, 76, 1, 42),
	(117, '2012-11-15 11:39:29', NULL, 76, 1, 43),
	(118, '2012-11-15 11:39:29', NULL, 76, 1, 44),
	(119, '2012-11-15 11:39:29', NULL, 76, 1, 45),
	(120, '2012-11-15 11:39:29', NULL, 76, 1, 46),
	(121, '2012-11-15 11:39:29', NULL, 76, 1, 47),
	(122, '2012-11-15 11:39:29', NULL, 76, 1, 48),
	(123, '2012-11-15 11:39:29', NULL, 76, 1, 49),
	(124, '2012-11-15 11:39:29', NULL, 76, 1, 50),
	(125, '2012-11-15 11:39:29', NULL, 76, 1, 51),
	(126, '2012-11-15 11:39:29', NULL, 76, 1, 52),
	(127, '2012-11-15 11:39:46', NULL, 162, 1, 41),
	(128, '2012-11-15 11:39:46', NULL, 162, 1, 42),
	(129, '2012-11-15 11:39:46', NULL, 162, 1, 43),
	(130, '2012-11-15 11:39:46', NULL, 162, 1, 44),
	(131, '2012-11-15 11:39:46', NULL, 162, 1, 45),
	(132, '2012-11-15 11:39:46', NULL, 162, 1, 46),
	(133, '2012-11-15 11:39:46', NULL, 162, 1, 47),
	(134, '2012-11-15 11:39:46', NULL, 162, 1, 48),
	(135, '2012-11-15 11:39:46', NULL, 162, 1, 49),
	(136, '2012-11-15 11:39:46', NULL, 162, 1, 50),
	(137, '2012-11-15 11:39:46', NULL, 162, 1, 51),
	(138, '2012-11-15 11:39:46', NULL, 162, 1, 52),
	(139, '2012-11-15 11:40:07', NULL, 78, 1, 41),
	(140, '2012-11-15 11:40:07', NULL, 78, 1, 42),
	(141, '2012-11-15 11:40:07', NULL, 78, 1, 43),
	(142, '2012-11-15 11:40:07', NULL, 78, 1, 44),
	(143, '2012-11-15 11:40:07', NULL, 78, 1, 45),
	(144, '2012-11-15 11:40:07', NULL, 78, 1, 46),
	(145, '2012-11-15 11:40:07', NULL, 78, 1, 47),
	(146, '2012-11-15 11:40:07', NULL, 78, 1, 48),
	(147, '2012-11-15 11:40:07', NULL, 78, 1, 49),
	(148, '2012-11-15 11:40:07', NULL, 78, 1, 50),
	(149, '2012-11-15 11:40:07', NULL, 78, 1, 51),
	(150, '2012-11-15 11:40:07', NULL, 78, 1, 52),
	(151, '2012-11-15 11:40:27', NULL, 68, 1, 41),
	(152, '2012-11-15 11:40:27', NULL, 68, 1, 42),
	(153, '2012-11-15 11:40:27', NULL, 68, 1, 43),
	(154, '2012-11-15 11:40:27', NULL, 68, 1, 44),
	(155, '2012-11-15 11:40:27', NULL, 68, 1, 45),
	(156, '2012-11-15 11:40:27', NULL, 68, 1, 46),
	(157, '2012-11-15 11:40:27', NULL, 68, 1, 47),
	(158, '2012-11-15 11:40:27', NULL, 68, 1, 48),
	(159, '2012-11-15 11:40:27', NULL, 68, 1, 49),
	(160, '2012-11-15 11:40:27', NULL, 68, 1, 50),
	(161, '2012-11-15 11:40:27', NULL, 68, 1, 51),
	(162, '2012-11-15 11:40:27', NULL, 68, 1, 52),
	(163, '2012-11-15 11:40:45', NULL, 25, 1, 41),
	(164, '2012-11-15 11:40:45', NULL, 25, 1, 42),
	(165, '2012-11-15 11:40:45', NULL, 25, 1, 43),
	(166, '2012-11-15 11:40:45', NULL, 25, 1, 44),
	(167, '2012-11-15 11:40:45', NULL, 25, 1, 45),
	(168, '2012-11-15 11:40:45', NULL, 25, 1, 46),
	(169, '2012-11-15 11:40:45', NULL, 25, 1, 47),
	(170, '2012-11-15 11:40:45', NULL, 25, 1, 48),
	(171, '2012-11-15 11:40:45', NULL, 25, 1, 49),
	(172, '2012-11-15 11:40:45', NULL, 25, 1, 50),
	(173, '2012-11-15 11:40:45', NULL, 25, 1, 51),
	(174, '2012-11-15 11:40:45', NULL, 25, 1, 52),
	(175, '2012-11-15 11:42:57', NULL, 10, 1, 53),
	(176, '2012-11-15 11:42:57', NULL, 10, 1, 54),
	(177, '2012-11-15 11:42:57', NULL, 10, 1, 55),
	(178, '2012-11-15 11:42:57', NULL, 10, 1, 56),
	(179, '2012-11-15 11:42:57', NULL, 10, 1, 57),
	(180, '2012-11-15 11:42:57', NULL, 10, 1, 58),
	(181, '2012-11-15 11:42:57', NULL, 10, 1, 59),
	(182, '2012-11-15 11:42:57', NULL, 10, 1, 60),
	(183, '2012-11-15 11:42:57', NULL, 10, 1, 61),
	(184, '2012-11-15 11:42:57', NULL, 10, 1, 62),
	(185, '2012-11-15 11:42:57', NULL, 10, 1, 63),
	(186, '2012-11-15 11:42:57', NULL, 10, 1, 64),
	(187, '2012-11-15 11:43:00', NULL, 30, 1, 53),
	(188, '2012-11-15 11:43:00', NULL, 30, 1, 54),
	(189, '2012-11-15 11:43:00', NULL, 30, 1, 55),
	(190, '2012-11-15 11:43:00', NULL, 30, 1, 56),
	(191, '2012-11-15 11:43:00', NULL, 30, 1, 57),
	(192, '2012-11-15 11:43:00', NULL, 30, 1, 58),
	(193, '2012-11-15 11:43:00', NULL, 30, 1, 59),
	(194, '2012-11-15 11:43:00', NULL, 30, 1, 60),
	(195, '2012-11-15 11:43:00', NULL, 30, 1, 61),
	(196, '2012-11-15 11:43:00', NULL, 30, 1, 62),
	(197, '2012-11-15 11:43:00', NULL, 30, 1, 63),
	(198, '2012-11-15 11:43:00', NULL, 30, 1, 64),
	(199, '2012-11-15 11:43:07', NULL, 26, 1, 53),
	(200, '2012-11-15 11:43:07', NULL, 26, 1, 54),
	(201, '2012-11-15 11:43:07', NULL, 26, 1, 55),
	(202, '2012-11-15 11:43:07', NULL, 26, 1, 56),
	(203, '2012-11-15 11:43:07', NULL, 26, 1, 57),
	(204, '2012-11-15 11:43:07', NULL, 26, 1, 58),
	(205, '2012-11-15 11:43:07', NULL, 26, 1, 59),
	(206, '2012-11-15 11:43:07', NULL, 26, 1, 60),
	(207, '2012-11-15 11:43:08', NULL, 26, 1, 61),
	(208, '2012-11-15 11:43:08', NULL, 26, 1, 62),
	(209, '2012-11-15 11:43:08', NULL, 26, 1, 63),
	(210, '2012-11-15 11:43:08', NULL, 26, 1, 64),
	(211, '2012-11-15 11:43:19', NULL, 55, 1, 53),
	(212, '2012-11-15 11:43:19', NULL, 55, 1, 54),
	(213, '2012-11-15 11:43:19', NULL, 55, 1, 55),
	(214, '2012-11-15 11:43:19', NULL, 55, 1, 56),
	(215, '2012-11-15 11:43:19', NULL, 55, 1, 57),
	(216, '2012-11-15 11:43:19', NULL, 55, 1, 58),
	(217, '2012-11-15 11:43:19', NULL, 55, 1, 59),
	(218, '2012-11-15 11:43:19', NULL, 55, 1, 60),
	(219, '2012-11-15 11:43:19', NULL, 55, 1, 61),
	(220, '2012-11-15 11:43:19', NULL, 55, 1, 62),
	(221, '2012-11-15 11:43:19', NULL, 55, 1, 63),
	(222, '2012-11-15 11:43:19', NULL, 55, 1, 64),
	(223, '2012-11-15 11:43:24', NULL, 105, 1, 53),
	(224, '2012-11-15 11:43:24', NULL, 105, 1, 54),
	(225, '2012-11-15 11:43:24', NULL, 105, 1, 55),
	(226, '2012-11-15 11:43:24', NULL, 105, 1, 56),
	(227, '2012-11-15 11:43:24', NULL, 105, 1, 57),
	(228, '2012-11-15 11:43:24', NULL, 105, 1, 58),
	(229, '2012-11-15 11:43:24', NULL, 105, 1, 59),
	(230, '2012-11-15 11:43:24', NULL, 105, 1, 60),
	(231, '2012-11-15 11:43:24', NULL, 105, 1, 61),
	(232, '2012-11-15 11:43:24', NULL, 105, 1, 62),
	(233, '2012-11-15 11:43:24', NULL, 105, 1, 63),
	(234, '2012-11-15 11:43:24', NULL, 105, 1, 64),
	(235, '2012-11-15 11:43:29', NULL, 74, 1, 53),
	(236, '2012-11-15 11:43:29', NULL, 74, 1, 54),
	(237, '2012-11-15 11:43:29', NULL, 74, 1, 55),
	(238, '2012-11-15 11:43:29', NULL, 74, 1, 56),
	(239, '2012-11-15 11:43:29', NULL, 74, 1, 57),
	(240, '2012-11-15 11:43:29', NULL, 74, 1, 58),
	(241, '2012-11-15 11:43:29', NULL, 74, 1, 59),
	(242, '2012-11-15 11:43:29', NULL, 74, 1, 60),
	(243, '2012-11-15 11:43:29', NULL, 74, 1, 61),
	(244, '2012-11-15 11:43:29', NULL, 74, 1, 62),
	(245, '2012-11-15 11:43:29', NULL, 74, 1, 63),
	(246, '2012-11-15 11:43:29', NULL, 74, 1, 64),
	(247, '2012-11-15 11:43:34', NULL, 88, 1, 53),
	(248, '2012-11-15 11:43:34', NULL, 88, 1, 54),
	(249, '2012-11-15 11:43:34', NULL, 88, 1, 55),
	(250, '2012-11-15 11:43:34', NULL, 88, 1, 56),
	(251, '2012-11-15 11:43:34', NULL, 88, 1, 57),
	(252, '2012-11-15 11:43:34', NULL, 88, 1, 58),
	(253, '2012-11-15 11:43:34', NULL, 88, 1, 59),
	(254, '2012-11-15 11:43:34', NULL, 88, 1, 60),
	(255, '2012-11-15 11:43:34', NULL, 88, 1, 61),
	(256, '2012-11-15 11:43:34', NULL, 88, 1, 62),
	(257, '2012-11-15 11:43:34', NULL, 88, 1, 63),
	(258, '2012-11-15 11:43:34', NULL, 88, 1, 64),
	(259, '2012-11-15 11:43:56', NULL, 40, 1, 53),
	(260, '2012-11-15 11:43:56', NULL, 40, 1, 54),
	(261, '2012-11-15 11:43:57', NULL, 40, 1, 55),
	(262, '2012-11-15 11:43:57', NULL, 40, 1, 56),
	(263, '2012-11-15 11:43:57', NULL, 40, 1, 57),
	(264, '2012-11-15 11:43:57', NULL, 40, 1, 58),
	(265, '2012-11-15 11:43:57', NULL, 40, 1, 59),
	(266, '2012-11-15 11:43:57', NULL, 40, 1, 60),
	(267, '2012-11-15 11:43:57', NULL, 40, 1, 61),
	(268, '2012-11-15 11:43:57', NULL, 40, 1, 62),
	(269, '2012-11-15 11:43:57', NULL, 40, 1, 63),
	(270, '2012-11-15 11:43:57', NULL, 40, 1, 64),
	(271, '2012-11-15 11:44:07', NULL, 90, 1, 53),
	(272, '2012-11-15 11:44:07', NULL, 90, 1, 54),
	(273, '2012-11-15 11:44:07', NULL, 90, 1, 55),
	(274, '2012-11-15 11:44:07', NULL, 90, 1, 56),
	(275, '2012-11-15 11:44:07', NULL, 90, 1, 57),
	(276, '2012-11-15 11:44:07', NULL, 90, 1, 58),
	(277, '2012-11-15 11:44:07', NULL, 90, 1, 59),
	(278, '2012-11-15 11:44:07', NULL, 90, 1, 60),
	(279, '2012-11-15 11:44:07', NULL, 90, 1, 61),
	(280, '2012-11-15 11:44:07', NULL, 90, 1, 62),
	(281, '2012-11-15 11:44:07', NULL, 90, 1, 63),
	(282, '2012-11-15 11:44:07', NULL, 90, 1, 64),
	(283, '2012-11-15 11:44:17', NULL, 159, 1, 53),
	(284, '2012-11-15 11:44:17', NULL, 159, 1, 54),
	(285, '2012-11-15 11:44:17', NULL, 159, 1, 55),
	(286, '2012-11-15 11:44:17', NULL, 159, 1, 56),
	(287, '2012-11-15 11:44:17', NULL, 159, 1, 57),
	(288, '2012-11-15 11:44:17', NULL, 159, 1, 58),
	(289, '2012-11-15 11:44:17', NULL, 159, 1, 59),
	(290, '2012-11-15 11:44:17', NULL, 159, 1, 60),
	(291, '2012-11-15 11:44:17', NULL, 159, 1, 61),
	(292, '2012-11-15 11:44:17', NULL, 159, 1, 62),
	(293, '2012-11-15 11:44:18', NULL, 159, 1, 63),
	(294, '2012-11-15 11:44:18', NULL, 159, 1, 64),
	(295, '2012-11-15 11:44:31', NULL, 127, 1, 65),
	(296, '2012-11-15 11:44:31', NULL, 127, 1, 66),
	(297, '2012-11-15 11:44:31', NULL, 127, 1, 67),
	(298, '2012-11-15 11:44:31', NULL, 127, 1, 68),
	(299, '2012-11-15 11:44:31', NULL, 127, 1, 69),
	(300, '2012-11-15 11:44:31', NULL, 127, 1, 70),
	(301, '2012-11-15 11:44:31', NULL, 127, 1, 71),
	(302, '2012-11-15 11:44:31', NULL, 127, 1, 72),
	(303, '2012-11-15 11:44:31', NULL, 127, 1, 73),
	(304, '2012-11-15 11:44:31', NULL, 127, 1, 74),
	(305, '2012-11-15 11:44:31', NULL, 127, 1, 75),
	(306, '2012-11-15 11:44:31', NULL, 127, 1, 76),
	(307, '2012-11-15 11:44:31', NULL, 127, 1, 77),
	(308, '2012-11-15 11:44:36', NULL, 150, 1, 65),
	(309, '2012-11-15 11:44:36', NULL, 150, 1, 66),
	(310, '2012-11-15 11:44:36', NULL, 150, 1, 67),
	(311, '2012-11-15 11:44:36', NULL, 150, 1, 68),
	(312, '2012-11-15 11:44:36', NULL, 150, 1, 69),
	(313, '2012-11-15 11:44:36', NULL, 150, 1, 70),
	(314, '2012-11-15 11:44:36', NULL, 150, 1, 71),
	(315, '2012-11-15 11:44:36', NULL, 150, 1, 72),
	(316, '2012-11-15 11:44:36', NULL, 150, 1, 73),
	(317, '2012-11-15 11:44:36', NULL, 150, 1, 74),
	(318, '2012-11-15 11:44:36', NULL, 150, 1, 75),
	(319, '2012-11-15 11:44:36', NULL, 150, 1, 76),
	(320, '2012-11-15 11:44:36', NULL, 150, 1, 77),
	(321, '2012-11-15 11:44:45', NULL, 151, 1, 65),
	(322, '2012-11-15 11:44:45', NULL, 151, 1, 66),
	(323, '2012-11-15 11:44:45', NULL, 151, 1, 67),
	(324, '2012-11-15 11:44:45', NULL, 151, 1, 68),
	(325, '2012-11-15 11:44:45', NULL, 151, 1, 69),
	(326, '2012-11-15 11:44:45', NULL, 151, 1, 70),
	(327, '2012-11-15 11:44:45', NULL, 151, 1, 71),
	(328, '2012-11-15 11:44:45', NULL, 151, 1, 72),
	(329, '2012-11-15 11:44:45', NULL, 151, 1, 73),
	(330, '2012-11-15 11:44:45', NULL, 151, 1, 74),
	(331, '2012-11-15 11:44:45', NULL, 151, 1, 75),
	(332, '2012-11-15 11:44:45', NULL, 151, 1, 76),
	(333, '2012-11-15 11:44:45', NULL, 151, 1, 77),
	(334, '2012-11-15 11:44:51', NULL, 17, 1, 65),
	(335, '2012-11-15 11:44:51', NULL, 17, 1, 66),
	(336, '2012-11-15 11:44:51', NULL, 17, 1, 67),
	(337, '2012-11-15 11:44:51', NULL, 17, 1, 68),
	(338, '2012-11-15 11:44:51', NULL, 17, 1, 69),
	(339, '2012-11-15 11:44:51', NULL, 17, 1, 70),
	(340, '2012-11-15 11:44:51', NULL, 17, 1, 71),
	(341, '2012-11-15 11:44:51', NULL, 17, 1, 72),
	(342, '2012-11-15 11:44:51', NULL, 17, 1, 73),
	(343, '2012-11-15 11:44:51', NULL, 17, 1, 74),
	(344, '2012-11-15 11:44:51', NULL, 17, 1, 75),
	(345, '2012-11-15 11:44:51', NULL, 17, 1, 76),
	(346, '2012-11-15 11:44:51', NULL, 17, 1, 77),
	(347, '2012-11-15 11:44:57', NULL, 94, 1, 65),
	(348, '2012-11-15 11:44:57', NULL, 94, 1, 66),
	(349, '2012-11-15 11:44:57', NULL, 94, 1, 67),
	(350, '2012-11-15 11:44:57', NULL, 94, 1, 68),
	(351, '2012-11-15 11:44:57', NULL, 94, 1, 69),
	(352, '2012-11-15 11:44:57', NULL, 94, 1, 70),
	(353, '2012-11-15 11:44:57', NULL, 94, 1, 71),
	(354, '2012-11-15 11:44:57', NULL, 94, 1, 72),
	(355, '2012-11-15 11:44:57', NULL, 94, 1, 73),
	(356, '2012-11-15 11:44:57', NULL, 94, 1, 74),
	(357, '2012-11-15 11:44:57', NULL, 94, 1, 75),
	(358, '2012-11-15 11:44:57', NULL, 94, 1, 76),
	(359, '2012-11-15 11:44:57', NULL, 94, 1, 77),
	(360, '2012-11-15 11:45:01', NULL, 34, 1, 65),
	(361, '2012-11-15 11:45:01', NULL, 34, 1, 66),
	(362, '2012-11-15 11:45:01', NULL, 34, 1, 67),
	(363, '2012-11-15 11:45:01', NULL, 34, 1, 68),
	(364, '2012-11-15 11:45:01', NULL, 34, 1, 69),
	(365, '2012-11-15 11:45:01', NULL, 34, 1, 70),
	(366, '2012-11-15 11:45:01', NULL, 34, 1, 71),
	(367, '2012-11-15 11:45:01', NULL, 34, 1, 72),
	(368, '2012-11-15 11:45:01', NULL, 34, 1, 73),
	(369, '2012-11-15 11:45:01', NULL, 34, 1, 74),
	(370, '2012-11-15 11:45:01', NULL, 34, 1, 75),
	(371, '2012-11-15 11:45:01', NULL, 34, 1, 76),
	(372, '2012-11-15 11:45:01', NULL, 34, 1, 77),
	(373, '2012-11-15 11:45:12', NULL, 61, 1, 65),
	(374, '2012-11-15 11:45:12', NULL, 61, 1, 66),
	(375, '2012-11-15 11:45:12', NULL, 61, 1, 67),
	(376, '2012-11-15 11:45:12', NULL, 61, 1, 68),
	(377, '2012-11-15 11:45:12', NULL, 61, 1, 69),
	(378, '2012-11-15 11:45:12', NULL, 61, 1, 70),
	(379, '2012-11-15 11:45:12', NULL, 61, 1, 71),
	(380, '2012-11-15 11:45:12', NULL, 61, 1, 72),
	(381, '2012-11-15 11:45:12', NULL, 61, 1, 73),
	(382, '2012-11-15 11:45:12', NULL, 61, 1, 74),
	(383, '2012-11-15 11:45:12', NULL, 61, 1, 75),
	(384, '2012-11-15 11:45:13', NULL, 61, 1, 76),
	(385, '2012-11-15 11:45:13', NULL, 61, 1, 77),
	(386, '2012-11-15 11:45:23', NULL, 82, 1, 65),
	(387, '2012-11-15 11:45:23', NULL, 82, 1, 66),
	(388, '2012-11-15 11:45:23', NULL, 82, 1, 67),
	(389, '2012-11-15 11:45:23', NULL, 82, 1, 68),
	(390, '2012-11-15 11:45:23', NULL, 82, 1, 69),
	(391, '2012-11-15 11:45:24', NULL, 82, 1, 70),
	(392, '2012-11-15 11:45:24', NULL, 82, 1, 71),
	(393, '2012-11-15 11:45:24', NULL, 82, 1, 72),
	(394, '2012-11-15 11:45:24', NULL, 82, 1, 73),
	(395, '2012-11-15 11:45:24', NULL, 82, 1, 74),
	(396, '2012-11-15 11:45:24', NULL, 82, 1, 75),
	(397, '2012-11-15 11:45:24', NULL, 82, 1, 76),
	(398, '2012-11-15 11:45:24', NULL, 82, 1, 77),
	(399, '2012-11-15 11:45:34', NULL, 75, 1, 65),
	(400, '2012-11-15 11:45:34', NULL, 75, 1, 66),
	(401, '2012-11-15 11:45:34', NULL, 75, 1, 67),
	(402, '2012-11-15 11:45:34', NULL, 75, 1, 68),
	(403, '2012-11-15 11:45:34', NULL, 75, 1, 69),
	(404, '2012-11-15 11:45:34', NULL, 75, 1, 70),
	(405, '2012-11-15 11:45:34', NULL, 75, 1, 71),
	(406, '2012-11-15 11:45:34', NULL, 75, 1, 72),
	(407, '2012-11-15 11:45:34', NULL, 75, 1, 73),
	(408, '2012-11-15 11:45:34', NULL, 75, 1, 74),
	(409, '2012-11-15 11:45:34', NULL, 75, 1, 75),
	(410, '2012-11-15 11:45:34', NULL, 75, 1, 76),
	(411, '2012-11-15 11:45:34', NULL, 75, 1, 77),
	(412, '2012-11-15 11:45:43', NULL, 42, 1, 65),
	(413, '2012-11-15 11:45:43', NULL, 42, 1, 66),
	(414, '2012-11-15 11:45:43', NULL, 42, 1, 67),
	(415, '2012-11-15 11:45:43', NULL, 42, 1, 68),
	(416, '2012-11-15 11:45:43', NULL, 42, 1, 69),
	(417, '2012-11-15 11:45:43', NULL, 42, 1, 70),
	(418, '2012-11-15 11:45:43', NULL, 42, 1, 71),
	(419, '2012-11-15 11:45:43', NULL, 42, 1, 72),
	(420, '2012-11-15 11:45:43', NULL, 42, 1, 73),
	(421, '2012-11-15 11:45:43', NULL, 42, 1, 74),
	(422, '2012-11-15 11:45:43', NULL, 42, 1, 75),
	(423, '2012-11-15 11:45:43', NULL, 42, 1, 76),
	(424, '2012-11-15 11:45:43', NULL, 42, 1, 77),
	(425, '2012-11-28 17:40:58', '2012-11-28', 3, 3, 78),
	(426, '2012-11-28 17:40:58', '2012-11-28', 3, 3, 79),
	(427, '2012-11-28 17:40:58', '2012-11-28', 3, 3, 80),
	(428, '2012-11-28 17:40:58', '2012-11-28', 3, 3, 81),
	(429, '2012-11-28 17:40:58', '2012-11-28', 3, 3, 82),
	(430, '2012-11-28 17:40:58', '2012-11-28', 3, 3, 83),
	(431, '2012-11-28 17:40:58', '2012-11-28', 3, 3, 84),
	(432, '2012-11-28 17:40:58', '2012-11-28', 3, 3, 85),
	(433, '2012-11-28 17:40:58', '2012-11-28', 3, 3, 86),
	(434, '2012-11-28 17:40:58', '2012-11-28', 3, 3, 87),
	(435, '2012-11-28 17:40:58', '2012-11-28', 3, 3, 88),
	(436, '2012-11-28 17:40:58', '2012-11-28', 3, 3, 89),
	(437, '2012-11-28 17:41:09', '2012-11-28', 52, 3, 78),
	(438, '2012-11-28 17:41:09', '2012-11-28', 52, 3, 79),
	(439, '2012-11-28 17:41:09', '2012-11-28', 52, 3, 80),
	(440, '2012-11-28 17:41:09', '2012-11-28', 52, 3, 81),
	(441, '2012-11-28 17:41:09', '2012-11-28', 52, 3, 82),
	(442, '2012-11-28 17:41:10', '2012-11-28', 52, 3, 83),
	(443, '2012-11-28 17:41:10', '2012-11-28', 52, 3, 84),
	(444, '2012-11-28 17:41:10', '2012-11-28', 52, 3, 85),
	(445, '2012-11-28 17:41:10', '2012-11-28', 52, 3, 86),
	(446, '2012-11-28 17:41:10', '2012-11-28', 52, 3, 87),
	(447, '2012-11-28 17:41:10', '2012-11-28', 52, 3, 88),
	(448, '2012-11-28 17:41:10', '2012-11-28', 52, 3, 89),
	(449, '2012-11-28 17:41:25', '2012-11-28', 41, 3, 78),
	(450, '2012-11-28 17:41:25', '2012-11-28', 41, 3, 79),
	(451, '2012-11-28 17:41:25', '2012-11-28', 41, 3, 80),
	(452, '2012-11-28 17:41:25', '2012-11-28', 41, 3, 81),
	(453, '2012-11-28 17:41:25', '2012-11-28', 41, 3, 82),
	(454, '2012-11-28 17:41:25', '2012-11-28', 41, 3, 83),
	(455, '2012-11-28 17:41:25', '2012-11-28', 41, 3, 84),
	(456, '2012-11-28 17:41:25', '2012-11-28', 41, 3, 85),
	(457, '2012-11-28 17:41:25', '2012-11-28', 41, 3, 86),
	(458, '2012-11-28 17:41:25', '2012-11-28', 41, 3, 87),
	(459, '2012-11-28 17:41:25', '2012-11-28', 41, 3, 88),
	(460, '2012-11-28 17:41:25', '2012-11-28', 41, 3, 89),
	(461, '2012-11-28 17:41:34', '2012-11-28', 3, 8, 128),
	(462, '2012-11-28 17:41:34', '2012-11-28', 3, 8, 129),
	(463, '2012-11-28 17:41:34', '2012-11-28', 3, 8, 130),
	(464, '2012-11-28 17:41:34', '2012-11-28', 3, 8, 131),
	(465, '2012-11-28 17:41:35', '2012-11-28', 3, 8, 132),
	(466, '2012-11-28 17:41:35', '2012-11-28', 3, 8, 133),
	(467, '2012-11-28 17:41:35', '2012-11-28', 3, 8, 134),
	(468, '2012-11-28 17:41:35', '2012-11-28', 3, 8, 135),
	(469, '2012-11-28 17:41:35', '2012-11-28', 3, 8, 136),
	(470, '2012-11-28 17:41:35', '2012-11-28', 3, 8, 137),
	(471, '2012-11-28 17:41:35', '2012-11-28', 3, 8, 138),
	(472, '2012-11-28 17:41:35', '2012-11-28', 3, 8, 139),
	(473, '2012-11-28 17:41:35', '2012-11-28', 3, 8, 140),
	(474, '2012-11-28 17:41:35', '2012-11-28', 3, 8, 141),
	(475, '2012-11-28 17:41:35', '2012-11-28', 52, 8, 128),
	(476, '2012-11-28 17:41:35', '2012-11-28', 52, 8, 129),
	(477, '2012-11-28 17:41:35', '2012-11-28', 52, 8, 130),
	(478, '2012-11-28 17:41:35', '2012-11-28', 52, 8, 131),
	(479, '2012-11-28 17:41:35', '2012-11-28', 52, 8, 132),
	(480, '2012-11-28 17:41:35', '2012-11-28', 52, 8, 133),
	(481, '2012-11-28 17:41:35', '2012-11-28', 52, 8, 134),
	(482, '2012-11-28 17:41:35', '2012-11-28', 52, 8, 135),
	(483, '2012-11-28 17:41:35', '2012-11-28', 52, 8, 136),
	(484, '2012-11-28 17:41:35', '2012-11-28', 52, 8, 137),
	(485, '2012-11-28 17:41:35', '2012-11-28', 52, 8, 138),
	(486, '2012-11-28 17:41:35', '2012-11-28', 52, 8, 139),
	(487, '2012-11-28 17:41:35', '2012-11-28', 52, 8, 140),
	(488, '2012-11-28 17:41:35', '2012-11-28', 52, 8, 141),
	(489, '2012-11-28 17:41:35', '2012-11-28', 41, 8, 128),
	(490, '2012-11-28 17:41:35', '2012-11-28', 41, 8, 129),
	(491, '2012-11-28 17:41:35', '2012-11-28', 41, 8, 130),
	(492, '2012-11-28 17:41:35', '2012-11-28', 41, 8, 131),
	(493, '2012-11-28 17:41:35', '2012-11-28', 41, 8, 132),
	(494, '2012-11-28 17:41:35', '2012-11-28', 41, 8, 133),
	(495, '2012-11-28 17:41:35', '2012-11-28', 41, 8, 134),
	(496, '2012-11-28 17:41:35', '2012-11-28', 41, 8, 135),
	(497, '2012-11-28 17:41:35', '2012-11-28', 41, 8, 136),
	(498, '2012-11-28 17:41:35', '2012-11-28', 41, 8, 137),
	(499, '2012-11-28 17:41:35', '2012-11-28', 41, 8, 138),
	(500, '2012-11-28 17:41:35', '2012-11-28', 41, 8, 139),
	(501, '2012-11-28 17:41:35', '2012-11-28', 41, 8, 140),
	(502, '2012-11-28 17:41:35', '2012-11-28', 41, 8, 141),
	(503, '2012-12-01 21:20:02', '2012-12-01', 4, 7, 268),
	(504, '2012-12-01 21:20:02', '2012-12-01', 4, 7, 269),
	(505, '2012-12-01 21:20:02', '2012-12-01', 4, 7, 270),
	(506, '2012-12-01 21:20:02', '2012-12-01', 4, 7, 271),
	(507, '2012-12-01 21:20:02', '2012-12-01', 4, 7, 272),
	(508, '2012-12-01 21:20:03', '2012-12-01', 4, 7, 273),
	(509, '2012-12-01 21:20:03', '2012-12-01', 4, 7, 274),
	(510, '2012-12-01 21:20:03', '2012-12-01', 4, 7, 275),
	(511, '2012-12-01 21:20:03', '2012-12-01', 4, 7, 276),
	(512, '2012-12-01 21:20:03', '2012-12-01', 4, 7, 277),
	(513, '2012-12-01 21:20:03', '2012-12-01', 4, 7, 278),
	(514, '2012-12-01 21:20:03', '2012-12-01', 4, 7, 279),
	(515, '2012-12-01 21:20:11', '2012-12-02', 4, 2, 280),
	(516, '2012-12-01 21:20:11', '2012-12-02', 4, 2, 281),
	(517, '2012-12-01 21:20:11', '2012-12-02', 4, 2, 282),
	(518, '2012-12-01 21:20:11', '2012-12-02', 4, 2, 283),
	(519, '2012-12-01 21:20:11', '2012-12-02', 4, 2, 284),
	(520, '2012-12-01 21:20:11', '2012-12-02', 4, 2, 285),
	(521, '2012-12-01 21:20:11', '2012-12-02', 4, 2, 286),
	(522, '2012-12-01 21:20:11', '2012-12-02', 4, 2, 287),
	(523, '2012-12-01 21:20:11', '2012-12-02', 4, 2, 288),
	(524, '2012-12-01 21:20:11', '2012-12-02', 4, 2, 289),
	(525, '2012-12-01 21:20:11', '2012-12-02', 4, 2, 290),
	(526, '2012-12-01 21:20:11', '2012-12-02', 4, 2, 291),
	(527, '2012-12-02 19:53:33', '2012-12-02', 9, 7, 292),
	(528, '2012-12-02 19:53:33', '2012-12-02', 9, 7, 293),
	(529, '2012-12-02 19:53:33', '2012-12-02', 9, 7, 294),
	(530, '2012-12-02 19:53:33', '2012-12-02', 9, 7, 295),
	(531, '2012-12-02 19:53:33', '2012-12-02', 9, 7, 296),
	(532, '2012-12-02 19:53:33', '2012-12-02', 9, 7, 297),
	(533, '2012-12-02 19:53:33', '2012-12-02', 9, 7, 298),
	(534, '2012-12-02 19:53:33', '2012-12-02', 9, 7, 299),
	(535, '2012-12-02 19:53:33', '2012-12-02', 9, 7, 300),
	(536, '2012-12-02 19:53:33', '2012-12-02', 9, 7, 301),
	(537, '2012-12-02 19:53:33', '2012-12-02', 9, 7, 302),
	(538, '2012-12-02 19:53:33', '2012-12-02', 9, 7, 303),
	(539, '2012-12-02 19:53:38', '2012-12-02', 62, 3, 292),
	(540, '2012-12-02 19:53:38', '2012-12-02', 62, 3, 293),
	(541, '2012-12-02 19:53:38', '2012-12-02', 62, 3, 294),
	(542, '2012-12-02 19:53:38', '2012-12-02', 62, 3, 295),
	(543, '2012-12-02 19:53:38', '2012-12-02', 62, 3, 296),
	(544, '2012-12-02 19:53:38', '2012-12-02', 62, 3, 297),
	(545, '2012-12-02 19:53:38', '2012-12-02', 62, 3, 298),
	(546, '2012-12-02 19:53:38', '2012-12-02', 62, 3, 299),
	(547, '2012-12-02 19:53:38', '2012-12-02', 62, 3, 300),
	(548, '2012-12-02 19:53:38', '2012-12-02', 62, 3, 301),
	(549, '2012-12-02 19:53:38', '2012-12-02', 62, 3, 302),
	(550, '2012-12-02 19:53:38', '2012-12-02', 62, 3, 303),
	(551, '2012-12-02 19:53:42', '2012-12-02', 28, 3, 292),
	(552, '2012-12-02 19:53:42', '2012-12-02', 28, 3, 293),
	(553, '2012-12-02 19:53:42', '2012-12-02', 28, 3, 294),
	(554, '2012-12-02 19:53:42', '2012-12-02', 28, 3, 295),
	(555, '2012-12-02 19:53:42', '2012-12-02', 28, 3, 296),
	(556, '2012-12-02 19:53:42', '2012-12-02', 28, 3, 297),
	(557, '2012-12-02 19:53:42', '2012-12-02', 28, 3, 298),
	(558, '2012-12-02 19:53:42', '2012-12-02', 28, 3, 299),
	(559, '2012-12-02 19:53:42', '2012-12-02', 28, 3, 300),
	(560, '2012-12-02 19:53:42', '2012-12-02', 28, 3, 301),
	(561, '2012-12-02 19:53:42', '2012-12-02', 28, 3, 302),
	(562, '2012-12-02 19:53:42', '2012-12-02', 28, 3, 303),
	(563, '2012-12-02 19:53:45', '2012-12-02', 60, 7, 292),
	(564, '2012-12-02 19:53:45', '2012-12-02', 60, 7, 293),
	(565, '2012-12-02 19:53:45', '2012-12-02', 60, 7, 294),
	(566, '2012-12-02 19:53:45', '2012-12-02', 60, 7, 295),
	(567, '2012-12-02 19:53:45', '2012-12-02', 60, 7, 296),
	(568, '2012-12-02 19:53:45', '2012-12-02', 60, 7, 297),
	(569, '2012-12-02 19:53:45', '2012-12-02', 60, 7, 298),
	(570, '2012-12-02 19:53:45', '2012-12-02', 60, 7, 299),
	(571, '2012-12-02 19:53:45', '2012-12-02', 60, 7, 300),
	(572, '2012-12-02 19:53:45', '2012-12-02', 60, 7, 301),
	(573, '2012-12-02 19:53:46', '2012-12-02', 60, 7, 302),
	(574, '2012-12-02 19:53:46', '2012-12-02', 60, 7, 303),
	(575, '2012-12-02 19:53:49', '2012-12-02', 41, 3, 292),
	(576, '2012-12-02 19:53:49', '2012-12-02', 41, 3, 293),
	(577, '2012-12-02 19:53:49', '2012-12-02', 41, 3, 294),
	(578, '2012-12-02 19:53:49', '2012-12-02', 41, 3, 295),
	(579, '2012-12-02 19:53:49', '2012-12-02', 41, 3, 296),
	(580, '2012-12-02 19:53:49', '2012-12-02', 41, 3, 297),
	(581, '2012-12-02 19:53:49', '2012-12-02', 41, 3, 298),
	(582, '2012-12-02 19:53:49', '2012-12-02', 41, 3, 299),
	(583, '2012-12-02 19:53:49', '2012-12-02', 41, 3, 300),
	(584, '2012-12-02 19:53:49', '2012-12-02', 41, 3, 301),
	(585, '2012-12-02 19:53:49', '2012-12-02', 41, 3, 302),
	(586, '2012-12-02 19:53:49', '2012-12-02', 41, 3, 303),
	(587, '2012-12-02 19:53:52', '2012-12-02', 20, 3, 292),
	(588, '2012-12-02 19:53:52', '2012-12-02', 20, 3, 293),
	(589, '2012-12-02 19:53:52', '2012-12-02', 20, 3, 294),
	(590, '2012-12-02 19:53:52', '2012-12-02', 20, 3, 295),
	(591, '2012-12-02 19:53:52', '2012-12-02', 20, 3, 296),
	(592, '2012-12-02 19:53:53', '2012-12-02', 20, 3, 297),
	(593, '2012-12-02 19:53:53', '2012-12-02', 20, 3, 298),
	(594, '2012-12-02 19:53:53', '2012-12-02', 20, 3, 299),
	(595, '2012-12-02 19:53:53', '2012-12-02', 20, 3, 300),
	(596, '2012-12-02 19:53:53', '2012-12-02', 20, 3, 301),
	(597, '2012-12-02 19:53:53', '2012-12-02', 20, 3, 302),
	(598, '2012-12-02 19:53:53', '2012-12-02', 20, 3, 303),
	(599, '2012-12-02 19:54:04', '2012-12-02', 52, 7, 292),
	(600, '2012-12-02 19:54:04', '2012-12-02', 52, 7, 293),
	(601, '2012-12-02 19:54:04', '2012-12-02', 52, 7, 294),
	(602, '2012-12-02 19:54:04', '2012-12-02', 52, 7, 295),
	(603, '2012-12-02 19:54:04', '2012-12-02', 52, 7, 296),
	(604, '2012-12-02 19:54:04', '2012-12-02', 52, 7, 297),
	(605, '2012-12-02 19:54:04', '2012-12-02', 52, 7, 298),
	(606, '2012-12-02 19:54:04', '2012-12-02', 52, 7, 299),
	(607, '2012-12-02 19:54:04', '2012-12-02', 52, 7, 300),
	(608, '2012-12-02 19:54:04', '2012-12-02', 52, 7, 301),
	(609, '2012-12-02 19:54:04', '2012-12-02', 52, 7, 302),
	(610, '2012-12-02 19:54:04', '2012-12-02', 52, 7, 303),
	(611, '2012-12-02 19:54:37', '2012-12-02', 7, 3, 292),
	(612, '2012-12-02 19:54:37', '2012-12-02', 7, 3, 293),
	(613, '2012-12-02 19:54:37', '2012-12-02', 7, 3, 294),
	(614, '2012-12-02 19:54:37', '2012-12-02', 7, 3, 295),
	(615, '2012-12-02 19:54:37', '2012-12-02', 7, 3, 296),
	(616, '2012-12-02 19:54:37', '2012-12-02', 7, 3, 297),
	(617, '2012-12-02 19:54:38', '2012-12-02', 7, 3, 298),
	(618, '2012-12-02 19:54:38', '2012-12-02', 7, 3, 299),
	(619, '2012-12-02 19:54:38', '2012-12-02', 7, 3, 300),
	(620, '2012-12-02 19:54:38', '2012-12-02', 7, 3, 301),
	(621, '2012-12-02 19:54:38', '2012-12-02', 7, 3, 302),
	(622, '2012-12-02 19:54:38', '2012-12-02', 7, 3, 303),
	(623, '2012-12-02 19:55:56', '2012-12-02', 22, 3, 304),
	(624, '2012-12-02 19:55:56', '2012-12-02', 22, 3, 305),
	(625, '2012-12-02 19:55:56', '2012-12-02', 22, 3, 306),
	(626, '2012-12-02 19:55:56', '2012-12-02', 22, 3, 307),
	(627, '2012-12-02 19:55:56', '2012-12-02', 22, 3, 308),
	(628, '2012-12-02 19:55:56', '2012-12-02', 22, 3, 309),
	(629, '2012-12-02 19:55:56', '2012-12-02', 22, 3, 310),
	(630, '2012-12-02 19:55:56', '2012-12-02', 22, 3, 311),
	(631, '2012-12-02 19:55:56', '2012-12-02', 22, 3, 312),
	(632, '2012-12-02 19:55:56', '2012-12-02', 22, 3, 313),
	(633, '2012-12-02 19:55:56', '2012-12-02', 22, 3, 314),
	(634, '2012-12-02 19:55:56', '2012-12-02', 22, 3, 315),
	(635, '2012-12-02 19:56:11', '2012-12-02', 58, 3, 304),
	(636, '2012-12-02 19:56:11', '2012-12-02', 58, 3, 305),
	(637, '2012-12-02 19:56:11', '2012-12-02', 58, 3, 306),
	(638, '2012-12-02 19:56:11', '2012-12-02', 58, 3, 307),
	(639, '2012-12-02 19:56:11', '2012-12-02', 58, 3, 308),
	(640, '2012-12-02 19:56:11', '2012-12-02', 58, 3, 309),
	(641, '2012-12-02 19:56:11', '2012-12-02', 58, 3, 310),
	(642, '2012-12-02 19:56:11', '2012-12-02', 58, 3, 311),
	(643, '2012-12-02 19:56:11', '2012-12-02', 58, 3, 312),
	(644, '2012-12-02 19:56:11', '2012-12-02', 58, 3, 313),
	(645, '2012-12-02 19:56:12', '2012-12-02', 58, 3, 314),
	(646, '2012-12-02 19:56:12', '2012-12-02', 58, 3, 315),
	(647, '2012-12-02 19:56:16', '2012-12-02', 36, 3, 304),
	(648, '2012-12-02 19:56:16', '2012-12-02', 36, 3, 305),
	(649, '2012-12-02 19:56:16', '2012-12-02', 36, 3, 306),
	(650, '2012-12-02 19:56:17', '2012-12-02', 36, 3, 307),
	(651, '2012-12-02 19:56:17', '2012-12-02', 36, 3, 308),
	(652, '2012-12-02 19:56:17', '2012-12-02', 36, 3, 309),
	(653, '2012-12-02 19:56:17', '2012-12-02', 36, 3, 310),
	(654, '2012-12-02 19:56:17', '2012-12-02', 36, 3, 311),
	(655, '2012-12-02 19:56:17', '2012-12-02', 36, 3, 312),
	(656, '2012-12-02 19:56:17', '2012-12-02', 36, 3, 313),
	(657, '2012-12-02 19:56:17', '2012-12-02', 36, 3, 314),
	(658, '2012-12-02 19:56:17', '2012-12-02', 36, 3, 315),
	(659, '2012-12-02 19:56:36', '2012-12-02', 67, 3, 304),
	(660, '2012-12-02 19:56:36', '2012-12-02', 67, 3, 305),
	(661, '2012-12-02 19:56:36', '2012-12-02', 67, 3, 306),
	(662, '2012-12-02 19:56:36', '2012-12-02', 67, 3, 307),
	(663, '2012-12-02 19:56:36', '2012-12-02', 67, 3, 308),
	(664, '2012-12-02 19:56:36', '2012-12-02', 67, 3, 309),
	(665, '2012-12-02 19:56:36', '2012-12-02', 67, 3, 310),
	(666, '2012-12-02 19:56:36', '2012-12-02', 67, 3, 311),
	(667, '2012-12-02 19:56:36', '2012-12-02', 67, 3, 312),
	(668, '2012-12-02 19:56:36', '2012-12-02', 67, 3, 313),
	(669, '2012-12-02 19:56:36', '2012-12-02', 67, 3, 314),
	(670, '2012-12-02 19:56:36', '2012-12-02', 67, 3, 315),
	(671, '2012-12-02 19:56:39', '2012-12-02', 167, 3, 304),
	(672, '2012-12-02 19:56:39', '2012-12-02', 167, 3, 305),
	(673, '2012-12-02 19:56:39', '2012-12-02', 167, 3, 306),
	(674, '2012-12-02 19:56:39', '2012-12-02', 167, 3, 307),
	(675, '2012-12-02 19:56:39', '2012-12-02', 167, 3, 308),
	(676, '2012-12-02 19:56:39', '2012-12-02', 167, 3, 309),
	(677, '2012-12-02 19:56:39', '2012-12-02', 167, 3, 310),
	(678, '2012-12-02 19:56:39', '2012-12-02', 167, 3, 311),
	(679, '2012-12-02 19:56:39', '2012-12-02', 167, 3, 312),
	(680, '2012-12-02 19:56:39', '2012-12-02', 167, 3, 313),
	(681, '2012-12-02 19:56:40', '2012-12-02', 167, 3, 314),
	(682, '2012-12-02 19:56:40', '2012-12-02', 167, 3, 315),
	(683, '2012-12-02 19:56:52', '2012-12-02', 46, 3, 304),
	(684, '2012-12-02 19:56:52', '2012-12-02', 46, 3, 305),
	(685, '2012-12-02 19:56:52', '2012-12-02', 46, 3, 306),
	(686, '2012-12-02 19:56:52', '2012-12-02', 46, 3, 307),
	(687, '2012-12-02 19:56:52', '2012-12-02', 46, 3, 308),
	(688, '2012-12-02 19:56:52', '2012-12-02', 46, 3, 309),
	(689, '2012-12-02 19:56:52', '2012-12-02', 46, 3, 310),
	(690, '2012-12-02 19:56:52', '2012-12-02', 46, 3, 311),
	(691, '2012-12-02 19:56:52', '2012-12-02', 46, 3, 312),
	(692, '2012-12-02 19:56:52', '2012-12-02', 46, 3, 313),
	(693, '2012-12-02 19:56:52', '2012-12-02', 46, 3, 314),
	(694, '2012-12-02 19:56:52', '2012-12-02', 46, 3, 315),
	(695, '2012-12-02 19:57:02', '2012-12-02', 18, 7, 316),
	(696, '2012-12-02 19:57:02', '2012-12-02', 18, 7, 317),
	(697, '2012-12-02 19:57:02', '2012-12-02', 18, 7, 318),
	(698, '2012-12-02 19:57:02', '2012-12-02', 18, 7, 319),
	(699, '2012-12-02 19:57:02', '2012-12-02', 18, 7, 320),
	(700, '2012-12-02 19:57:02', '2012-12-02', 18, 7, 321),
	(701, '2012-12-02 19:57:02', '2012-12-02', 18, 7, 322),
	(702, '2012-12-02 19:57:02', '2012-12-02', 18, 7, 323),
	(703, '2012-12-02 19:57:02', '2012-12-02', 18, 7, 324),
	(704, '2012-12-02 19:57:02', '2012-12-02', 18, 7, 325),
	(705, '2012-12-02 19:57:02', '2012-12-02', 18, 7, 326),
	(706, '2012-12-02 19:57:02', '2012-12-02', 18, 7, 327),
	(707, '2012-12-02 19:57:02', '2012-12-02', 18, 7, 328),
	(708, '2012-12-02 19:57:06', '2012-12-02', 44, 8, 316),
	(709, '2012-12-02 19:57:06', '2012-12-02', 44, 8, 317),
	(710, '2012-12-02 19:57:06', '2012-12-02', 44, 8, 318),
	(711, '2012-12-02 19:57:06', '2012-12-02', 44, 8, 319),
	(712, '2012-12-02 19:57:06', '2012-12-02', 44, 8, 320),
	(713, '2012-12-02 19:57:06', '2012-12-02', 44, 8, 321),
	(714, '2012-12-02 19:57:06', '2012-12-02', 44, 8, 322),
	(715, '2012-12-02 19:57:07', '2012-12-02', 44, 8, 323),
	(716, '2012-12-02 19:57:07', '2012-12-02', 44, 8, 324),
	(717, '2012-12-02 19:57:07', '2012-12-02', 44, 8, 325),
	(718, '2012-12-02 19:57:07', '2012-12-02', 44, 8, 326),
	(719, '2012-12-02 19:57:07', '2012-12-02', 44, 8, 327),
	(720, '2012-12-02 19:57:07', '2012-12-02', 44, 8, 328),
	(721, '2012-12-02 19:57:14', '2012-12-02', 50, 8, 316),
	(722, '2012-12-02 19:57:14', '2012-12-02', 50, 8, 317),
	(723, '2012-12-02 19:57:14', '2012-12-02', 50, 8, 318),
	(724, '2012-12-02 19:57:14', '2012-12-02', 50, 8, 319),
	(725, '2012-12-02 19:57:15', '2012-12-02', 50, 8, 320),
	(726, '2012-12-02 19:57:15', '2012-12-02', 50, 8, 321),
	(727, '2012-12-02 19:57:15', '2012-12-02', 50, 8, 322),
	(728, '2012-12-02 19:57:15', '2012-12-02', 50, 8, 323),
	(729, '2012-12-02 19:57:15', '2012-12-02', 50, 8, 324),
	(730, '2012-12-02 19:57:15', '2012-12-02', 50, 8, 325),
	(731, '2012-12-02 19:57:15', '2012-12-02', 50, 8, 326),
	(732, '2012-12-02 19:57:15', '2012-12-02', 50, 8, 327),
	(733, '2012-12-02 19:57:15', '2012-12-02', 50, 8, 328),
	(734, '2012-12-02 19:57:18', '2012-12-02', 51, 7, 316),
	(735, '2012-12-02 19:57:18', '2012-12-02', 51, 7, 317),
	(736, '2012-12-02 19:57:18', '2012-12-02', 51, 7, 318),
	(737, '2012-12-02 19:57:18', '2012-12-02', 51, 7, 319),
	(738, '2012-12-02 19:57:18', '2012-12-02', 51, 7, 320),
	(739, '2012-12-02 19:57:18', '2012-12-02', 51, 7, 321),
	(740, '2012-12-02 19:57:19', '2012-12-02', 51, 7, 322),
	(741, '2012-12-02 19:57:19', '2012-12-02', 51, 7, 323),
	(742, '2012-12-02 19:57:19', '2012-12-02', 51, 7, 324),
	(743, '2012-12-02 19:57:19', '2012-12-02', 51, 7, 325),
	(744, '2012-12-02 19:57:19', '2012-12-02', 51, 7, 326),
	(745, '2012-12-02 19:57:19', '2012-12-02', 51, 7, 327),
	(746, '2012-12-02 19:57:19', '2012-12-02', 51, 7, 328),
	(747, '2012-12-02 19:57:33', '2012-12-02', 59, 8, 316),
	(748, '2012-12-02 19:57:33', '2012-12-02', 59, 8, 317),
	(749, '2012-12-02 19:57:33', '2012-12-02', 59, 8, 318),
	(750, '2012-12-02 19:57:33', '2012-12-02', 59, 8, 319),
	(751, '2012-12-02 19:57:33', '2012-12-02', 59, 8, 320),
	(752, '2012-12-02 19:57:33', '2012-12-02', 59, 8, 321),
	(753, '2012-12-02 19:57:33', '2012-12-02', 59, 8, 322),
	(754, '2012-12-02 19:57:33', '2012-12-02', 59, 8, 323),
	(755, '2012-12-02 19:57:33', '2012-12-02', 59, 8, 324),
	(756, '2012-12-02 19:57:33', '2012-12-02', 59, 8, 325),
	(757, '2012-12-02 19:57:33', '2012-12-02', 59, 8, 326),
	(758, '2012-12-02 19:57:33', '2012-12-02', 59, 8, 327),
	(759, '2012-12-02 19:57:33', '2012-12-02', 59, 8, 328),
	(760, '2012-12-02 19:57:48', '2012-12-02', 63, 7, 316),
	(761, '2012-12-02 19:57:48', '2012-12-02', 63, 7, 317),
	(762, '2012-12-02 19:57:49', '2012-12-02', 63, 7, 318),
	(763, '2012-12-02 19:57:49', '2012-12-02', 63, 7, 319),
	(764, '2012-12-02 19:57:49', '2012-12-02', 63, 7, 320),
	(765, '2012-12-02 19:57:49', '2012-12-02', 63, 7, 321),
	(766, '2012-12-02 19:57:49', '2012-12-02', 63, 7, 322),
	(767, '2012-12-02 19:57:49', '2012-12-02', 63, 7, 323),
	(768, '2012-12-02 19:57:49', '2012-12-02', 63, 7, 324),
	(769, '2012-12-02 19:57:49', '2012-12-02', 63, 7, 325),
	(770, '2012-12-02 19:57:49', '2012-12-02', 63, 7, 326),
	(771, '2012-12-02 19:57:49', '2012-12-02', 63, 7, 327),
	(772, '2012-12-02 19:57:49', '2012-12-02', 63, 7, 328),
	(773, '2012-12-02 19:57:55', '2012-12-02', 77, 8, 316),
	(774, '2012-12-02 19:57:55', '2012-12-02', 77, 8, 317),
	(775, '2012-12-02 19:57:55', '2012-12-02', 77, 8, 318),
	(776, '2012-12-02 19:57:55', '2012-12-02', 77, 8, 319),
	(777, '2012-12-02 19:57:55', '2012-12-02', 77, 8, 320),
	(778, '2012-12-02 19:57:55', '2012-12-02', 77, 8, 321),
	(779, '2012-12-02 19:57:55', '2012-12-02', 77, 8, 322),
	(780, '2012-12-02 19:57:55', '2012-12-02', 77, 8, 323),
	(781, '2012-12-02 19:57:56', '2012-12-02', 77, 8, 324),
	(782, '2012-12-02 19:57:56', '2012-12-02', 77, 8, 325),
	(783, '2012-12-02 19:57:56', '2012-12-02', 77, 8, 326),
	(784, '2012-12-02 19:57:56', '2012-12-02', 77, 8, 327),
	(785, '2012-12-02 19:57:56', '2012-12-02', 77, 8, 328),
	(786, '2012-12-02 19:59:02', NULL, 9, 1, 329),
	(787, '2012-12-02 19:59:02', NULL, 9, 1, 330),
	(788, '2012-12-02 19:59:02', NULL, 9, 1, 331),
	(789, '2012-12-02 19:59:02', NULL, 9, 1, 332),
	(790, '2012-12-02 19:59:02', NULL, 9, 1, 333),
	(791, '2012-12-02 19:59:02', NULL, 9, 1, 334),
	(792, '2012-12-02 19:59:02', NULL, 9, 1, 335),
	(793, '2012-12-02 19:59:02', NULL, 9, 1, 336),
	(794, '2012-12-02 19:59:02', NULL, 9, 1, 337),
	(795, '2012-12-02 19:59:02', NULL, 9, 1, 338),
	(796, '2012-12-02 19:59:02', NULL, 9, 1, 339),
	(797, '2012-12-02 19:59:03', NULL, 9, 1, 340),
	(798, '2012-12-02 19:59:03', NULL, 60, 1, 329),
	(799, '2012-12-02 19:59:03', NULL, 60, 1, 330),
	(800, '2012-12-02 19:59:03', NULL, 60, 1, 331),
	(801, '2012-12-02 19:59:03', NULL, 60, 1, 332),
	(802, '2012-12-02 19:59:03', NULL, 60, 1, 333),
	(803, '2012-12-02 19:59:03', NULL, 60, 1, 334),
	(804, '2012-12-02 19:59:03', NULL, 60, 1, 335),
	(805, '2012-12-02 19:59:03', NULL, 60, 1, 336),
	(806, '2012-12-02 19:59:03', NULL, 60, 1, 337),
	(807, '2012-12-02 19:59:03', NULL, 60, 1, 338),
	(808, '2012-12-02 19:59:03', NULL, 60, 1, 339),
	(809, '2012-12-02 19:59:03', NULL, 60, 1, 340),
	(810, '2012-12-02 19:59:04', NULL, 52, 1, 329),
	(811, '2012-12-02 19:59:04', NULL, 52, 1, 330),
	(812, '2012-12-02 19:59:04', NULL, 52, 1, 331),
	(813, '2012-12-02 19:59:04', NULL, 52, 1, 332),
	(814, '2012-12-02 19:59:04', NULL, 52, 1, 333),
	(815, '2012-12-02 19:59:04', NULL, 52, 1, 334),
	(816, '2012-12-02 19:59:04', NULL, 52, 1, 335),
	(817, '2012-12-02 19:59:04', NULL, 52, 1, 336),
	(818, '2012-12-02 19:59:04', NULL, 52, 1, 337),
	(819, '2012-12-02 19:59:04', NULL, 52, 1, 338),
	(820, '2012-12-02 19:59:04', NULL, 52, 1, 339),
	(821, '2012-12-02 19:59:04', NULL, 52, 1, 340),
	(822, '2012-12-02 19:59:05', NULL, 62, 1, 341),
	(823, '2012-12-02 19:59:05', NULL, 62, 1, 342),
	(824, '2012-12-02 19:59:05', NULL, 62, 1, 343),
	(825, '2012-12-02 19:59:05', NULL, 62, 1, 344),
	(826, '2012-12-02 19:59:05', NULL, 62, 1, 345),
	(827, '2012-12-02 19:59:05', NULL, 62, 1, 346),
	(828, '2012-12-02 19:59:05', NULL, 62, 1, 347),
	(829, '2012-12-02 19:59:05', NULL, 62, 1, 348),
	(830, '2012-12-02 19:59:05', NULL, 62, 1, 349),
	(831, '2012-12-02 19:59:05', NULL, 62, 1, 350),
	(832, '2012-12-02 19:59:05', NULL, 62, 1, 351),
	(833, '2012-12-02 19:59:05', NULL, 62, 1, 352),
	(834, '2012-12-02 19:59:06', NULL, 28, 1, 341),
	(835, '2012-12-02 19:59:06', NULL, 28, 1, 342),
	(836, '2012-12-02 19:59:06', NULL, 28, 1, 343),
	(837, '2012-12-02 19:59:06', NULL, 28, 1, 344),
	(838, '2012-12-02 19:59:06', NULL, 28, 1, 345),
	(839, '2012-12-02 19:59:06', NULL, 28, 1, 346),
	(840, '2012-12-02 19:59:06', NULL, 28, 1, 347),
	(841, '2012-12-02 19:59:06', NULL, 28, 1, 348),
	(842, '2012-12-02 19:59:06', NULL, 28, 1, 349),
	(843, '2012-12-02 19:59:06', NULL, 28, 1, 350),
	(844, '2012-12-02 19:59:06', NULL, 28, 1, 351),
	(845, '2012-12-02 19:59:06', NULL, 28, 1, 352),
	(846, '2012-12-02 19:59:07', NULL, 41, 1, 341),
	(847, '2012-12-02 19:59:07', NULL, 41, 1, 342),
	(848, '2012-12-02 19:59:07', NULL, 41, 1, 343),
	(849, '2012-12-02 19:59:07', NULL, 41, 1, 344),
	(850, '2012-12-02 19:59:07', NULL, 41, 1, 345),
	(851, '2012-12-02 19:59:07', NULL, 41, 1, 346),
	(852, '2012-12-02 19:59:07', NULL, 41, 1, 347),
	(853, '2012-12-02 19:59:07', NULL, 41, 1, 348),
	(854, '2012-12-02 19:59:07', NULL, 41, 1, 349),
	(855, '2012-12-02 19:59:07', NULL, 41, 1, 350),
	(856, '2012-12-02 19:59:07', NULL, 41, 1, 351),
	(857, '2012-12-02 19:59:07', NULL, 41, 1, 352),
	(858, '2012-12-02 19:59:08', NULL, 20, 1, 341),
	(859, '2012-12-02 19:59:08', NULL, 20, 1, 342),
	(860, '2012-12-02 19:59:08', NULL, 20, 1, 343),
	(861, '2012-12-02 19:59:08', NULL, 20, 1, 344),
	(862, '2012-12-02 19:59:08', NULL, 20, 1, 345),
	(863, '2012-12-02 19:59:08', NULL, 20, 1, 346),
	(864, '2012-12-02 19:59:08', NULL, 20, 1, 347),
	(865, '2012-12-02 19:59:08', NULL, 20, 1, 348),
	(866, '2012-12-02 19:59:08', NULL, 20, 1, 349),
	(867, '2012-12-02 19:59:08', NULL, 20, 1, 350),
	(868, '2012-12-02 19:59:08', NULL, 20, 1, 351),
	(869, '2012-12-02 19:59:08', NULL, 20, 1, 352),
	(870, '2012-12-02 19:59:09', NULL, 7, 1, 341),
	(871, '2012-12-02 19:59:09', NULL, 7, 1, 342),
	(872, '2012-12-02 19:59:09', NULL, 7, 1, 343),
	(873, '2012-12-02 19:59:09', NULL, 7, 1, 344),
	(874, '2012-12-02 19:59:09', NULL, 7, 1, 345),
	(875, '2012-12-02 19:59:09', NULL, 7, 1, 346),
	(876, '2012-12-02 19:59:09', NULL, 7, 1, 347),
	(877, '2012-12-02 19:59:09', NULL, 7, 1, 348),
	(878, '2012-12-02 19:59:09', NULL, 7, 1, 349),
	(879, '2012-12-02 19:59:09', NULL, 7, 1, 350),
	(880, '2012-12-02 19:59:09', NULL, 7, 1, 351),
	(881, '2012-12-02 19:59:09', NULL, 7, 1, 352),
	(882, '2012-12-02 19:59:11', NULL, 22, 1, 353),
	(883, '2012-12-02 19:59:11', NULL, 22, 1, 354),
	(884, '2012-12-02 19:59:11', NULL, 22, 1, 355),
	(885, '2012-12-02 19:59:11', NULL, 22, 1, 356),
	(886, '2012-12-02 19:59:11', NULL, 22, 1, 357),
	(887, '2012-12-02 19:59:11', NULL, 22, 1, 358),
	(888, '2012-12-02 19:59:11', NULL, 22, 1, 359),
	(889, '2012-12-02 19:59:12', NULL, 22, 1, 360),
	(890, '2012-12-02 19:59:12', NULL, 22, 1, 361),
	(891, '2012-12-02 19:59:12', NULL, 22, 1, 362),
	(892, '2012-12-02 19:59:12', NULL, 22, 1, 363),
	(893, '2012-12-02 19:59:12', NULL, 22, 1, 364),
	(894, '2012-12-02 19:59:12', NULL, 22, 1, 365),
	(895, '2012-12-02 19:59:12', NULL, 58, 1, 353),
	(896, '2012-12-02 19:59:12', NULL, 58, 1, 354),
	(897, '2012-12-02 19:59:12', NULL, 58, 1, 355),
	(898, '2012-12-02 19:59:12', NULL, 58, 1, 356),
	(899, '2012-12-02 19:59:12', NULL, 58, 1, 357),
	(900, '2012-12-02 19:59:12', NULL, 58, 1, 358),
	(901, '2012-12-02 19:59:12', NULL, 58, 1, 359),
	(902, '2012-12-02 19:59:12', NULL, 58, 1, 360),
	(903, '2012-12-02 19:59:12', NULL, 58, 1, 361),
	(904, '2012-12-02 19:59:12', NULL, 58, 1, 362),
	(905, '2012-12-02 19:59:13', NULL, 58, 1, 363),
	(906, '2012-12-02 19:59:13', NULL, 58, 1, 364),
	(907, '2012-12-02 19:59:13', NULL, 58, 1, 365),
	(908, '2012-12-02 19:59:13', NULL, 36, 1, 353),
	(909, '2012-12-02 19:59:13', NULL, 36, 1, 354),
	(910, '2012-12-02 19:59:13', NULL, 36, 1, 355),
	(911, '2012-12-02 19:59:13', NULL, 36, 1, 356),
	(912, '2012-12-02 19:59:13', NULL, 36, 1, 357),
	(913, '2012-12-02 19:59:13', NULL, 36, 1, 358),
	(914, '2012-12-02 19:59:13', NULL, 36, 1, 359),
	(915, '2012-12-02 19:59:13', NULL, 36, 1, 360),
	(916, '2012-12-02 19:59:13', NULL, 36, 1, 361),
	(917, '2012-12-02 19:59:13', NULL, 36, 1, 362),
	(918, '2012-12-02 19:59:14', NULL, 36, 1, 363),
	(919, '2012-12-02 19:59:14', NULL, 36, 1, 364),
	(920, '2012-12-02 19:59:14', NULL, 36, 1, 365),
	(921, '2012-12-02 19:59:14', NULL, 67, 1, 353),
	(922, '2012-12-02 19:59:14', NULL, 67, 1, 354),
	(923, '2012-12-02 19:59:14', NULL, 67, 1, 355),
	(924, '2012-12-02 19:59:14', NULL, 67, 1, 356),
	(925, '2012-12-02 19:59:14', NULL, 67, 1, 357),
	(926, '2012-12-02 19:59:14', NULL, 67, 1, 358),
	(927, '2012-12-02 19:59:14', NULL, 67, 1, 359),
	(928, '2012-12-02 19:59:15', NULL, 67, 1, 360),
	(929, '2012-12-02 19:59:15', NULL, 67, 1, 361),
	(930, '2012-12-02 19:59:15', NULL, 67, 1, 362),
	(931, '2012-12-02 19:59:15', NULL, 67, 1, 363),
	(932, '2012-12-02 19:59:15', NULL, 67, 1, 364),
	(933, '2012-12-02 19:59:15', NULL, 67, 1, 365),
	(934, '2012-12-02 19:59:15', NULL, 167, 1, 353),
	(935, '2012-12-02 19:59:15', NULL, 167, 1, 354),
	(936, '2012-12-02 19:59:15', NULL, 167, 1, 355),
	(937, '2012-12-02 19:59:15', NULL, 167, 1, 356),
	(938, '2012-12-02 19:59:15', NULL, 167, 1, 357),
	(939, '2012-12-02 19:59:15', NULL, 167, 1, 358),
	(940, '2012-12-02 19:59:15', NULL, 167, 1, 359),
	(941, '2012-12-02 19:59:15', NULL, 167, 1, 360),
	(942, '2012-12-02 19:59:16', NULL, 167, 1, 361),
	(943, '2012-12-02 19:59:16', NULL, 167, 1, 362),
	(944, '2012-12-02 19:59:16', NULL, 167, 1, 363),
	(945, '2012-12-02 19:59:16', NULL, 167, 1, 364),
	(946, '2012-12-02 19:59:16', NULL, 167, 1, 365),
	(947, '2012-12-02 19:59:16', NULL, 46, 1, 353),
	(948, '2012-12-02 19:59:16', NULL, 46, 1, 354),
	(949, '2012-12-02 19:59:16', NULL, 46, 1, 355),
	(950, '2012-12-02 19:59:16', NULL, 46, 1, 356),
	(951, '2012-12-02 19:59:16', NULL, 46, 1, 357),
	(952, '2012-12-02 19:59:16', NULL, 46, 1, 358),
	(953, '2012-12-02 19:59:16', NULL, 46, 1, 359),
	(954, '2012-12-02 19:59:16', NULL, 46, 1, 360),
	(955, '2012-12-02 19:59:16', NULL, 46, 1, 361),
	(956, '2012-12-02 19:59:17', NULL, 46, 1, 362),
	(957, '2012-12-02 19:59:17', NULL, 46, 1, 363),
	(958, '2012-12-02 19:59:17', NULL, 46, 1, 364),
	(959, '2012-12-02 19:59:17', NULL, 46, 1, 365),
	(960, '2012-12-02 19:59:17', NULL, 18, 1, 353),
	(961, '2012-12-02 19:59:17', NULL, 18, 1, 354),
	(962, '2012-12-02 19:59:17', NULL, 18, 1, 355),
	(963, '2012-12-02 19:59:17', NULL, 18, 1, 356),
	(964, '2012-12-02 19:59:17', NULL, 18, 1, 357),
	(965, '2012-12-02 19:59:17', NULL, 18, 1, 358),
	(966, '2012-12-02 19:59:17', NULL, 18, 1, 359),
	(967, '2012-12-02 19:59:17', NULL, 18, 1, 360),
	(968, '2012-12-02 19:59:17', NULL, 18, 1, 361),
	(969, '2012-12-02 19:59:17', NULL, 18, 1, 362),
	(970, '2012-12-02 19:59:17', NULL, 18, 1, 363),
	(971, '2012-12-02 19:59:18', NULL, 18, 1, 364),
	(972, '2012-12-02 19:59:18', NULL, 18, 1, 365),
	(973, '2012-12-02 19:59:18', NULL, 51, 1, 353),
	(974, '2012-12-02 19:59:18', NULL, 51, 1, 354),
	(975, '2012-12-02 19:59:18', NULL, 51, 1, 355),
	(976, '2012-12-02 19:59:18', NULL, 51, 1, 356),
	(977, '2012-12-02 19:59:18', NULL, 51, 1, 357),
	(978, '2012-12-02 19:59:18', NULL, 51, 1, 358),
	(979, '2012-12-02 19:59:19', NULL, 51, 1, 359),
	(980, '2012-12-02 19:59:19', NULL, 51, 1, 360),
	(981, '2012-12-02 19:59:19', NULL, 51, 1, 361),
	(982, '2012-12-02 19:59:19', NULL, 51, 1, 362),
	(983, '2012-12-02 19:59:19', NULL, 51, 1, 363),
	(984, '2012-12-02 19:59:19', NULL, 51, 1, 364),
	(985, '2012-12-02 19:59:19', NULL, 51, 1, 365),
	(986, '2012-12-02 19:59:19', NULL, 63, 1, 353),
	(987, '2012-12-02 19:59:19', NULL, 63, 1, 354),
	(988, '2012-12-02 19:59:19', NULL, 63, 1, 355),
	(989, '2012-12-02 19:59:19', NULL, 63, 1, 356),
	(990, '2012-12-02 19:59:19', NULL, 63, 1, 357),
	(991, '2012-12-02 19:59:19', NULL, 63, 1, 358),
	(992, '2012-12-02 19:59:20', NULL, 63, 1, 359),
	(993, '2012-12-02 19:59:20', NULL, 63, 1, 360),
	(994, '2012-12-02 19:59:20', NULL, 63, 1, 361),
	(995, '2012-12-02 19:59:20', NULL, 63, 1, 362),
	(996, '2012-12-02 19:59:20', NULL, 63, 1, 363),
	(997, '2012-12-02 19:59:20', NULL, 63, 1, 364),
	(998, '2012-12-02 19:59:20', NULL, 63, 1, 365),
	(999, '2012-12-02 20:00:22', NULL, 44, 1, 329),
	(1000, '2012-12-02 20:00:22', NULL, 44, 1, 330),
	(1001, '2012-12-02 20:00:22', NULL, 44, 1, 331),
	(1002, '2012-12-02 20:00:22', NULL, 44, 1, 332),
	(1003, '2012-12-02 20:00:22', NULL, 44, 1, 333),
	(1004, '2012-12-02 20:00:23', NULL, 44, 1, 334),
	(1005, '2012-12-02 20:00:23', NULL, 44, 1, 335),
	(1006, '2012-12-02 20:00:23', NULL, 44, 1, 336),
	(1007, '2012-12-02 20:00:23', NULL, 44, 1, 337),
	(1008, '2012-12-02 20:00:23', NULL, 44, 1, 338),
	(1009, '2012-12-02 20:00:23', NULL, 44, 1, 339),
	(1010, '2012-12-02 20:00:23', NULL, 44, 1, 340),
	(1011, '2012-12-02 20:00:32', NULL, 50, 1, 329),
	(1012, '2012-12-02 20:00:32', NULL, 50, 1, 330),
	(1013, '2012-12-02 20:00:33', NULL, 50, 1, 331),
	(1014, '2012-12-02 20:00:33', NULL, 50, 1, 332),
	(1015, '2012-12-02 20:00:33', NULL, 50, 1, 333),
	(1016, '2012-12-02 20:00:33', NULL, 50, 1, 334),
	(1017, '2012-12-02 20:00:33', NULL, 50, 1, 335),
	(1018, '2012-12-02 20:00:33', NULL, 50, 1, 336),
	(1019, '2012-12-02 20:00:33', NULL, 50, 1, 337),
	(1020, '2012-12-02 20:00:33', NULL, 50, 1, 338),
	(1021, '2012-12-02 20:00:33', NULL, 50, 1, 339),
	(1022, '2012-12-02 20:00:33', NULL, 50, 1, 340),
	(1023, '2012-12-02 20:00:41', NULL, 59, 1, 329),
	(1024, '2012-12-02 20:00:41', NULL, 59, 1, 330),
	(1025, '2012-12-02 20:00:41', NULL, 59, 1, 331),
	(1026, '2012-12-02 20:00:41', NULL, 59, 1, 332),
	(1027, '2012-12-02 20:00:41', NULL, 59, 1, 333),
	(1028, '2012-12-02 20:00:41', NULL, 59, 1, 334),
	(1029, '2012-12-02 20:00:41', NULL, 59, 1, 335),
	(1030, '2012-12-02 20:00:41', NULL, 59, 1, 336),
	(1031, '2012-12-02 20:00:41', NULL, 59, 1, 337),
	(1032, '2012-12-02 20:00:41', NULL, 59, 1, 338),
	(1033, '2012-12-02 20:00:41', NULL, 59, 1, 339),
	(1034, '2012-12-02 20:00:41', NULL, 59, 1, 340),
	(1035, '2012-12-02 20:09:44', NULL, 172, 1, 353),
	(1036, '2012-12-02 20:09:44', NULL, 172, 1, 354),
	(1037, '2012-12-02 20:09:44', NULL, 172, 1, 355),
	(1038, '2012-12-02 20:09:44', NULL, 172, 1, 356),
	(1039, '2012-12-02 20:09:44', NULL, 172, 1, 357),
	(1040, '2012-12-02 20:09:44', NULL, 172, 1, 358),
	(1041, '2012-12-02 20:09:44', NULL, 172, 1, 359),
	(1042, '2012-12-02 20:09:44', NULL, 172, 1, 360),
	(1043, '2012-12-02 20:09:44', NULL, 172, 1, 361),
	(1044, '2012-12-02 20:09:44', NULL, 172, 1, 362),
	(1045, '2012-12-02 20:09:44', NULL, 172, 1, 363),
	(1046, '2012-12-02 20:09:44', NULL, 172, 1, 364),
	(1047, '2012-12-02 20:09:44', NULL, 172, 1, 365);
/*!40000 ALTER TABLE `inscripcionalumno` ENABLE KEYS */;


-- Dumping structure for table edu.localidad
DROP TABLE IF EXISTS `localidad`;
CREATE TABLE IF NOT EXISTS `localidad` (
  `id` int(10) NOT NULL AUTO_INCREMENT,
  `nombre` varchar(50) DEFAULT NULL,
  `departamento` int(11) DEFAULT NULL,
  PRIMARY KEY (`id`)
) ENGINE=InnoDB AUTO_INCREMENT=196 DEFAULT CHARSET=latin1;

-- Dumping data for table edu.localidad: ~195 rows (approximately)
DELETE FROM `localidad`;
/*!40000 ALTER TABLE `localidad` DISABLE KEYS */;
INSERT INTO `localidad` (`id`, `nombre`, `departamento`) VALUES
	(1, '1ª Seccionl', 1),
	(2, '2ª Seccion', 1),
	(3, '3ª Seccion', 1),
	(4, '4ª Sección', 1),
	(5, '4ª Este', 1),
	(6, '4ª Oeste', 1),
	(7, '5ª Seccion', 1),
	(8, '6ª Seccion', 1),
	(9, 'Zona Oeste', 1),
	(10, 'Residencial Parque', 1),
	(11, 'Aeroparque', 1),
	(12, 'Parque Gral. San Martín', 1),
	(13, 'Los Cerros', 1),
	(14, 'San Agustín', 1),
	(15, 'Piedemonte', 1),
	(16, 'Bowen', 2),
	(17, 'Ciudad de General Alvear', 2),
	(18, 'San Pedro del Atuel', 2),
	(19, 'Gobernador Benegas', 3),
	(20, 'Ciudad de Godoy Cruz', 3),
	(21, 'Las Tortugas', 3),
	(22, 'Presidente Sarmiento', 3),
	(23, 'San Francisco del Monte', 3),
	(24, 'Bermejo', 4),
	(25, 'Buena Nueva', 4),
	(26, 'Capilla del Rosario', 4),
	(27, 'Colonia Segovia', 4),
	(28, 'Dorrego', 4),
	(29, 'El Sauce', 4),
	(30, 'Gral. Belgrano', 4),
	(31, 'Jesus Nazareno', 4),
	(32, 'Kilómetro 8', 4),
	(33, 'Kilómetro 11', 4),
	(34, 'La Primavera', 4),
	(35, 'Las Cañas', 4),
	(36, 'Los Corralitos', 4),
	(37, 'Pedro Molina', 4),
	(38, 'Rodeo de la Cruz', 4),
	(39, 'San Francisco del Monte', 4),
	(40, 'San José', 4),
	(41, 'Villa Nueva', 4),
	(42, 'Nueva Ciudad', 4),
	(43, 'Puente de Hierro', 4),
	(44, 'Algarrobo Grande', 5),
	(45, 'Alto Verde', 5),
	(46, 'Ciudad de Junín', 5),
	(47, 'La Colonia', 5),
	(48, 'Los Barriales', 5),
	(49, 'Medrano', 5),
	(50, 'Mundo Nuevo', 5),
	(51, 'Phillips', 5),
	(52, 'Rodriguez Peña', 5),
	(53, 'Desaguadero', 6),
	(54, 'Villa Nueva', 6),
	(55, 'Las Chacritas', 6),
	(56, 'Villa Antigua', 6),
	(57, 'La Menta', 6),
	(58, 'Capdevila', 7),
	(59, 'El Algarrobal', 7),
	(60, 'El Borbollón', 7),
	(61, 'El Challao', 7),
	(62, 'El Pastal', 7),
	(63, 'El Plumerillo', 7),
	(64, 'El Resguardo', 7),
	(65, 'El Zapallar', 7),
	(66, 'La Cieneguita', 7),
	(67, 'Las Cuevas', 7),
	(68, 'Ciudad de Las Heras', 7),
	(69, 'Panquehua', 7),
	(70, 'Uspallata', 7),
	(71, 'Jocolí', 8),
	(72, 'Costa de Araujo', 8),
	(73, 'El Carmen', 8),
	(74, 'El Chilcal', 8),
	(75, 'El Plumero', 8),
	(76, 'El Vergel', 8),
	(77, 'Ing. Gustavo André', 8),
	(78, 'Jocolí Viejo', 8),
	(79, 'La Asunción', 8),
	(80, 'La Holanda', 8),
	(81, 'La Pega', 8),
	(82, 'Lagunas del Rosario', 8),
	(83, 'Villa Tulumaya', 8),
	(84, 'Las Violetas', 8),
	(85, 'San José', 8),
	(86, 'San Miguel', 8),
	(87, 'Tres de Mayo', 8),
	(88, 'El Paramillo', 8),
	(89, 'La Palmera', 8),
	(90, 'San Francisco', 8),
	(91, 'Agrelo', 9),
	(92, 'Carrodilla', 9),
	(93, 'Chacras de Coria', 9),
	(94, 'El Carrizal', 9),
	(95, 'La Puntilla', 9),
	(96, 'Las Compuertas', 9),
	(97, 'Ciudad de Luján de Cuyo', 9),
	(98, 'Mayor Drumond', 9),
	(99, 'Perdriel', 9),
	(100, 'Potrerillos', 9),
	(101, 'Ugarteche', 9),
	(102, 'Vistalba', 9),
	(103, 'Coquimbito', 10),
	(104, 'Cruz de Piedra', 10),
	(105, 'Fray Luis Beltrán', 10),
	(106, 'Gral. Gutierrez', 10),
	(107, 'Gral. Ortega', 10),
	(108, 'Las Barrancas', 10),
	(109, 'Lunlunta', 10),
	(110, 'Ciudad de Maipú', 10),
	(111, 'Rodeo del Medio', 10),
	(112, 'Russell', 10),
	(113, 'San Roque', 10),
	(114, 'Luzuriaga', 10),
	(115, 'Río Barrancas', 11),
	(116, 'Agua Escondida', 11),
	(117, 'Ciudad de Malargüe', 11),
	(118, 'Río Grande', 11),
	(119, 'Andrade', 12),
	(120, 'Los Campamentos', 12),
	(121, 'El Mirador', 12),
	(122, 'La Central', 12),
	(123, 'La Libertad', 12),
	(124, 'Los Arboles', 12),
	(125, 'Medrano', 12),
	(126, 'Mundo Nuevo', 12),
	(127, 'Reducción', 12),
	(128, 'Ciudad de Rivadavia', 12),
	(129, 'Santa María de Oro', 12),
	(130, 'Eugenio Bustos', 13),
	(131, 'Chilecito', 13),
	(132, 'La Consulta', 13),
	(133, 'Pareditas', 13),
	(134, 'Ciudad de San Carlos', 13),
	(135, 'Alto Salvador', 14),
	(136, 'Alto Verde', 14),
	(137, 'Buen Orden', 14),
	(138, 'Chapanay', 14),
	(139, 'Las Chimbas', 14),
	(140, 'Chivilcoy', 14),
	(141, 'El Divisadero', 14),
	(142, 'El Central', 14),
	(143, 'El Espino', 14),
	(144, 'Montecaseros', 14),
	(145, 'Nueva California', 14),
	(146, 'Palmira', 14),
	(147, 'El Ramblón', 14),
	(148, 'Ciudad de San Martín', 14),
	(149, 'Tres Porteñas', 14),
	(150, 'Cañada Seca', 15),
	(151, 'Cuadro Benegas', 15),
	(152, 'Cuadro Nacional', 15),
	(153, 'El Cerrito', 15),
	(154, 'El Nihuil', 15),
	(155, 'Goudge', 15),
	(156, 'Jaime Prats', 15),
	(157, 'La Llave', 15),
	(158, 'Las Malvinas', 15),
	(159, 'Las Paredes', 15),
	(160, 'Monte Comán', 15),
	(161, 'Punta de Agua', 15),
	(162, 'Rama Caída', 15),
	(163, 'Real del Padre', 15),
	(164, 'Ciudad de San Rafael', 15),
	(165, '25 de Mayo', 15),
	(166, 'Villa Atuel', 15),
	(167, 'La Dormida', 16),
	(168, 'Las Catitas', 16),
	(169, 'Ciudad de Santa Rosa', 16),
	(170, 'Ñancuñán', 16),
	(171, '12 de Octubre', 16),
	(172, 'Campo de los Andes', 17),
	(173, 'Colonia Las Rosas', 17),
	(174, 'El Algarrobo', 17),
	(175, 'El Totoral', 17),
	(176, 'La Primavera', 17),
	(177, 'Los Arboles', 17),
	(178, 'Los Chacales', 17),
	(179, 'Ciudad de Tunuyán', 17),
	(180, 'Villa Seca', 17),
	(181, 'Vista Flores', 17),
	(182, 'Los Sauces', 17),
	(183, 'Las Pintadas', 17),
	(184, 'Anchoris', 18),
	(185, 'Cordón del Plata', 18),
	(186, 'El Peral', 18),
	(187, 'El Zampal', 18),
	(188, 'Gualtallary', 18),
	(189, 'La Arboleda', 18),
	(190, 'La Carrera', 18),
	(191, 'San José', 18),
	(192, 'Santa Clara', 18),
	(193, 'Ciudad de Tupungato', 18),
	(194, 'Villa Bastías', 18),
	(195, 'Ciudad de Mendoza', 1);
/*!40000 ALTER TABLE `localidad` ENABLE KEYS */;


-- Dumping structure for table edu.materia
DROP TABLE IF EXISTS `materia`;
CREATE TABLE IF NOT EXISTS `materia` (
  `id` bigint(20) unsigned NOT NULL AUTO_INCREMENT,
  `nombre` varchar(255) CHARACTER SET latin1 DEFAULT NULL,
  `descripcion` longtext COLLATE utf8_spanish_ci,
  `resolucion` varchar(255) CHARACTER SET latin1 DEFAULT NULL,
  `year` enum('1','2','3','4','5','6','7','8','9') COLLATE utf8_spanish_ci DEFAULT NULL,
  `fechaAlta` timestamp NOT NULL DEFAULT CURRENT_TIMESTAMP,
  `fechaBaja` date DEFAULT NULL,
  PRIMARY KEY (`id`)
) ENGINE=InnoDB AUTO_INCREMENT=235 DEFAULT CHARSET=utf8 COLLATE=utf8_spanish_ci COMMENT='utf8_spanish_ci';

-- Dumping data for table edu.materia: ~231 rows (approximately)
DELETE FROM `materia`;
/*!40000 ALTER TABLE `materia` DISABLE KEYS */;
INSERT INTO `materia` (`id`, `nombre`, `descripcion`, `resolucion`, `year`, `fechaAlta`, `fechaBaja`) VALUES
	(3, 'EDU FISICA', '<p>\r\n 1Ma</p>\r\n', '123', '1', '2012-07-27 01:04:51', NULL),
	(4, 'MUSICA', '<p>\r\nMusica\r\n</p>\r\n', '123456', '1', '2012-09-22 02:13:25', NULL),
	(6, 'Ciencias Sociales', '<p>\r\n cs cs</p>\r\n', '654', '1', '2012-09-22 02:14:15', NULL),
	(7, 'El Hombre del Siglo XX', '<p>\r\n Descripci&oacute;n de la Materia</p>\r\n', '500215', '1', '2012-11-14 12:08:22', NULL),
	(8, 'LENGUA Y LITERATURA I                             ', NULL, NULL, '1', '2012-11-15 11:08:47', NULL),
	(9, 'LENGUA Y LITERATURA II                            ', NULL, NULL, '2', '2012-11-15 11:08:47', NULL),
	(10, 'MATEMATICA I                                      ', NULL, NULL, '1', '2012-11-15 11:08:47', NULL),
	(11, 'EDUCACION FISICA I                                ', NULL, NULL, '1', '2012-11-15 11:08:47', NULL),
	(12, 'LENGUA EXTRANJERA I                               ', NULL, NULL, '1', '2012-11-15 11:08:47', NULL),
	(13, 'LENGUA EXTRANJERA III                             ', NULL, NULL, '3', '2012-11-15 11:08:47', NULL),
	(14, 'LENGUA EXTRANJERA II                              ', NULL, NULL, '2', '2012-11-15 11:08:47', NULL),
	(15, 'MATEMATICA II                                     ', NULL, NULL, '2', '2012-11-15 11:08:47', NULL),
	(16, 'FORMACION ETICA Y CIUDADANA                       ', NULL, NULL, '3', '2012-11-15 11:08:47', NULL),
	(17, 'EDUCACION FISICA II                               ', NULL, NULL, '2', '2012-11-15 11:08:47', NULL),
	(18, 'BIOLOGIA                                          ', NULL, NULL, '1', '2012-11-15 11:08:47', NULL),
	(19, 'FISICA Y QUIMICA                                  ', NULL, NULL, '1', '2012-11-15 11:08:47', NULL),
	(20, 'HISTORIA I                                        ', NULL, NULL, '1', '2012-11-15 11:08:47', NULL),
	(21, 'GEOGRAFIA                                         ', NULL, NULL, '1', '2012-11-15 11:08:47', NULL),
	(22, 'HISTORIA II                                       ', NULL, NULL, '2', '2012-11-15 11:08:47', NULL),
	(23, 'FILOSOFIA                                         ', NULL, NULL, '3', '2012-11-15 11:08:47', NULL),
	(24, 'TECNOLOGIA                                        ', NULL, NULL, '2', '2012-11-15 11:08:47', NULL),
	(25, 'LENGJES ARTISTICOS COMUNICACIONALES- MUSICA-TEATRO', NULL, NULL, '1', '2012-11-15 11:08:47', NULL),
	(26, 'COMUNICACION                                      ', NULL, NULL, '3', '2012-11-15 11:08:47', NULL),
	(27, 'COMUNICACION                                      ', NULL, NULL, '1', '2012-11-15 11:08:47', NULL),
	(28, 'CULTURAS Y ESTETICAS CONTEMPORANEAS               ', NULL, NULL, '3', '2012-11-15 11:08:47', NULL),
	(29, 'ESPACIOS DE DEFINICION INSTITUCIONAL I            ', NULL, NULL, '1', '2012-11-15 11:08:47', NULL),
	(30, 'ESPACIOS DE DEFINICION INSTITUCIONAL I            ', NULL, NULL, '2', '2012-11-15 11:08:47', NULL),
	(31, 'ESPACIOS DE DEFINICION INSTITUCIONAL II           ', NULL, NULL, '2', '2012-11-15 11:08:47', NULL),
	(32, 'ESPACIOS DE DEFINICION INSTITUCIONAL II           ', NULL, NULL, '3', '2012-11-15 11:08:47', NULL),
	(33, 'ESPACIOS DE DEFINICION INSTITUCIONAL III          ', NULL, NULL, '3', '2012-11-15 11:08:47', NULL),
	(34, 'ESPACIOS DE DEFINICION INSTITUCIONAL IV           ', NULL, NULL, '3', '2012-11-15 11:08:47', NULL),
	(35, 'SEGUN LA ORIENTACION                              ', NULL, NULL, '2', '2012-11-15 11:08:47', NULL),
	(36, 'SEGUN LA ORIENTACION                              ', NULL, NULL, '3', '2012-11-15 11:08:47', NULL),
	(37, 'SEGUN LA ORIENTACION                              ', NULL, NULL, '1', '2012-11-15 11:08:47', NULL),
	(38, 'IMAGENES Y CONTEXTOS                              ', NULL, NULL, '2', '2012-11-15 11:08:47', NULL),
	(39, 'LENGUAJES ARTISTICOS COMUNICACLES-COMUNICACION/PLAST', NULL, NULL, '2', '2012-11-15 11:08:47', NULL),
	(40, 'TALLER DE DISEÑO                                  ', NULL, NULL, '2', '2012-11-15 11:08:47', NULL),
	(41, 'PROYECTO INTEGRADO                                ', NULL, NULL, '3', '2012-11-15 11:08:47', NULL),
	(42, 'PRODUCCION Y GESTION COMUNICACIONAL               ', NULL, NULL, '3', '2012-11-15 11:08:47', NULL),
	(43, 'SEGUN LA ORIENTACION II                           ', NULL, NULL, '3', '2012-11-15 11:08:47', NULL),
	(44, 'LITERATURA                                        ', NULL, NULL, '3', '2012-11-15 11:08:47', NULL),
	(45, 'SISTEMA EDUCATIVO                                 ', NULL, NULL, '1', '2012-11-15 11:08:47', NULL),
	(46, 'PROBLEMATICA SOCIO CULTURAL                       ', NULL, NULL, '1', '2012-11-15 11:08:47', NULL),
	(47, 'PROBLEMATICA DEL CONOCIMIENTO                     ', NULL, NULL, '1', '2012-11-15 11:08:47', NULL),
	(48, 'INSTITUCIONES EDUCATIVAS                          ', NULL, NULL, '1', '2012-11-15 11:08:47', NULL),
	(49, 'ESPACIO ABIERTO-TRAYECTO SOCIO POLITICO HISTORICO ', NULL, NULL, '3', '2012-11-15 11:08:47', NULL),
	(50, 'DIDACTICA Y CURRICULUM                            ', NULL, NULL, '2', '2012-11-15 11:08:47', NULL),
	(51, 'INFORMATICA EDUCATIVA                             ', NULL, NULL, '4', '2012-11-15 11:08:47', NULL),
	(52, 'ESPACIO ABIERTO-TRAYECTO PEDAGOGICO DIDACTICO     ', NULL, NULL, '4', '2012-11-15 11:08:47', NULL),
	(53, 'ESPACIO ABIERTO-TRAYECTO DISCIPLINAR              ', NULL, NULL, '4', '2012-11-15 11:08:47', NULL),
	(54, 'PRACTICA E INVESTIGACION EDUCATIVA I              ', NULL, NULL, '1', '2012-11-15 11:08:47', NULL),
	(55, 'PRACTICA E INVESTIGACION EDUCATIVA II             ', NULL, NULL, '2', '2012-11-15 11:08:47', NULL),
	(56, 'PRACTICA-RESIDENCIA E INVESTIGACION EDUCATIVA     ', NULL, NULL, '4', '2012-11-15 11:08:47', NULL),
	(57, 'LENGUA                                            ', NULL, NULL, '1', '2012-11-15 11:08:47', NULL),
	(58, 'LENGUA                                            ', NULL, NULL, '2', '2012-11-15 11:08:47', NULL),
	(59, 'INGLES                                            ', NULL, NULL, '2', '2012-11-15 11:08:47', NULL),
	(60, 'INGLES                                            ', NULL, NULL, '1', '2012-11-15 11:08:47', NULL),
	(61, 'INGLES                                            ', NULL, NULL, '3', '2012-11-15 11:08:47', NULL),
	(62, 'BIOLOGIA                                          ', NULL, NULL, '2', '2012-11-15 11:08:47', NULL),
	(63, 'EDUCACION PARA LA SALUD                           ', NULL, NULL, '2', '2012-11-15 11:08:47', NULL),
	(64, 'FISICA                                            ', NULL, NULL, '3', '2012-11-15 11:08:47', NULL),
	(65, 'FISICA                                            ', NULL, NULL, '2', '2012-11-15 11:08:47', NULL),
	(66, 'HISTORIA-GEOGRAFIA                                ', NULL, NULL, '1', '2012-11-15 11:08:47', NULL),
	(67, 'HISTORIA-GEOGRAFIA                                ', NULL, NULL, '2', '2012-11-15 11:08:47', NULL),
	(68, 'HISTORIA-GEOGRAFIA                                ', NULL, NULL, '3', '2012-11-15 11:08:47', NULL),
	(69, 'EDUCACIÓN CÍVICA                                  ', NULL, NULL, '1', '2012-11-15 11:08:47', NULL),
	(70, 'PSICOLOGÍA-FILOSOFÍA                              ', NULL, NULL, '3', '2012-11-15 11:08:47', NULL),
	(71, 'PSICOLOGÍA-FILOSOFÍA                              ', NULL, NULL, '2', '2012-11-15 11:08:47', NULL),
	(72, 'SOCIOLOGÍA                                        ', NULL, NULL, '3', '2012-11-15 11:08:47', NULL),
	(73, 'MATEMÁTICAS Y BIOESTADÍSTICAS                     ', NULL, NULL, '1', '2012-11-15 11:08:47', NULL),
	(74, 'MATEMÁTICAS Y BIOESTADÍSTICAS                     ', NULL, NULL, '2', '2012-11-15 11:08:47', NULL),
	(75, 'MATEMÁTICAS Y BIOESTADÍSTICAS                     ', NULL, NULL, '3', '2012-11-15 11:08:47', NULL),
	(76, 'PRODUCCIÓN VEGETAL                                ', NULL, NULL, '1', '2012-11-15 11:08:47', NULL),
	(77, 'PRODUCCIÓN VEGETAL Y ANIMAL                       ', NULL, NULL, '2', '2012-11-15 11:08:47', NULL),
	(78, 'PRODUCCIÓN VEGETAL Y ANIMAL                       ', NULL, NULL, '3', '2012-11-15 11:08:47', NULL),
	(79, 'AGROINDUSTRIA                                     ', NULL, NULL, '1', '2012-11-15 11:08:47', NULL),
	(80, 'AGROINDUSTRIA                                     ', NULL, NULL, '2', '2012-11-15 11:08:47', NULL),
	(81, 'AGROINDUSTRIA                                     ', NULL, NULL, '3', '2012-11-15 11:08:47', NULL),
	(82, 'QUÍMICA GENERAL E INORGÁNICA                      ', NULL, NULL, '1', '2012-11-15 11:08:47', NULL),
	(83, 'QUÍMICA ORGÁNICA                                  ', NULL, NULL, '2', '2012-11-15 11:08:47', NULL),
	(84, 'FÍSICA APLICADA                                   ', NULL, NULL, '3', '2012-11-15 11:08:47', NULL),
	(85, 'QUÍMICA APLICADA O ANALÍTICA                      ', NULL, NULL, '3', '2012-11-15 11:08:47', NULL),
	(86, 'PRÁCTICA DE LABORATORIO                           ', NULL, NULL, '3', '2012-11-15 11:08:47', NULL),
	(87, 'MATEMÁTICA                                        ', NULL, NULL, '2', '2012-11-15 11:08:47', NULL),
	(88, 'MATEMÁTICA                                        ', NULL, NULL, '1', '2012-11-15 11:08:47', NULL),
	(89, 'MATEMÁTICA                                        ', NULL, NULL, '3', '2012-11-15 11:08:47', NULL),
	(90, 'PRÁCTICA Y TÉCNICA CONTABLE                       ', NULL, NULL, '1', '2012-11-15 11:08:47', NULL),
	(91, 'PRÁCTICA Y TÉCNICA CONTABLE                       ', NULL, NULL, '2', '2012-11-15 11:08:47', NULL),
	(92, 'MATEMÁTICA FINANCIERA                             ', NULL, NULL, '3', '2012-11-15 11:08:47', NULL),
	(93, 'ECONOMÍA POLÍTICA                                 ', NULL, NULL, '3', '2012-11-15 11:08:47', NULL),
	(94, 'DERECHO CIVIL Y COMERCIAL                         ', NULL, NULL, '3', '2012-11-15 11:08:47', NULL),
	(95, 'ADMINISTRACIÓN DE EMPRESAS                        ', NULL, NULL, '3', '2012-11-15 11:08:47', NULL),
	(96, 'QUÍMICA                                           ', NULL, NULL, '3', '2012-11-15 11:08:47', NULL),
	(97, 'CONTABILIDAD                                      ', NULL, NULL, '3', '2012-11-15 11:08:47', NULL),
	(98, 'CONTABILIDAD                                      ', NULL, NULL, '1', '2012-11-15 11:08:47', NULL),
	(99, 'CONTABILIDAD                                      ', NULL, NULL, '2', '2012-11-15 11:08:47', NULL),
	(100, 'FISICA QUIMICA                                    ', NULL, NULL, '2', '2012-11-15 11:08:47', NULL),
	(101, 'FISICA QUIMICA                                    ', NULL, NULL, '3', '2012-11-15 11:08:47', NULL),
	(102, 'DERECHO  PUBLICO                                  ', NULL, NULL, '2', '2012-11-15 11:08:47', NULL),
	(103, 'DERECHO  PUBLICO                                  ', NULL, NULL, '3', '2012-11-15 11:08:47', NULL),
	(104, 'FINANZAS PUBLICAS                                 ', NULL, NULL, '3', '2012-11-15 11:08:47', NULL),
	(105, 'TEORIA Y PRACTICA DE LAS ORGANIZACIONES           ', NULL, NULL, '3', '2012-11-15 11:08:47', NULL),
	(106, 'ADMINISTRACION PUBLICA                            ', NULL, NULL, '3', '2012-11-15 11:08:47', NULL),
	(107, 'COMERCIALIZACION                                  ', NULL, NULL, '3', '2012-11-15 11:08:47', NULL),
	(108, 'PRACTICA ORGANIZACION COMUNITARIA                 ', NULL, NULL, '1', '2012-11-15 11:08:47', NULL),
	(109, 'ACCION SOCIAL                                     ', NULL, NULL, '1', '2012-11-15 11:08:47', NULL),
	(110, 'ADMINISTRACION PARA LA ACCION SOCIAL              ', NULL, NULL, '2', '2012-11-15 11:08:47', NULL),
	(111, 'POLITICA SOCIAL                                   ', NULL, NULL, '2', '2012-11-15 11:08:47', NULL),
	(112, 'SEGURIDAD SOCIAL                                  ', NULL, NULL, '3', '2012-11-15 11:08:47', NULL),
	(113, 'METODOLOGIA Y PRACTICA PARA LA ACCION SOCIAL      ', NULL, NULL, '3', '2012-11-15 11:08:47', NULL),
	(114, 'RELACIONES HUMANAS                                ', NULL, NULL, '3', '2012-11-15 11:08:47', NULL),
	(115, 'RELACIONES HUMANAS                                ', NULL, NULL, '2', '2012-11-15 11:08:47', NULL),
	(116, 'ELEMENTOS JURIDICOS PARA LA ACCION SOCIAL         ', NULL, NULL, '3', '2012-11-15 11:08:47', NULL),
	(117, 'RECURSOS NATURALES                                ', NULL, NULL, '1', '2012-11-15 11:08:47', NULL),
	(118, 'RECURSOS NATURALES                                ', NULL, NULL, '2', '2012-11-15 11:08:47', NULL),
	(119, 'RECURSOS NATURALES                                ', NULL, NULL, '3', '2012-11-15 11:08:47', NULL),
	(120, 'GEOGRAFIA ARGENTINA                               ', NULL, NULL, '1', '2012-11-15 11:08:47', NULL),
	(121, 'FISICA APLICADA                                   ', NULL, NULL, '2', '2012-11-15 11:08:47', NULL),
	(122, 'BIOLOGIA APLICADA                                 ', NULL, NULL, '3', '2012-11-15 11:08:47', NULL),
	(123, 'QUIMICA GENERAL Y APLICADA                        ', NULL, NULL, '3', '2012-11-15 11:08:47', NULL),
	(124, 'GEOGRAFIA REGIONAL                                ', NULL, NULL, '3', '2012-11-15 11:08:47', NULL),
	(125, 'IDENTIFICACION HUMANA                             ', NULL, NULL, '3', '2012-11-15 11:08:47', NULL),
	(126, 'TOXICOMANIA                                       ', NULL, NULL, '3', '2012-11-15 11:08:47', NULL),
	(127, 'PSICOLOGIA APLICADA A LA GESTION PENITENCIARIA    ', NULL, NULL, '1', '2012-11-15 11:08:47', NULL),
	(128, 'PSICOLOGIA APLICADA A LA GESTION PENITENCIARIA    ', NULL, NULL, '2', '2012-11-15 11:08:47', NULL),
	(129, 'PSICOLOGIA APLICADA A LA GESTION PENITENCIARIA    ', NULL, NULL, '3', '2012-11-15 11:08:47', NULL),
	(130, 'CRIMINOLOGIA                                      ', NULL, NULL, '1', '2012-11-15 11:08:47', NULL),
	(131, 'CRIMINOLOGIA                                      ', NULL, NULL, '2', '2012-11-15 11:08:47', NULL),
	(132, 'CRIMINOLOGIA                                      ', NULL, NULL, '3', '2012-11-15 11:08:47', NULL),
	(133, 'SEGURIDAD                                         ', NULL, NULL, '3', '2012-11-15 11:08:47', NULL),
	(134, 'RELACIONES DE TRABAJO                             ', NULL, NULL, '1', '2012-11-15 11:08:47', NULL),
	(135, 'RELACIONES DE TRABAJO                             ', NULL, NULL, '2', '2012-11-15 11:08:47', NULL),
	(136, 'RELACIONES DE TRABAJO                             ', NULL, NULL, '3', '2012-11-15 11:08:47', NULL),
	(137, 'HIGIENE LABORAL                                   ', NULL, NULL, '1', '2012-11-15 11:08:47', NULL),
	(138, 'HIGIENE LABORAL                                   ', NULL, NULL, '2', '2012-11-15 11:08:47', NULL),
	(139, 'HIGIENE LABORAL                                   ', NULL, NULL, '3', '2012-11-15 11:08:47', NULL),
	(140, 'RELACIONES INTERPERSONALES                        ', NULL, NULL, '1', '2012-11-15 11:08:47', NULL),
	(141, 'COMUNICACION Y MEDIOS                             ', NULL, NULL, '1', '2012-11-15 11:08:47', NULL),
	(142, 'RELACIONES PUBLICAS                               ', NULL, NULL, '2', '2012-11-15 11:08:47', NULL),
	(143, 'RELACIONES DE PERSONAL                            ', NULL, NULL, '2', '2012-11-15 11:08:47', NULL),
	(144, 'TECNICA DE COMUNICACION                           ', NULL, NULL, '3', '2012-11-15 11:08:47', NULL),
	(145, 'EXPRESION ORAL Y ESCRITA                          ', NULL, NULL, '3', '2012-11-15 11:08:47', NULL),
	(146, 'EXPRESION VISUAL Y GRAFICA                        ', NULL, NULL, '3', '2012-11-15 11:08:47', NULL),
	(147, 'QUIMICA                                           ', NULL, NULL, '2', '2012-11-15 11:08:47', NULL),
	(148, 'ORGANIZACION COMUNITARIA Y ACCION SOCIAL          ', NULL, NULL, '1', '2012-11-15 11:08:47', NULL),
	(149, 'GEOGRAFIA I                                       ', NULL, NULL, '1', '2012-11-15 11:08:47', NULL),
	(150, 'HISTORIA DEL ARTE/LENG.EXP SEGUN ORIENTACION      ', NULL, NULL, '1', '2012-11-15 11:08:47', NULL),
	(151, 'PSICOLOGIA                                        ', NULL, NULL, '3', '2012-11-15 11:08:47', NULL),
	(152, 'PSICOLOGIA                                        ', NULL, NULL, '2', '2012-11-15 11:08:47', NULL),
	(153, 'TECNOLOGIA DE LA INFORMACION Y LA COMUNICACION    ', NULL, NULL, '2', '2012-11-15 11:08:47', NULL),
	(154, 'TECNOLOGIA DE LA INFORMACION Y LA COMUNICACION    ', NULL, NULL, '1', '2012-11-15 11:08:47', NULL),
	(155, 'LOGICA Y EPISTEMOLOGIA                            ', NULL, NULL, '2', '2012-11-15 11:08:47', NULL),
	(156, 'GEOGRAFIA II                                      ', NULL, NULL, '2', '2012-11-15 11:08:47', NULL),
	(157, 'LENGUA Y LITERATURA III                           ', NULL, NULL, '3', '2012-11-15 11:08:47', NULL),
	(158, 'GEOGRAFIA ECONOMICA                               ', NULL, NULL, '3', '2012-11-15 11:08:47', NULL),
	(159, 'HISTORIA III                                      ', NULL, NULL, '3', '2012-11-15 11:08:47', NULL),
	(160, 'METODOLOGIA Y PROYECTO DE INVESTIGACION           ', NULL, NULL, '3', '2012-11-15 11:08:47', NULL),
	(161, 'FISICA I                                          ', NULL, NULL, '1', '2012-11-15 11:08:47', NULL),
	(162, 'QUIMICA I                                         ', NULL, NULL, '1', '2012-11-15 11:08:47', NULL),
	(163, 'HISTORIA                                          ', NULL, NULL, '1', '2012-11-15 11:08:47', NULL),
	(164, 'PROCESO PRODUCTIVO                                ', NULL, NULL, '2', '2012-11-15 11:08:47', NULL),
	(165, 'TECNOLOGIA DE GESTION                             ', NULL, NULL, '2', '2012-11-15 11:08:47', NULL),
	(166, 'TECNOLOGIA DE GESTION                             ', NULL, NULL, '3', '2012-11-15 11:08:47', NULL),
	(167, 'TECNOLOGIA DE LOS MATERIALES                      ', NULL, NULL, '2', '2012-11-15 11:08:47', NULL),
	(168, 'EDUCACION FISICA III                              ', NULL, NULL, '3', '2012-11-15 11:08:47', NULL),
	(169, 'MATEMATICA APLICADA                               ', NULL, NULL, '3', '2012-11-15 11:08:47', NULL),
	(170, 'TECNOLOGIA DE CONTROL                             ', NULL, NULL, '3', '2012-11-15 11:08:47', NULL),
	(171, 'LENGUAJES ARTISTICOS - COMUNICACIONALES           ', NULL, NULL, '1', '2012-11-15 11:08:47', NULL),
	(172, 'SISTEMAS DE INFORMACION CONTABLE I                ', NULL, NULL, '1', '2012-11-15 11:08:47', NULL),
	(173, 'ECONOMIA                                          ', NULL, NULL, '2', '2012-11-15 11:08:47', NULL),
	(174, 'CIENCIAS SOCIALES (PROYECTO INTEGRACION)          ', NULL, NULL, '2', '2012-11-15 11:08:47', NULL),
	(175, 'DERECHO                                           ', NULL, NULL, '2', '2012-11-15 11:08:47', NULL),
	(176, 'TEORIA Y GESTION DE LAS ORGANIZACIONES            ', NULL, NULL, '2', '2012-11-15 11:08:47', NULL),
	(177, 'SISTEMAS DE INFORMACION CONTABLE II               ', NULL, NULL, '2', '2012-11-15 11:08:47', NULL),
	(178, 'MATEMATICA III                                    ', NULL, NULL, '3', '2012-11-15 11:08:47', NULL),
	(179, 'PROYECTO Y GESTION DE MICROEMPRENDIMIENTO         ', NULL, NULL, '3', '2012-11-15 11:08:47', NULL),
	(180, 'SISTEMA DE INFORMACION CONTABLE III               ', NULL, NULL, '3', '2012-11-15 11:08:47', NULL),
	(181, 'BIOLOGIA I                                        ', NULL, NULL, '1', '2012-11-15 11:08:47', NULL),
	(182, 'FISICA II                                         ', NULL, NULL, '2', '2012-11-15 11:08:47', NULL),
	(183, 'QUIMICA II                                        ', NULL, NULL, '2', '2012-11-15 11:08:47', NULL),
	(184, 'BIOLOGIA II                                       ', NULL, NULL, '2', '2012-11-15 11:08:47', NULL),
	(185, 'HISTORIA DE LA CIENCIA                            ', NULL, NULL, '2', '2012-11-15 11:08:47', NULL),
	(186, 'PROYECTO                                          ', NULL, NULL, '3', '2012-11-15 11:08:47', NULL),
	(187, 'DESARROLLO MOTOR                                  ', NULL, NULL, '1', '2012-11-15 11:08:47', NULL),
	(188, 'JUEGO MOTOR                                       ', NULL, NULL, '1', '2012-11-15 11:08:47', NULL),
	(189, 'EXPRESION Y COMUNICACION MOTRIZ                   ', NULL, NULL, '1', '2012-11-15 11:08:47', NULL),
	(190, 'ANATOMIA FUNCIONAL                                ', NULL, NULL, '1', '2012-11-15 11:08:47', NULL),
	(191, 'ESTRUCTURA Y LOGICA INTERNA DE LOS DEPORTES       ', NULL, NULL, '1', '2012-11-15 11:08:47', NULL),
	(192, 'PROBLEMATICA DE ACCIONES MOTRICES NIV.INI,EGB1-2  ', NULL, NULL, '2', '2012-11-15 11:08:47', NULL),
	(193, 'DEPORTES                                          ', NULL, NULL, '3', '2012-11-15 11:08:47', NULL),
	(194, 'DEPORTES                                          ', NULL, NULL, '4', '2012-11-15 11:08:47', NULL),
	(195, 'DEPORTES                                          ', NULL, NULL, '2', '2012-11-15 11:08:47', NULL),
	(196, 'FISIOLOGIA HUMANA                                 ', NULL, NULL, '2', '2012-11-15 11:08:47', NULL),
	(197, 'SUJETO APRENDIZAJE Y CONTEXTO I                   ', NULL, NULL, '2', '2012-11-15 11:08:47', NULL),
	(198, 'PSICOLOGIA DEL APRENDIZAJE MOTOR                  ', NULL, NULL, '2', '2012-11-15 11:08:47', NULL),
	(199, 'DIDACTICA DE LA EDUCACION FISICA                  ', NULL, NULL, '3', '2012-11-15 11:08:47', NULL),
	(200, 'PROBLEMATICA DE ACCIONES MOTRICES 3° EGB Y POLIMOD', NULL, NULL, '3', '2012-11-15 11:08:47', NULL),
	(201, 'FISIOLOGIA DEL TRABAJO FISICO                     ', NULL, NULL, '3', '2012-11-15 11:08:47', NULL),
	(202, 'SUJETO APRENDIZAJE Y CONTEXTO II                  ', NULL, NULL, '3', '2012-11-15 11:08:47', NULL),
	(203, 'PRACTICA E INVESTIGACION EDUCATIVA III            ', NULL, NULL, '3', '2012-11-15 11:08:47', NULL),
	(204, 'LITERATURA                                        ', NULL, NULL, '5', '2012-11-15 11:08:47', NULL),
	(205, 'LENGUA EXTRANJERA                                 ', NULL, NULL, '5', '2012-11-15 11:08:47', NULL),
	(206, 'MATEMATICA                                        ', NULL, NULL, '5', '2012-11-15 11:08:47', NULL),
	(207, 'EDUCACION FISICA                                  ', NULL, NULL, '5', '2012-11-15 11:08:47', NULL),
	(208, 'POLITICA ECONOMICA                                ', NULL, NULL, '5', '2012-11-15 11:08:47', NULL),
	(209, 'FILOSOFIA                                         ', NULL, NULL, '5', '2012-11-15 11:08:47', NULL),
	(210, 'HISTORIA                                          ', NULL, NULL, '5', '2012-11-15 11:08:47', NULL),
	(211, 'GEOGRAFIA                                         ', NULL, NULL, '5', '2012-11-15 11:08:47', NULL),
	(212, 'PROBLEMATICA SOCIO -POLITICA                      ', NULL, NULL, '5', '2012-11-15 11:08:47', NULL),
	(213, 'FISICA                                            ', NULL, NULL, '5', '2012-11-15 11:08:47', NULL),
	(214, 'QUIMICA                                           ', NULL, NULL, '5', '2012-11-15 11:08:47', NULL),
	(215, 'CONDICION FISICA Y SALUD                          ', NULL, NULL, '3', '2012-11-15 11:08:47', NULL),
	(216, 'ATENCION A LA DIVERSIDAD                          ', NULL, NULL, '4', '2012-11-15 11:08:47', NULL),
	(217, 'ACTIV. SOCIORECREATIVAS, DEPORTIVAS-NATURALEZA/T.L', NULL, NULL, '4', '2012-11-15 11:08:47', NULL),
	(218, 'INVESTIGACION APLICADA                            ', NULL, NULL, '4', '2012-11-15 11:08:47', NULL),
	(219, 'DIDACTICA ESPECIAL I                              ', NULL, NULL, '4', '2012-11-15 11:08:47', NULL),
	(220, 'DIDACTICA ESPECIAL II                             ', NULL, NULL, '4', '2012-11-15 11:08:47', NULL),
	(221, 'ORGANIZACION, ADMINISTRACION Y REGIMEN LEGAL      ', NULL, NULL, '4', '2012-11-15 11:08:47', NULL),
	(222, 'EVALUACION Y ESTADISTICA APLICADA                 ', NULL, NULL, '4', '2012-11-15 11:08:47', NULL),
	(223, 'OPCION TEORICO-PRACTICA                           ', NULL, NULL, '4', '2012-11-15 11:08:47', NULL),
	(224, 'OPCION REGIONAL                                   ', NULL, NULL, '4', '2012-11-15 11:08:47', NULL),
	(225, 'OPCION REGIONAL I                                 ', NULL, NULL, '4', '2012-11-15 11:08:47', NULL),
	(226, 'OPCION REGIONAL II                                ', NULL, NULL, '4', '2012-11-15 11:08:47', NULL),
	(227, 'RESIDENCIA NIVEL INICIAL Y PRIMARIO               ', NULL, NULL, '4', '2012-11-15 11:08:47', NULL),
	(228, 'RESIDENCIA NIVEL MEDIO                            ', NULL, NULL, '4', '2012-11-15 11:08:47', NULL),
	(229, 'MEDICINA Y PATOLOGIA LABORAL                      ', NULL, NULL, '1', '2012-11-15 11:08:47', NULL),
	(230, 'PSICOLOGIA LABORAL  Y PSICOTECNIA                 ', NULL, NULL, '1', '2012-11-15 11:08:47', NULL),
	(231, 'LEGISLACION LABORAL                               ', NULL, NULL, '1', '2012-11-15 11:08:47', NULL),
	(232, 'SEGURIDAD LABORAL                                 ', NULL, NULL, '1', '2012-11-15 11:08:47', NULL),
	(233, 'ORGANIZACION DE LA PREVENCION I                   ', NULL, NULL, '1', '2012-11-15 11:08:47', NULL),
	(234, 'EQUIPOS Y ELEMENTOS DE PROTECCION PERSONAL        ', NULL, NULL, '1', '2012-11-15 11:08:47', NULL);
/*!40000 ALTER TABLE `materia` ENABLE KEYS */;


-- Dumping structure for table edu.nivel
DROP TABLE IF EXISTS `nivel`;
CREATE TABLE IF NOT EXISTS `nivel` (
  `id` bigint(20) unsigned NOT NULL AUTO_INCREMENT,
  `nombre` varchar(32) CHARACTER SET latin1 DEFAULT NULL,
  `descripcion` text CHARACTER SET latin1,
  `direccionLinea` text CHARACTER SET latin1,
  PRIMARY KEY (`id`)
) ENGINE=InnoDB AUTO_INCREMENT=4 DEFAULT CHARSET=utf8 COLLATE=utf8_spanish_ci;

-- Dumping data for table edu.nivel: ~3 rows (approximately)
DELETE FROM `nivel`;
/*!40000 ALTER TABLE `nivel` DISABLE KEYS */;
INSERT INTO `nivel` (`id`, `nombre`, `descripcion`, `direccionLinea`) VALUES
	(1, 'Primario', '<p>Nivel Primario</p>', '<p>Sur</p>'),
	(2, 'Jardin', '<p>Jardines</p>', '<p>Sur</p>'),
	(3, 'Polimodal', '<p>Polimodales</p>', '<p>Secundario</p>');
/*!40000 ALTER TABLE `nivel` ENABLE KEYS */;


-- Dumping structure for table edu.nota
DROP TABLE IF EXISTS `nota`;
CREATE TABLE IF NOT EXISTS `nota` (
  `id` bigint(20) unsigned NOT NULL AUTO_INCREMENT,
  `fecha` date DEFAULT NULL,
  `valor` float DEFAULT NULL,
  `observ` varchar(255) CHARACTER SET latin1 DEFAULT NULL,
  `tipo` bigint(20) unsigned NOT NULL,
  `inscripcionAlu` bigint(20) unsigned NOT NULL,
  `aprobado` tinyint(1) DEFAULT '0',
  PRIMARY KEY (`id`),
  KEY `fk_nota_inscripcionalumno_1` (`inscripcionAlu`),
  KEY `fk_nota_tiponota_1` (`tipo`),
  CONSTRAINT `fk_nota_inscripcionalumno_1` FOREIGN KEY (`inscripcionAlu`) REFERENCES `inscripcionalumno` (`id`),
  CONSTRAINT `fk_nota_tiponota_1` FOREIGN KEY (`tipo`) REFERENCES `tiponota` (`id`)
) ENGINE=InnoDB AUTO_INCREMENT=19 DEFAULT CHARSET=utf8 COLLATE=utf8_spanish_ci;

-- Dumping data for table edu.nota: ~0 rows (approximately)
DELETE FROM `nota`;
/*!40000 ALTER TABLE `nota` DISABLE KEYS */;
/*!40000 ALTER TABLE `nota` ENABLE KEYS */;


-- Dumping structure for table edu.novedadmateria
DROP TABLE IF EXISTS `novedadmateria`;
CREATE TABLE IF NOT EXISTS `novedadmateria` (
  `id` bigint(20) unsigned NOT NULL AUTO_INCREMENT,
  `descripcion` longtext CHARACTER SET latin1,
  `fechaAlta` datetime DEFAULT NULL,
  `fechaBaja` datetime DEFAULT NULL,
  `titulo` varchar(255) CHARACTER SET latin1 DEFAULT NULL,
  `cursado` bigint(20) unsigned NOT NULL,
  PRIMARY KEY (`id`),
  KEY `fk_novedadmateria_cursado_1` (`cursado`),
  CONSTRAINT `fk_novedadmateria_cursado_1` FOREIGN KEY (`cursado`) REFERENCES `cursado` (`id`)
) ENGINE=InnoDB AUTO_INCREMENT=6 DEFAULT CHARSET=utf8 COLLATE=utf8_spanish_ci;

-- Dumping data for table edu.novedadmateria: ~5 rows (approximately)
DELETE FROM `novedadmateria`;
/*!40000 ALTER TABLE `novedadmateria` DISABLE KEYS */;
INSERT INTO `novedadmateria` (`id`, `descripcion`, `fechaAlta`, `fechaBaja`, `titulo`, `cursado`) VALUES
	(1, 'Primera Novedad<br/>', '2012-10-31 18:37:13', NULL, 'Primera Novedad', 31),
	(2, 'Segunda Novedad<br/>', '2012-10-31 18:37:41', NULL, 'Segunda Novedad', 31),
	(3, 'Tercera Novedad<br/>', '2012-10-31 18:37:57', NULL, 'Tercera Novedad', 31),
	(4, 'Primera Novedad<br/>', '2012-11-05 15:37:55', NULL, 'Primera Novedad', 33),
	(5, 'Primera Novedad<br/>', '2012-11-06 17:41:29', NULL, 'Primera Novedad', 35);
/*!40000 ALTER TABLE `novedadmateria` ENABLE KEYS */;


-- Dumping structure for table edu.opcion
DROP TABLE IF EXISTS `opcion`;
CREATE TABLE IF NOT EXISTS `opcion` (
  `id` bigint(20) unsigned NOT NULL AUTO_INCREMENT,
  `numero` int(11) DEFAULT NULL,
  `seleccionada` tinyint(1) DEFAULT '0',
  `correcta` tinyint(1) DEFAULT '0',
  `pregunta` bigint(20) unsigned NOT NULL,
  `opcion` varchar(255) COLLATE utf8_spanish_ci DEFAULT NULL,
  PRIMARY KEY (`id`),
  KEY `fk_opcion_pregunta_1` (`pregunta`),
  CONSTRAINT `fk_opcion_pregunta_1` FOREIGN KEY (`pregunta`) REFERENCES `pregunta` (`id`)
) ENGINE=InnoDB AUTO_INCREMENT=14 DEFAULT CHARSET=utf8 COLLATE=utf8_spanish_ci;

-- Dumping data for table edu.opcion: ~13 rows (approximately)
DELETE FROM `opcion`;
/*!40000 ALTER TABLE `opcion` DISABLE KEYS */;
INSERT INTO `opcion` (`id`, `numero`, `seleccionada`, `correcta`, `pregunta`, `opcion`) VALUES
	(1, 1, NULL, 0, 3, 'segunda opcion nueva para la tercera pregunta'),
	(2, 1, NULL, 0, 2, 'segunda opcion nueva para la segunda pregunta'),
	(3, 1, NULL, 0, 1, 'primera opcion nueva para la primera pregunta'),
	(4, 1, NULL, 0, 3, 'primera opcion nueva para la tercera pregunta'),
	(5, 1, NULL, 0, 3, 'tercera opcion nueva para la tercera pregunta'),
	(6, 1, NULL, 1, 1, 'segunda opcion nueva para la primera pregunta'),
	(7, 1, NULL, 0, 2, 'tercer opcion nueva para la segunda pregunta'),
	(8, 1, NULL, 0, 2, 'primera opcion nueva para la segunda pregunta'),
	(9, 1, NULL, 0, 1, 'tercera opcion nueva para la primera pregunta'),
	(10, 1, NULL, 0, 4, 'primera opcion nueva para la primera pregunta'),
	(11, 1, NULL, 0, 5, 'segunda opcion nueva para la segunda pregunta'),
	(12, 1, NULL, 0, 4, 'segunda opcion nueva para la segunda pregunta'),
	(13, 1, NULL, 1, 5, 'primera opcion nueva para la primera pregunta');
/*!40000 ALTER TABLE `opcion` ENABLE KEYS */;


-- Dumping structure for table edu.padre
DROP TABLE IF EXISTS `padre`;
CREATE TABLE IF NOT EXISTS `padre` (
  `id` bigint(20) unsigned NOT NULL AUTO_INCREMENT,
  `persona` bigint(20) unsigned NOT NULL,
  PRIMARY KEY (`id`),
  KEY `FKP_persona` (`persona`),
  CONSTRAINT `FKP_persona` FOREIGN KEY (`persona`) REFERENCES `persona` (`id`)
) ENGINE=InnoDB AUTO_INCREMENT=591 DEFAULT CHARSET=utf8 COLLATE=utf8_spanish_ci;

-- Dumping data for table edu.padre: ~75 rows (approximately)
DELETE FROM `padre`;
/*!40000 ALTER TABLE `padre` DISABLE KEYS */;
INSERT INTO `padre` (`id`, `persona`) VALUES
	(36, 3),
	(3, 7),
	(2, 8),
	(1, 9),
	(6, 16),
	(8, 22),
	(347, 28),
	(30, 29),
	(350, 30),
	(31, 31),
	(349, 32),
	(543, 33),
	(548, 34),
	(351, 35),
	(544, 36),
	(352, 37),
	(354, 39),
	(545, 40),
	(355, 41),
	(356, 42),
	(346, 43),
	(357, 44),
	(358, 45),
	(359, 46),
	(360, 47),
	(361, 48),
	(546, 49),
	(362, 50),
	(363, 51),
	(364, 52),
	(365, 53),
	(366, 54),
	(367, 55),
	(549, 119),
	(550, 120),
	(551, 121),
	(552, 122),
	(553, 123),
	(554, 124),
	(555, 125),
	(556, 126),
	(557, 127),
	(558, 128),
	(559, 129),
	(560, 130),
	(561, 131),
	(562, 132),
	(563, 133),
	(564, 134),
	(565, 135),
	(566, 136),
	(567, 137),
	(568, 138),
	(569, 139),
	(570, 140),
	(571, 141),
	(572, 142),
	(573, 143),
	(574, 144),
	(575, 145),
	(576, 146),
	(577, 147),
	(578, 148),
	(579, 149),
	(580, 150),
	(581, 151),
	(582, 152),
	(583, 153),
	(584, 154),
	(585, 155),
	(586, 156),
	(587, 157),
	(588, 158),
	(589, 631),
	(590, 641);
/*!40000 ALTER TABLE `padre` ENABLE KEYS */;


-- Dumping structure for table edu.permisorol
DROP TABLE IF EXISTS `permisorol`;
CREATE TABLE IF NOT EXISTS `permisorol` (
  `id` bigint(20) unsigned NOT NULL AUTO_INCREMENT,
  `nombre` varchar(100) CHARACTER SET latin1 DEFAULT NULL,
  `funcion` varchar(100) CHARACTER SET latin1 DEFAULT NULL,
  PRIMARY KEY (`id`)
) ENGINE=InnoDB AUTO_INCREMENT=9 DEFAULT CHARSET=utf8 COLLATE=utf8_spanish_ci;

-- Dumping data for table edu.permisorol: ~8 rows (approximately)
DELETE FROM `permisorol`;
/*!40000 ALTER TABLE `permisorol` DISABLE KEYS */;
INSERT INTO `permisorol` (`id`, `nombre`, `funcion`) VALUES
	(1, 'escuela', 'abm'),
	(2, 'plan_estudio', 'abm'),
	(3, 'materia', 'abm'),
	(4, 'contenido', 'abm'),
	(5, 'especialidad', 'abm'),
	(6, 'persona', 'abm'),
	(7, 'usuarios', 'abm'),
	(8, 'roles', 'abm');
/*!40000 ALTER TABLE `permisorol` ENABLE KEYS */;


-- Dumping structure for table edu.persona
DROP TABLE IF EXISTS `persona`;
CREATE TABLE IF NOT EXISTS `persona` (
  `id` bigint(20) unsigned NOT NULL AUTO_INCREMENT,
  `dni` varchar(255) COLLATE utf8_spanish_ci DEFAULT NULL,
  `nombre` varchar(255) CHARACTER SET latin1 DEFAULT NULL,
  `apellido` varchar(255) CHARACTER SET latin1 DEFAULT NULL,
  `sexo` enum('F','M') COLLATE utf8_spanish_ci DEFAULT NULL,
  `email` varchar(255) CHARACTER SET latin1 DEFAULT '',
  `telefono` varchar(255) CHARACTER SET latin1 DEFAULT NULL,
  `celular` varchar(255) CHARACTER SET latin1 DEFAULT NULL,
  `direccion` varchar(255) CHARACTER SET latin1 DEFAULT NULL,
  `codPostal` int(11) DEFAULT NULL,
  `departamento` int(11) NOT NULL DEFAULT '3',
  `localidad` int(11) NOT NULL DEFAULT '2',
  `provincia` varchar(255) CHARACTER SET latin1 DEFAULT NULL,
  `pais` varchar(255) CHARACTER SET latin1 DEFAULT NULL,
  `nacimiento` date DEFAULT NULL,
  `fechaAlta` timestamp NULL DEFAULT CURRENT_TIMESTAMP,
  `fechaBaja` datetime DEFAULT NULL,
  `estado` longblob,
  PRIMARY KEY (`id`),
  KEY `FK_persona_localidad` (`localidad`),
  KEY `FK_persona_departamento` (`departamento`),
  KEY `FK_persona_codigospostales` (`codPostal`),
  CONSTRAINT `FK_persona_codigospostales` FOREIGN KEY (`codPostal`) REFERENCES `codigospostales` (`id`),
  CONSTRAINT `FK_persona_departamento` FOREIGN KEY (`departamento`) REFERENCES `departamento` (`id`),
  CONSTRAINT `FK_persona_localidad` FOREIGN KEY (`localidad`) REFERENCES `localidad` (`id`)
) ENGINE=InnoDB AUTO_INCREMENT=643 DEFAULT CHARSET=utf8 COLLATE=utf8_spanish_ci;

-- Dumping data for table edu.persona: ~374 rows (approximately)
DELETE FROM `persona`;
/*!40000 ALTER TABLE `persona` DISABLE KEYS */;
INSERT INTO `persona` (`id`, `dni`, `nombre`, `apellido`, `sexo`, `email`, `telefono`, `celular`, `direccion`, `codPostal`, `departamento`, `localidad`, `provincia`, `pais`, `nacimiento`, `fechaAlta`, `fechaBaja`, `estado`) VALUES
	(3, '1234', 'Alicia', 'Esmera', 'F', '', NULL, NULL, 'a', 799, 2, 2, NULL, NULL, '2012-07-16', '2012-07-17 13:46:15', NULL, NULL),
	(4, '12345678', 'Javier', 'Reza', 'M', NULL, NULL, NULL, 'bº ', 799, 2, 1, NULL, NULL, '2012-07-04', '2012-07-17 13:49:54', NULL, NULL),
	(5, '22546879', 'Ernesto', 'Sabato', 'M', NULL, NULL, NULL, 'Algun Lugar', 799, 2, 171, NULL, NULL, '2012-07-03', '2012-07-17 14:01:02', NULL, NULL),
	(6, '12345678', 'Mercedes', 'Real', 'F', NULL, NULL, NULL, 'a', 799, 3, 165, NULL, NULL, '2012-07-11', '2012-07-17 14:02:08', NULL, NULL),
	(7, '12345678', 'Eugenia', 'Bustos', 'F', NULL, NULL, NULL, 'a', 799, 2, 1, NULL, NULL, '2012-07-04', '2012-07-17 14:02:56', NULL, NULL),
	(8, '12456789', 'Miguel Angel', 'Calud', 'M', NULL, NULL, NULL, 'por ahi vivo yo', 799, 2, 165, NULL, NULL, '2012-07-04', '2012-07-17 14:03:36', NULL, NULL),
	(9, '12321456', 'Raul', 'Reza', 'M', NULL, NULL, NULL, 'A', 799, 2, 1, NULL, NULL, '2012-07-12', '2012-07-17 14:05:14', NULL, NULL),
	(10, '45321458', 'Mariano', 'Eligazetta', 'M', NULL, NULL, NULL, 'Algun lugar', 799, 2, 165, NULL, NULL, '2002-09-06', '2012-09-22 01:12:31', NULL, NULL),
	(11, '45547895', 'Micaela', 'Trujillo', 'F', NULL, NULL, NULL, 'Por ahi 123', 799, 2, 165, NULL, NULL, '1992-06-02', '2012-09-22 01:56:13', NULL, NULL),
	(12, '31245789', 'Gregorio', 'Ubendu', 'M', NULL, NULL, NULL, 'Por ahi 123', 799, 3, 2, NULL, NULL, '1985-07-05', '2012-09-22 01:56:55', NULL, NULL),
	(13, '35457895', 'Dionisio', 'Frasquito', 'M', NULL, NULL, NULL, 'Por ahi 123', 799, 5, 165, NULL, NULL, '1991-05-21', '2012-09-22 01:57:31', NULL, NULL),
	(14, '37548987', 'Adriana', 'Tirso', 'F', NULL, NULL, NULL, 'Por ahi 123', 799, 3, 165, NULL, NULL, '1995-10-26', '2012-09-22 01:58:57', NULL, NULL),
	(15, '33547897', 'Miguel', 'Tajo', 'M', NULL, NULL, NULL, 'Por ahi 123', 799, 2, 5, NULL, NULL, '1988-08-06', '2012-09-22 01:59:31', NULL, NULL),
	(16, '39458654', 'Rosio', 'Marengo', 'F', NULL, NULL, NULL, 'Avenida siempre viva 123', 799, 3, 1, NULL, NULL, '1993-01-21', '2012-09-22 02:01:21', NULL, NULL),
	(17, '12456789', 'Eduardo', 'Galeano', 'M', NULL, NULL, NULL, 'Avenida siempre viva 123', 799, 1, 171, NULL, NULL, '1954-03-05', '2012-09-22 02:03:01', NULL, NULL),
	(18, '21456789', 'Oliverio', 'Girondo', 'M', NULL, NULL, NULL, 'Avenida siempre viva 123', 799, 1, 171, NULL, NULL, '1975-04-05', '2012-09-22 02:04:21', NULL, NULL),
	(19, '10123456', 'Paco', 'Urondo', 'M', NULL, NULL, NULL, 'Avenida siempre viva 123', 799, 3, 165, NULL, NULL, '1968-07-09', '2012-09-22 02:06:14', NULL, NULL),
	(20, '10245678', 'Mario R.', 'Santucho', 'M', NULL, NULL, NULL, 'Avenida siempre viva 123', 799, 2, 1, NULL, NULL, '1970-02-02', '2012-09-22 02:09:09', NULL, NULL),
	(21, '10213456', 'Severino', 'Di Giovanni', 'M', NULL, NULL, NULL, 'Avenida siempre viva 123', 799, 3, 1, NULL, NULL, '1956-02-01', '2012-09-22 02:09:51', NULL, NULL),
	(22, '10547895', 'Liborio', 'Justo', 'M', NULL, NULL, NULL, 'Avenida siempre viva 123', 799, 5, 1, NULL, NULL, '1943-07-03', '2012-09-22 02:10:24', NULL, NULL),
	(23, '07856123', 'Nahuel ', 'Moreno', 'M', NULL, NULL, NULL, 'Avenida siempre viva 123', 799, 4, 171, NULL, NULL, '1943-04-06', '2012-09-22 02:10:52', NULL, NULL),
	(24, '10257456', 'Victorio', 'Codovilla', 'M', NULL, NULL, NULL, 'Avenida siempre viva 123', 799, 1, 171, NULL, NULL, '1945-06-01', '2012-09-22 02:11:27', NULL, NULL),
	(25, '08954123', 'Leopoldo', 'Luque', 'M', NULL, NULL, NULL, 'Algun lugar siempre cerca', 799, 4, 85, NULL, NULL, '2012-09-01', '2012-09-23 23:13:22', NULL, NULL),
	(26, '35621475', 'Jerónimo', 'Reza', 'M', NULL, NULL, NULL, 'por ahi', 799, 1, 171, NULL, NULL, '1989-06-05', '2012-09-24 19:31:29', NULL, NULL),
	(27, '35654789', 'Marcelo', 'Reza', 'M', NULL, NULL, NULL, 'por ahi', 799, 1, 171, NULL, NULL, '1990-09-04', '2012-09-24 19:33:41', NULL, NULL),
	(28, '33704888', 'Victor', 'Piriz', 'M', NULL, NULL, NULL, 'barrio', 799, 4, 42, NULL, NULL, '1988-06-03', '2012-09-26 11:22:45', NULL, NULL),
	(29, '12345679', 'MARTA', 'SANCHEZ', 'F', NULL, NULL, NULL, '123', 799, 1, 1, NULL, NULL, '2012-10-02', '2012-10-02 20:05:33', NULL, NULL),
	(30, '123456', 'MERCEDES', 'SOSA', 'F', NULL, NULL, NULL, '123', 799, 1, 171, NULL, NULL, '2012-10-02', '2012-10-02 20:06:28', NULL, NULL),
	(31, '12345678', 'NADIA', 'LOPEZ', 'F', NULL, NULL, NULL, 'asd', 799, 2, 1, NULL, NULL, '2012-10-02', '2012-10-02 20:06:54', NULL, NULL),
	(32, '1346587', 'Profesor4', 'Profesor4', 'M', NULL, NULL, NULL, '456', 799, 3, 165, NULL, NULL, '2012-10-02', '2012-10-02 20:07:15', NULL, NULL),
	(33, '34654654', 'SERANA', 'WILLIAMS', 'F', NULL, NULL, NULL, 'asd', 799, 2, 1, NULL, NULL, '2012-10-02', '2012-10-02 20:07:37', NULL, NULL),
	(34, '65498798', 'SUSAN', 'BOIL', 'F', NULL, NULL, NULL, 'asd', 799, 2, 2, NULL, NULL, '2012-10-02', '2012-10-02 20:07:56', NULL, NULL),
	(35, '32165478', 'ELEONORA', 'SANTILLAN', 'F', NULL, NULL, NULL, 'por ahi', 799, 1, 171, NULL, NULL, '2012-10-02', '2012-10-02 21:35:00', NULL, NULL),
	(36, '12345678', 'SARA', 'KAIN', 'F', NULL, NULL, NULL, 'asd', 799, 2, 1, NULL, NULL, '2012-10-03', '2012-10-02 21:37:26', NULL, NULL),
	(37, '33852654', 'Martin', 'Moyano', 'M', 'martin@gmail.com', NULL, NULL, 'por ahi', 799, 1, 171, NULL, NULL, '2012-10-03', '2012-10-03 21:20:08', NULL, NULL),
	(38, '33852654', 'Martin', 'Moyano', 'M', 'martin@gmail.com', NULL, NULL, 'por ahi', 799, 1, 171, NULL, NULL, '2012-10-03', '2012-10-03 21:20:14', NULL, NULL),
	(39, '33852654', 'Martin', 'Moyano', 'M', 'martin@gmail.com', NULL, NULL, 'por ahi', 799, 1, 171, NULL, NULL, '2012-10-03', '2012-10-03 21:20:24', NULL, NULL),
	(40, '12345679', 'MONICA', 'CASTAÑA', 'F', 'asd@gmail.com', NULL, NULL, 'asd', 799, 1, 1, NULL, NULL, '2012-10-03', '2012-10-03 21:34:22', NULL, NULL),
	(41, '12345678', 'RAQUEL', 'MACES', 'F', 'por@gmail.com', NULL, NULL, 'asd', 799, 1, 171, NULL, NULL, '2012-10-03', '2012-10-03 21:36:37', NULL, NULL),
	(42, '32156498', 'Sergio', 'Senna', 'M', 'asd@as.com', NULL, NULL, 'asd', 799, 1, 171, NULL, NULL, '2012-10-03', '2012-10-03 21:49:37', NULL, NULL),
	(43, '12334565', 'Juan', 'Antonio Pitsi', 'M', 'san@gmasil.com', NULL, NULL, 'por ahi', 799, 4, 41, NULL, NULL, '1970-06-03', '2012-10-15 21:15:21', NULL, NULL),
	(44, '12456789', 'Prueba Email', 'Email', 'M', '', NULL, NULL, 'as', 799, 2, 171, NULL, NULL, '1970-02-02', '2012-10-15 21:20:33', NULL, NULL),
	(45, '12321654', 'Chipi', 'Barijo', 'M', '', NULL, NULL, 'a', 799, 1, 171, NULL, NULL, '2012-10-15', '2012-10-15 21:22:10', NULL, NULL),
	(46, '54987654', 'Martin', 'Gomez', 'M', 'sn@gmail.com', NULL, NULL, 'asde', 799, 1, 171, NULL, NULL, '2012-10-15', '2012-10-15 21:25:35', NULL, NULL),
	(47, '54987654', 'ALEJANDRA', 'SERTE', 'F', '', NULL, NULL, 'a', 799, 1, 171, NULL, NULL, '2012-10-15', '2012-10-15 21:30:38', NULL, NULL),
	(48, '21654987', 'LAURA', 'MUASTE', 'F', '', NULL, NULL, 'as', 799, 1, 171, NULL, NULL, '2012-10-15', '2012-10-15 21:34:15', NULL, NULL),
	(49, '21654987', 'YESICA', 'DOMINGUEZ', 'F', '', NULL, NULL, 'a', 799, 2, 1, NULL, NULL, '2012-10-15', '2012-10-15 21:37:53', NULL, NULL),
	(50, '33704888', 'Gonzalo', 'Siman', 'M', '', NULL, NULL, 'asd', 799, 1, 171, NULL, NULL, '2012-10-15', '2012-10-15 21:49:05', NULL, NULL),
	(51, '32654987', 'KARINA', 'DEL RIO', 'F', '', NULL, NULL, 'a', 799, 1, 171, NULL, NULL, '2012-10-15', '2012-10-15 21:50:41', NULL, NULL),
	(52, '21654987', 'Hugo', 'Memoli', 'M', 'asan@gmail.com', NULL, NULL, 'a', 799, 1, 171, NULL, NULL, '2012-10-15', '2012-10-15 21:54:07', NULL, NULL),
	(53, '54321654', 'MARTA', 'GOMEZ', 'F', '', NULL, NULL, 'a', 799, 1, 171, NULL, NULL, '2012-10-15', '2012-10-15 21:59:30', NULL, NULL),
	(54, '32654987', 'MIMI', 'MAURA', 'F', '', NULL, NULL, 'a', 799, 1, 171, NULL, NULL, '2012-10-02', '2012-10-15 22:03:07', NULL, NULL),
	(55, '54987654', 'Gabriel', 'Solis', 'M', 'deiman@gmail.com', NULL, NULL, 'er', 799, 3, 171, NULL, NULL, '2012-10-15', '2012-10-15 22:05:27', NULL, NULL),
	(119, '', 'MARIA AMANDA', 'CAYO DE PALMA', 'F', '(vacio)', NULL, NULL, ' ', 799, 3, 2, NULL, NULL, NULL, '2012-11-10 23:54:09', NULL, NULL),
	(120, '7312188', 'RAFAELA', 'MUNOZ DE PUEBLA', 'M', '(vacio)', NULL, NULL, 'MARTIN ZAPATA 272 ', 799, 3, 2, NULL, NULL, NULL, '2012-11-10 23:54:09', NULL, NULL),
	(121, '6190933', 'ANGEL PEREGRINO', 'SOTO', 'M', '(vacio)', NULL, NULL, 'SAN MARTIN 845 ', 799, 3, 2, NULL, NULL, NULL, '2012-11-10 23:54:09', NULL, NULL),
	(122, '659194', 'OSCAR ALBERTO', 'ARIAS', 'M', '(vacio)', NULL, NULL, 'SOBREMONTE 343 ', 799, 3, 2, NULL, NULL, NULL, '2012-11-10 23:54:09', NULL, NULL),
	(123, '3340562', 'PEDRO CARLOS', 'DESGENS', 'M', '(vacio)', NULL, NULL, 'LAMADRID 267 ', 799, 3, 2, NULL, NULL, NULL, '2012-11-10 23:54:09', NULL, NULL),
	(124, '7338183', 'SARA ESTHER', 'CURI DE MONTBRUN', 'F', '(vacio)', NULL, NULL, 'ARISTIDES VILLANUEVA 425', 799, 3, 2, NULL, NULL, NULL, '2012-11-10 23:54:09', NULL, NULL),
	(125, '8348110', 'PERLA MIRTA', 'PEREZ RETA', 'F', '(vacio)', NULL, NULL, 'LAUTARO 3458 -BARRIO SUPE ', 799, 3, 2, NULL, NULL, NULL, '2012-11-10 23:54:09', NULL, NULL),
	(126, '3363420', 'CARLOS ALFREDO', 'MATILE', 'M', '(vacio)', NULL, NULL, 'SAN MARTIN 1598', 799, 3, 2, NULL, NULL, NULL, '2012-11-10 23:54:09', NULL, NULL),
	(127, '8355140', 'NELLY A', 'DANGELO DE DUARTE', 'F', '(vacio)', NULL, NULL, 'PERU 2010', 799, 3, 2, NULL, NULL, NULL, '2012-11-10 23:54:09', NULL, NULL),
	(128, '6839373', 'EDGARDO RAUL', 'DOCTOROVICH', 'M', '(vacio)', NULL, NULL, 'ESPEJO 232 P.B. ', 799, 3, 2, NULL, NULL, NULL, '2012-11-10 23:54:09', NULL, NULL),
	(129, '6841027', 'PEDRO ALEJANDRO', 'AMPUERO', 'M', '(vacio)', NULL, NULL, 'BENIELLI 2170 ', 799, 3, 2, NULL, NULL, NULL, '2012-11-10 23:54:09', NULL, NULL),
	(130, '6839215', 'ELIAS', 'GAZALI', 'F', '(vacio)', NULL, NULL, 'RIOJA 888', 799, 3, 2, NULL, NULL, NULL, '2012-11-10 23:54:09', NULL, NULL),
	(131, '6831862', 'HECTOR', 'MARTIN', 'M', '(vacio)', NULL, NULL, 'CHILE 925 ', 799, 3, 2, NULL, NULL, NULL, '2012-11-10 23:54:09', NULL, NULL),
	(132, '8333668', 'YOLANDA P', 'REDONDO DE CABALLERO', 'M', '(vacio)', NULL, NULL, 'SAN MARTIN 928 ', 799, 3, 2, NULL, NULL, NULL, '2012-11-10 23:54:09', NULL, NULL),
	(133, '1606728', 'SARA', 'DE LA ROSA DE AMPUERO', 'F', '(vacio)', NULL, NULL, 'GENERAL PAZ 445', 799, 3, 2, NULL, NULL, NULL, '2012-11-10 23:54:09', NULL, NULL),
	(134, '2514911', 'ROSA ELVIRA', 'PATTINI DE GASSIBE', 'F', '(vacio)', NULL, NULL, 'SAN MARTIN 1073', 799, 3, 2, NULL, NULL, NULL, '2012-11-10 23:54:09', NULL, NULL),
	(135, '342690', 'ANGEL', 'ISGRO', 'M', '(vacio)', NULL, NULL, 'COLON 675 ', 799, 3, 2, NULL, NULL, NULL, '2012-11-10 23:54:09', NULL, NULL),
	(136, '32.627.448', 'LEILA VANESA', 'ZULOAGA', 'F', 'leila_z_07@hotmail.com', NULL, NULL, 'FERRARI 1106', 799, 3, 2, NULL, NULL, NULL, '2012-11-10 23:54:09', NULL, NULL),
	(137, '6845863', 'SAMUEL BERNARDO', 'GORDON', 'M', '(vacio)', NULL, NULL, 'GARIBALDI 251 1ER-P. DPTO. ', 799, 3, 2, NULL, NULL, NULL, '2012-11-10 23:54:09', NULL, NULL),
	(138, '27042288', 'SEBASTIAN', 'GARCIA', 'M', 'bioseba@gmail.com', NULL, NULL, 'BBAMATRIMONIO JOVEN M-B, CASA 10 ', 799, 3, 2, NULL, NULL, NULL, '2012-11-10 23:54:09', NULL, NULL),
	(139, '95709', 'ROBERTO JULIO', 'CANGIANI', 'M', '(vacio)', NULL, NULL, 'JOSE FEDERICO MORENO 903 ', 799, 3, 2, NULL, NULL, NULL, '2012-11-10 23:54:09', NULL, NULL),
	(140, '3200570', 'ELBA', 'SAFFOIRES DE CANGIANI', 'M', '(vacio)', NULL, NULL, 'JOSE FEDERICO MORENO 903 ', 799, 3, 2, NULL, NULL, NULL, '2012-11-10 23:54:09', NULL, NULL),
	(141, '3053526', 'OLGA LIA ROSA', 'AGUIRRE', 'F', '(vacio)', NULL, NULL, 'LEGUIZAMO 192 ', 799, 3, 2, NULL, NULL, NULL, '2012-11-10 23:54:09', NULL, NULL),
	(142, '2517720', 'NELIDA ESTHER', 'CORVALAN DE ZISA', 'F', '(vacio)', NULL, NULL, 'PADRE VAZQUEZ 85 ', 799, 3, 2, NULL, NULL, NULL, '2012-11-10 23:54:09', NULL, NULL),
	(143, '6862447', 'GUSTAVO ADOLFO', 'SAYAVEDRA', 'M', '(vacio)', NULL, NULL, 'SUIPACHA 254 ', 799, 3, 2, NULL, NULL, NULL, '2012-11-10 23:54:09', NULL, NULL),
	(144, '6849262', 'LUIS ALBERTO', 'ROSALES', 'M', '(vacio)', NULL, NULL, 'RODRIGUEZ 1070', 799, 3, 2, NULL, NULL, NULL, '2012-11-10 23:54:09', NULL, NULL),
	(145, '6870804', 'SILVIO', 'GIORNELLI BIANCHI', 'M', '(vacio)', NULL, NULL, 'MONTEVIDEO 455', 799, 3, 2, NULL, NULL, NULL, '2012-11-10 23:54:09', NULL, NULL),
	(146, '6874202', 'JORGE NESTOR', 'NAZRALA', 'M', '(vacio)', NULL, NULL, 'DR.JHON SCHALL 46 ', 799, 3, 2, NULL, NULL, NULL, '2012-11-10 23:54:09', NULL, NULL),
	(147, '3728679', 'MARIA EDITH', 'LOMBARDI DE FELIX', 'M', '(vacio)', NULL, NULL, 'BALCARCE 185 ', 799, 3, 2, NULL, NULL, NULL, '2012-11-10 23:54:09', NULL, NULL),
	(148, '6862560', 'HECTOR CESAR', 'RAGANATO', 'M', '(vacio)', NULL, NULL, 'CHILE 1677', 799, 3, 2, NULL, NULL, NULL, '2012-11-10 23:54:09', NULL, NULL),
	(149, '2780776', 'AMALIA', 'CUELLAR DE SAYAVEDRA', 'F', '(vacio)', NULL, NULL, 'ALMIRANTE BROWN 1622 ', 799, 3, 2, NULL, NULL, NULL, '2012-11-10 23:54:09', NULL, NULL),
	(150, '6485700', 'ANGEL RAFAEL', 'VIERA', 'M', '(vacio)', NULL, NULL, 'AV SAN MARTIN 1440', 799, 3, 2, NULL, NULL, NULL, '2012-11-10 23:54:09', NULL, NULL),
	(151, '6885665', 'HECTOR ALFREDO', 'MOLINA', 'M', '(vacio)', NULL, NULL, 'NECOCHEA 1011 ', 799, 3, 2, NULL, NULL, NULL, '2012-11-10 23:54:09', NULL, NULL),
	(152, '6867391', 'HECTOR ENRIQUE', 'BERNABE', 'M', '(vacio)', NULL, NULL, 'PEDRO MOLINA 367 1ER-P. 367', 799, 3, 2, NULL, NULL, NULL, '2012-11-10 23:54:09', NULL, NULL),
	(153, '162839', 'JOSE ANTONIO', 'REY', 'M', '(vacio)', NULL, NULL, 'LAPRIDA Y PASAJ.GLIC. ', 799, 3, 2, NULL, NULL, NULL, '2012-11-10 23:54:09', NULL, NULL),
	(154, '24.996.293', 'ABELARDO JOSE', 'MANZUR', 'M', 'abelardomanzur@yahoo.com.ar', NULL, NULL, 'Arroyo 132', 799, 3, 2, NULL, NULL, NULL, '2012-11-10 23:54:09', NULL, NULL),
	(155, '6850263', 'OSVALDO ENRIQUE', 'ABDALA', 'M', '(vacio)', NULL, NULL, 'RUFINO ORTEGA 165 ', 799, 3, 2, NULL, NULL, NULL, '2012-11-10 23:54:09', NULL, NULL),
	(156, '6880047', 'NORBERTO EDGARDO', 'PIOTTANTE', 'M', '(vacio)', NULL, NULL, 'LAVALLE 444', 799, 3, 2, NULL, NULL, NULL, '2012-11-10 23:54:09', NULL, NULL),
	(157, '3794599', 'NIDIA N.', 'GONZALEZ DE MATILE', 'F', '(vacio)', NULL, NULL, 'SAN MARTIN 1598', 799, 3, 2, NULL, NULL, NULL, '2012-11-10 23:54:09', NULL, NULL),
	(158, '6889537', 'OSVALDO ITALO', 'LOPEZ ANEZ', 'M', '(vacio)', NULL, NULL, 'ROQUE SAENZ PED1A 647', 799, 3, 2, NULL, NULL, NULL, '2012-11-10 23:54:09', NULL, NULL),
	(159, '6890141', 'MIGUEL ANGEL', 'LUCERO ADROVER', 'M', '(vacio)', NULL, NULL, 'BANDERA DE LOS ANDES 4177 ', 799, 3, 2, NULL, NULL, NULL, '2012-11-10 23:54:09', NULL, NULL),
	(160, '4112925', 'ANA', 'CANTOS DE BALMACEDA', 'F', '(vacio)', NULL, NULL, 'SAN JUAN 665 ', 799, 3, 2, NULL, NULL, NULL, '2012-11-10 23:54:09', NULL, NULL),
	(161, '6883469', 'ORLANDO JOSE', 'MONETTI', 'M', '(vacio)', NULL, NULL, 'MOLDES 322 ', 799, 3, 2, NULL, NULL, NULL, '2012-11-10 23:54:09', NULL, NULL),
	(162, '6884781', 'ALBERTO ROSARIO', 'CONDORELLI', 'M', '(vacio)', NULL, NULL, 'FRANCISCO DE LA RETA 1913 ', 799, 3, 2, NULL, NULL, NULL, '2012-11-10 23:54:09', NULL, NULL),
	(163, '6486634', 'JUAN HUGO', 'VILLATA', 'M', '(vacio)', NULL, NULL, 'CARRIL PONCE 1330 ', 799, 3, 2, NULL, NULL, NULL, '2012-11-10 23:54:09', NULL, NULL),
	(164, '0', 'JOSE CARLOS', 'MASSICCI', 'M', '(vacio)', NULL, NULL, 'SAN MARTIN 677', 799, 3, 2, NULL, NULL, NULL, '2012-11-10 23:54:09', NULL, NULL),
	(165, '4460638', 'ELINA', 'BARENGO', 'F', '(vacio)', NULL, NULL, 'RONDEAU 177', 799, 3, 2, NULL, NULL, NULL, '2012-11-10 23:54:09', NULL, NULL),
	(166, '6880292', 'TITO ARNALDO', 'MOREL', 'M', '(vacio)', NULL, NULL, 'SAN MARTIN 1931', 799, 3, 2, NULL, NULL, NULL, '2012-11-10 23:54:09', NULL, NULL),
	(167, '6889875', 'DANIEL RICARDO', 'CATANIA', 'M', '(vacio)', NULL, NULL, 'TALCAHUANO 2832 ', 799, 3, 2, NULL, NULL, NULL, '2012-11-10 23:54:09', NULL, NULL),
	(168, '3801980', 'MIRTA', 'IBANEZ DE NACIF', 'F', '(vacio)', NULL, NULL, 'PATRICIAS MENDOCINAS 598 598', 799, 3, 2, NULL, NULL, NULL, '2012-11-10 23:54:09', NULL, NULL),
	(169, '4113387', 'MARTA INES', 'MARTIN DE LUCERO', 'F', '(vacio)', NULL, NULL, 'BANDERA DE LOS ANDES 4177', 799, 3, 2, NULL, NULL, NULL, '2012-11-10 23:54:09', NULL, NULL),
	(170, '6880784', 'CARLOS MANUEL', 'MORENO', 'M', '(vacio)', NULL, NULL, ' ', 799, 3, 2, NULL, NULL, NULL, '2012-11-10 23:54:09', NULL, NULL),
	(171, '6890004', 'MIGUEL NELSON', 'PALMADA', 'M', '(vacio)', NULL, NULL, '9 DE JULIO 640', 799, 3, 2, NULL, NULL, NULL, '2012-11-10 23:54:09', NULL, NULL),
	(172, '0', 'RUBEN', 'PASQUALI', 'M', '(vacio)', NULL, NULL, ' ', 799, 3, 2, NULL, NULL, NULL, '2012-11-10 23:54:09', NULL, NULL),
	(173, '6879208', 'GUILLERMO MARIO', 'ARROYO', 'M', '(vacio)', NULL, NULL, 'P. DEL CASTILLO 6237 ', 799, 3, 2, NULL, NULL, NULL, '2012-11-10 23:54:09', NULL, NULL),
	(174, '4113384', 'GLORIA S.', 'REDONDO DE CABALLERO', 'F', '(vacio)', NULL, NULL, 'SAN MARTIN 928', 799, 3, 2, NULL, NULL, NULL, '2012-11-10 23:54:09', NULL, NULL),
	(175, '0', 'ALFREDO', 'ORELLANO', 'M', '(vacio)', NULL, NULL, ' ', 799, 3, 2, NULL, NULL, NULL, '2012-11-10 23:54:09', NULL, NULL),
	(176, '6682782', 'CARLOS ERNESTO', 'MOYANO', 'M', '(vacio)', NULL, NULL, 'USPALLATA 3021 ', 799, 3, 2, NULL, NULL, NULL, '2012-11-10 23:54:09', NULL, NULL),
	(177, '6883432', 'ARMANDO FELIX', 'ARIAS', 'M', '(vacio)', NULL, NULL, 'JOAQUIN V. GONZALEZ 746 ', 799, 3, 2, NULL, NULL, NULL, '2012-11-10 23:54:09', NULL, NULL),
	(178, '4430769', 'TERESA', 'MORRA DE CONDORELLI', 'F', '(vacio)', NULL, NULL, 'FRANCISCO DE LA RETA 1908', 799, 3, 2, NULL, NULL, NULL, '2012-11-10 23:54:09', NULL, NULL),
	(179, '6895125', 'CARLOS GEDER', 'ASAN', 'M', '(vacio)', NULL, NULL, 'SEVERO DEL CASTILLO 4749', 799, 3, 2, NULL, NULL, NULL, '2012-11-10 23:54:09', NULL, NULL),
	(180, '6906908', 'EDUARDO RAIMUNDO', 'BISOGNO', 'M', '(vacio)', NULL, NULL, 'SAN MARTIN 92', 799, 3, 2, NULL, NULL, NULL, '2012-11-10 23:54:09', NULL, NULL),
	(181, '15212307', 'RENATO LUIS CLAUDIO', 'DB4INCA', 'M', '(vacio)', NULL, NULL, 'GARIBALDI 175', 799, 3, 2, NULL, NULL, NULL, '2012-11-10 23:54:09', NULL, NULL),
	(182, '6898532', 'MIGUEL ANGEL', 'RAUEK', 'M', '(vacio)', NULL, NULL, 'RIOJA 1356', 799, 3, 2, NULL, NULL, NULL, '2012-11-10 23:54:09', NULL, NULL),
	(183, '6892960', 'DANIEL ALBERTO', 'CANGIANI', 'M', '(vacio)', NULL, NULL, 'CAFAYATE 3033 ', 799, 3, 2, NULL, NULL, NULL, '2012-11-10 23:54:09', NULL, NULL),
	(184, '8140669', 'CARLOS ALBERTO', 'AZZARONI', 'M', '(vacio)', NULL, NULL, 'VERGARA 90', 799, 3, 2, NULL, NULL, NULL, '2012-11-10 23:54:09', NULL, NULL),
	(185, '5330422', 'ANA MARIA', 'EBIN DE MONTANARO', 'F', '(vacio)', NULL, NULL, 'COLON 579 ', 799, 3, 2, NULL, NULL, NULL, '2012-11-10 23:54:09', NULL, NULL),
	(186, '6882625', 'EDUARDO JOSE', 'ANELLO', 'M', '(vacio)', NULL, NULL, 'ITALIA Y CORDOBA LOCAL ', 799, 3, 2, NULL, NULL, NULL, '2012-11-10 23:54:09', NULL, NULL),
	(187, '0', 'NELSON', 'CALTABIANO', 'M', '(vacio)', NULL, NULL, ' ', 799, 3, 2, NULL, NULL, NULL, '2012-11-10 23:54:09', NULL, NULL),
	(188, '6898984', 'DANIEL ALBERTO', 'FRASCA', 'M', '(vacio)', NULL, NULL, 'PRIMITIVO DE LA RETA 644', 799, 3, 2, NULL, NULL, NULL, '2012-11-10 23:54:09', NULL, NULL),
	(189, '22.736.921', 'ANA MARIA CAROLINA', 'MARIN', 'F', 'labo.inmuno.aler@gmail.com', NULL, NULL, 'SAN JUAN 651', 799, 3, 2, NULL, NULL, NULL, '2012-11-10 23:54:09', NULL, NULL),
	(190, '11266318', 'CARLOS JESUS', 'TORRECILLA', 'M', '(vacio)', NULL, NULL, 'SAN MIGUEL 1444', 799, 3, 2, NULL, NULL, NULL, '2012-11-10 23:54:09', NULL, NULL),
	(191, '6887638', 'ROBERTO NUMAS', 'RIOS', 'M', '(vacio)', NULL, NULL, 'SAN MARTIN 2979', 799, 3, 2, NULL, NULL, NULL, '2012-11-10 23:54:09', NULL, NULL),
	(192, '6908013', 'JORGE ROBERTO', 'ONOFRI', 'M', '(vacio)', NULL, NULL, 'FRANCIA 575', 799, 3, 2, NULL, NULL, NULL, '2012-11-10 23:54:09', NULL, NULL),
	(193, '5140552', 'BEATRIZ', 'GINER DE MONSERRAT', 'M', '(vacio)', NULL, NULL, 'BESARES 1563 ', 799, 3, 2, NULL, NULL, NULL, '2012-11-10 23:54:09', NULL, NULL),
	(194, '6902628', 'RUFINO RAUL', 'MARTIN', 'M', '(vacio)', NULL, NULL, 'SAN MARTIN 1418 ', 799, 3, 2, NULL, NULL, NULL, '2012-11-10 23:54:09', NULL, NULL),
	(195, '8021570', 'OSVALDO RODOLFO CARLOS', 'PEDROSA', 'M', '(vacio)', NULL, NULL, 'SAN MARTIN 1736 ', 799, 3, 2, NULL, NULL, NULL, '2012-11-10 23:54:09', NULL, NULL),
	(196, '4112812', 'BEATRIZ', 'LATRES DE RAUEK', 'F', '(vacio)', NULL, NULL, 'RIOJA 1356', 799, 3, 2, NULL, NULL, NULL, '2012-11-10 23:54:09', NULL, NULL),
	(197, '6903293', 'JUAN CARLOS', 'MORALES', 'M', '(vacio)', NULL, NULL, 'GODOY CRUZ 2529', 799, 3, 2, NULL, NULL, NULL, '2012-11-10 23:54:09', NULL, NULL),
	(198, '4613190', 'MARIA', 'NICOLOSI DE ALVAREZ', 'F', '(vacio)', NULL, NULL, 'CABILD 1855', 799, 3, 2, NULL, NULL, NULL, '2012-11-10 23:54:09', NULL, NULL),
	(199, '13734393', 'ELIZABETH', 'ESCOBAR DE MALAH', 'F', '(vacio)', NULL, NULL, 'SAN LORENZO 476', 799, 3, 2, NULL, NULL, NULL, '2012-11-10 23:54:09', NULL, NULL),
	(200, '4429481', 'MARTA C.', 'GARCIA DE CORVALAN', 'F', '(vacio)', NULL, NULL, 'MITRE 565', 799, 3, 2, NULL, NULL, NULL, '2012-11-10 23:54:09', NULL, NULL),
	(201, '5308861', 'GRACIELA', 'AIMAR DE BERRA', 'F', '(vacio)', NULL, NULL, 'PATRICIAS MENDOCINAS 1053 L.5 1053', 799, 3, 2, NULL, NULL, NULL, '2012-11-10 23:54:09', NULL, NULL),
	(202, '6873256', 'ALBERTO RAUL', 'REZINOVSKY', 'M', '(vacio)', NULL, NULL, '9 DE JULIO 1067 -5* ', 799, 3, 2, NULL, NULL, NULL, '2012-11-10 23:54:09', NULL, NULL),
	(203, '8150875', 'HUMBERTO', 'COZZOLINO', 'M', '(vacio)', NULL, NULL, 'P.MENDOCINAS 634 P.B.DPTO. ', 799, 3, 2, NULL, NULL, NULL, '2012-11-10 23:54:09', NULL, NULL),
	(204, '5406547', 'LAURA EUGENIA', 'BALBI DE AGUIRRE', 'F', '(vacio)', NULL, NULL, 'B.UJEMVI- MNA. 2. CASA 4. ', 799, 3, 2, NULL, NULL, NULL, '2012-11-10 23:54:09', NULL, NULL),
	(205, '5462215', 'STELLA MARIS', 'CALI', 'F', '(vacio)', NULL, NULL, 'SARMIENTO 1694 ', 799, 3, 2, NULL, NULL, NULL, '2012-11-10 23:54:09', NULL, NULL),
	(206, '4192443', 'ESTELA', 'HUMBERTO DE BUZZACCHI', 'F', '(vacio)', NULL, NULL, 'LIBERTAD 783 ', 799, 3, 2, NULL, NULL, NULL, '2012-11-10 23:54:09', NULL, NULL),
	(207, '6035468', 'LUIS ALBERTO', 'CULASSO', 'M', '(vacio)', NULL, NULL, 'ALBERDI 446', 799, 3, 2, NULL, NULL, NULL, '2012-11-10 23:54:09', NULL, NULL),
	(208, '4551503', 'OLGA TERESA', 'SCIOLA', 'M', '(vacio)', NULL, NULL, 'AVDA. ESPANA 2464 ', 799, 3, 2, NULL, NULL, NULL, '2012-11-10 23:54:09', NULL, NULL),
	(209, '4782154', 'MIRTA ANA', 'BISKUPOVIC', 'F', '(vacio)', NULL, NULL, 'CERVANTES 1875', 799, 3, 2, NULL, NULL, NULL, '2012-11-10 23:54:09', NULL, NULL),
	(210, '7163224', 'IRMA', 'TIMONIERI DE NADIN', 'M', '(vacio)', NULL, NULL, 'RIVADAVIA 412 ', 799, 3, 2, NULL, NULL, NULL, '2012-11-10 23:54:09', NULL, NULL),
	(211, '4788386', 'MARTA ELENA', 'ANTON DE CISTERNA', 'F', '(vacio)', NULL, NULL, 'CARRIL NACIONAL 6598 ', 799, 3, 2, NULL, NULL, NULL, '2012-11-10 23:54:09', NULL, NULL),
	(212, '8146723', 'RAMON EDUARDO', 'HERRERA', 'M', '(vacio)', NULL, NULL, 'SAN MIGUEL 1189 ', 799, 3, 2, NULL, NULL, NULL, '2012-11-10 23:54:09', NULL, NULL),
	(213, '6900448', 'SALVADOR CARLOS R.', 'LUCERO', 'M', '(vacio)', NULL, NULL, 'RIVADAVIA 412 ', 799, 3, 2, NULL, NULL, NULL, '2012-11-10 23:54:09', NULL, NULL),
	(214, '6060962', 'MARIA', 'SABATER DE PEREZ', 'F', '(vacio)', NULL, NULL, 'BELGRANO 173 ', 799, 3, 2, NULL, NULL, NULL, '2012-11-10 23:54:09', NULL, NULL),
	(215, '8148620', 'CARLOS', 'PARAVANO', 'M', '(vacio)', NULL, NULL, '25 DE MAYO 760', 799, 3, 2, NULL, NULL, NULL, '2012-11-10 23:54:09', NULL, NULL),
	(216, '5766557', 'ANA MARIA', 'BIETTI DE CANNIZZO', 'F', '(vacio)', NULL, NULL, 'ANATOLE FRANCE 539 ', 799, 3, 2, NULL, NULL, NULL, '2012-11-10 23:54:09', NULL, NULL),
	(217, '5624440', 'MIRIAM  ELISABETH', 'TORRES', 'F', 'totitorres@hotmail.com', NULL, NULL, 'OZAMIS 1353', 799, 3, 2, NULL, NULL, NULL, '2012-11-10 23:54:09', NULL, NULL),
	(218, '5674946', 'LILIA NANCY', 'MARINELLI', 'F', '(vacio)', NULL, NULL, 'P.MENDOCINAS 634 P.B.DPTO. ', 799, 3, 2, NULL, NULL, NULL, '2012-11-10 23:54:09', NULL, NULL),
	(219, '27-20445225-9', 'MARIA GABRIELA', 'RUBIO', 'F', 'mrubiover@yahoo.com.ar', NULL, NULL, 'CHUBUT 1891', 799, 3, 2, NULL, NULL, NULL, '2012-11-10 23:54:09', NULL, NULL),
	(220, '4896395', 'MARTA ESTER', 'ISUANI', 'F', '(vacio)', NULL, NULL, 'RODRIGUEZ 2878', 799, 3, 2, NULL, NULL, NULL, '2012-11-10 23:54:09', NULL, NULL),
	(221, '8147871', 'MIGUEL ANGEL', 'LASCANO', 'M', '(vacio)', NULL, NULL, 'PATRICIAS ARGENTINAS 352 352', 799, 3, 2, NULL, NULL, NULL, '2012-11-10 23:54:09', NULL, NULL),
	(222, '7.647.572', 'HECTOR RAMON', 'DE GAETANO', 'M', 'hectordegaetano2000@yahoo.com.', NULL, NULL, 'Montecaseros 1845', 799, 3, 2, NULL, NULL, NULL, '2012-11-10 23:54:09', NULL, NULL),
	(223, '5156916', 'ANA MARIA', 'STANELONI DE LOPEZ', 'F', '(vacio)', NULL, NULL, 'RIVADAVIA 680', 799, 3, 2, NULL, NULL, NULL, '2012-11-10 23:54:09', NULL, NULL),
	(224, '6898943', 'ANTONIO JOSE', 'MARQUEZ', 'M', '(vacio)', NULL, NULL, 'AMPERES 320 ', 799, 3, 2, NULL, NULL, NULL, '2012-11-10 23:54:09', NULL, NULL),
	(225, '8153718', 'RAUL BERNARDO', 'TORRECILLA', 'M', '(vacio)', NULL, NULL, 'SAN MIGUEL 1444', 799, 3, 2, NULL, NULL, NULL, '2012-11-10 23:54:09', NULL, NULL),
	(226, '8152492', 'ROBERTO A.', 'RODRIGUEZ TRIVINO', 'M', '(vacio)', NULL, NULL, '9 DE JULIO 2412 ', 799, 3, 2, NULL, NULL, NULL, '2012-11-10 23:54:09', NULL, NULL),
	(227, '8151219', 'JORGE RAMON', 'SILVA', 'M', '(vacio)', NULL, NULL, 'BELTRAN 95 ', 799, 3, 2, NULL, NULL, NULL, '2012-11-10 23:54:09', NULL, NULL),
	(228, '4360082', 'ADRIAN OSVALDO', 'EUILLADES', 'M', '(vacio)', NULL, NULL, 'GUINAZU Y MORENO ', 799, 3, 2, NULL, NULL, NULL, '2012-11-10 23:54:09', NULL, NULL),
	(229, '8159045', 'PASCUAL ALBERTO', 'STANELONI', 'M', '(vacio)', NULL, NULL, 'RIVADAVIA 680', 799, 3, 2, NULL, NULL, NULL, '2012-11-10 23:54:09', NULL, NULL),
	(230, '5330195', 'MIRA', 'PIENIEK DE CHIRINO', 'F', '(vacio)', NULL, NULL, 'JOSC9 F. MORENO 1879', 799, 3, 2, NULL, NULL, NULL, '2012-11-10 23:54:09', NULL, NULL),
	(231, '8148872', 'PABLO S', 'CALIGIORE', 'M', '(vacio)', NULL, NULL, 'VIDELA CORREA 381 ', 799, 3, 2, NULL, NULL, NULL, '2012-11-10 23:54:09', NULL, NULL),
	(232, '5273919', 'ROBERTO EFRAIN', 'PORTILLO', 'M', '(vacio)', NULL, NULL, 'BARCALA 513', 799, 3, 2, NULL, NULL, NULL, '2012-11-10 23:54:09', NULL, NULL),
	(233, '8156213', 'JUAN CARLOS', 'BARCAGLIONI', 'M', '(vacio)', NULL, NULL, 'ARISTOBULO DEL VALLE 399', 799, 3, 2, NULL, NULL, NULL, '2012-11-10 23:54:09', NULL, NULL),
	(234, '5282149', 'ANA MARIA', 'SERMAN DE QUIROGA', 'F', '(vacio)', NULL, NULL, 'SAN MARCCN 1010 1AAC', 799, 3, 2, NULL, NULL, NULL, '2012-11-10 23:54:09', NULL, NULL),
	(235, '5157134', 'MARIA N.', 'GONZALEZ DE FERNANDEZ', 'F', '(vacio)', NULL, NULL, 'RODRIGUEZ 729 ', 799, 3, 2, NULL, NULL, NULL, '2012-11-10 23:54:09', NULL, NULL),
	(236, '6079930', 'MARIA ROSA', 'CHAHER DE SILVA', 'F', '(vacio)', NULL, NULL, 'BELTRAN 95', 799, 3, 2, NULL, NULL, NULL, '2012-11-10 23:54:09', NULL, NULL),
	(237, '4788222', 'MARTA BEATRIZ', 'BERTETTO', 'F', '(vacio)', NULL, NULL, 'SAN MARTIN 7564', 799, 3, 2, NULL, NULL, NULL, '2012-11-10 23:54:09', NULL, NULL),
	(238, '16222706', 'ANA CECILIA', 'SCOGNAMILLO', 'F', 'anascognamillo@yahoo.com.ar', NULL, NULL, 'CIPOLLETTI 753', 799, 3, 2, NULL, NULL, NULL, '2012-11-10 23:54:09', NULL, NULL),
	(239, '31029071', 'JESICA CELIA', 'GISPERT', 'F', 'jesicacgispert@hotmail.com', NULL, NULL, 'AV.SAN MARTCDN 1062', 799, 3, 2, NULL, NULL, NULL, '2012-11-10 23:54:09', NULL, NULL),
	(240, '11.486971', 'MARIA ELENA', 'LICCIARDO', 'F', 'marulicciardo@hotmail.com', NULL, NULL, 'HECTOR CAROSELLA 1796', 799, 3, 2, NULL, NULL, NULL, '2012-11-10 23:54:09', NULL, NULL),
	(241, '5330023', 'SILVIA ALICIA', 'MALDONADO', 'F', '(vacio)', NULL, NULL, 'PEDRO B.PALACIOS 1278', 799, 3, 2, NULL, NULL, NULL, '2012-11-10 23:54:09', NULL, NULL),
	(242, '0', 'LUIS', 'D ANGELO', 'M', '(vacio)', NULL, NULL, ' ', 799, 3, 2, NULL, NULL, NULL, '2012-11-10 23:54:09', NULL, NULL),
	(243, '359293', 'MIGUEL ANGEL', 'BENITO', 'M', '(vacio)', NULL, NULL, 'GODOY CRUZ 50 ', 799, 3, 2, NULL, NULL, NULL, '2012-11-10 23:54:09', NULL, NULL),
	(244, '8157385', 'ROQUE SALVADOR', 'MORABITO', 'M', '(vacio)', NULL, NULL, 'ABRAHAM TOURM 312', 799, 3, 2, NULL, NULL, NULL, '2012-11-10 23:54:09', NULL, NULL),
	(245, '8158432', 'MANUEL', 'RICO MORETTI', 'M', '(vacio)', NULL, NULL, 'COLON 143', 799, 3, 2, NULL, NULL, NULL, '2012-11-10 23:54:09', NULL, NULL),
	(246, '4532807', 'NORMA NOEMI', 'ALCUTEN DE BEURET', 'F', '(vacio)', NULL, NULL, 'ENTRE RIOS 594', 799, 3, 2, NULL, NULL, NULL, '2012-11-10 23:54:09', NULL, NULL),
	(247, '5095376', 'MARIO ALBERTO', 'PAVETTI', 'M', '(vacio)', NULL, NULL, 'ISIDRO DE LA MAZA 276', 799, 3, 2, NULL, NULL, NULL, '2012-11-10 23:54:09', NULL, NULL),
	(248, '5874711', 'SARA NIDIA', 'CALOMARDE', 'F', '(vacio)', NULL, NULL, 'GODOY CRUZ 6101 ', 799, 3, 2, NULL, NULL, NULL, '2012-11-10 23:54:09', NULL, NULL),
	(249, '8469396', 'JUAN MANUEL', 'GARCIA', 'M', '(vacio)', NULL, NULL, 'RUTA PROVINCIAL 50 N-4587 ', 799, 3, 2, NULL, NULL, NULL, '2012-11-10 23:54:09', NULL, NULL),
	(250, '7647248', 'DOMINGO JOSE', 'FUSCO', 'M', '(vacio)', NULL, NULL, 'P MONTENEGRO 135', 799, 3, 2, NULL, NULL, NULL, '2012-11-10 23:54:09', NULL, NULL),
	(251, '4985299', 'RAUL ROLANDO', 'RAMOS', 'M', '(vacio)', NULL, NULL, 'BLANCO ENCALADA 2631', 799, 3, 2, NULL, NULL, NULL, '2012-11-10 23:54:09', NULL, NULL),
	(252, '7364156', 'OMAR ALBERTO', 'MONTANARO', 'M', '(vacio)', NULL, NULL, 'COLON 579', 799, 3, 2, NULL, NULL, NULL, '2012-11-10 23:54:09', NULL, NULL),
	(253, '7391943', 'MARIO', 'KAHANE', 'M', '(vacio)', NULL, NULL, 'NEUQUEN 2345 ', 799, 3, 2, NULL, NULL, NULL, '2012-11-10 23:54:09', NULL, NULL),
	(254, '31742384', 'LORENZO RUBEN', 'CAMPOS', 'M', 'lorenzo.19.85@hotmail.com', NULL, NULL, 'PASO DE LOS ANDES 2334', 799, 3, 2, NULL, NULL, NULL, '2012-11-10 23:54:09', NULL, NULL),
	(255, '4985551', 'SIMON ERNESTO', 'BRENER', 'M', '(vacio)', NULL, NULL, 'PATRICIAS MENDOCINAS 851', 799, 3, 2, NULL, NULL, NULL, '2012-11-10 23:54:09', NULL, NULL),
	(256, '5299332', 'ANA MARIA', 'BET PRIORE', 'F', '(vacio)', NULL, NULL, 'VIAMONTE 3985 ', 799, 3, 2, NULL, NULL, NULL, '2012-11-10 23:54:09', NULL, NULL),
	(257, '4760935', 'MARTA ANGELICA', 'IBANEZ', 'F', '(vacio)', NULL, NULL, 'TUCUMAN 427 ', 799, 3, 2, NULL, NULL, NULL, '2012-11-10 23:54:09', NULL, NULL),
	(258, '8239032', 'EDUARDO JOSE', 'SALVARANI', 'M', '(vacio)', NULL, NULL, 'CHILE 925', 799, 3, 2, NULL, NULL, NULL, '2012-11-10 23:54:09', NULL, NULL),
	(259, '5959894', 'MARTA SILVIA', 'ASTORGA DE RIOS', 'F', '(vacio)', NULL, NULL, 'COLON 277 277', 799, 3, 2, NULL, NULL, NULL, '2012-11-10 23:54:09', NULL, NULL),
	(260, '5419152', 'MARIA ROSA', 'SARROUF CANZ', 'F', '(vacio)', NULL, NULL, 'PEDRO MOLINA 613', 799, 3, 2, NULL, NULL, NULL, '2012-11-10 23:54:09', NULL, NULL),
	(261, '27062142', 'LORENA CRISTINA', 'GOMEZ', 'F', 'loregomes79@yahoo.com.ar', NULL, NULL, 'CABILDO 1808', 799, 3, 2, NULL, NULL, NULL, '2012-11-10 23:54:09', NULL, NULL),
	(262, '4282097', 'MARTA', 'GALAR DE WISNIEWSKI', 'F', '(vacio)', NULL, NULL, 'PASO DE LOS ANDES 2075', 799, 3, 2, NULL, NULL, NULL, '2012-11-10 23:54:09', NULL, NULL),
	(263, '5879124', 'RAQUEL', 'RIVEROS DE GONZALEZ', 'F', '(vacio)', NULL, NULL, 'RIVADAVIA 440', 799, 3, 2, NULL, NULL, NULL, '2012-11-10 23:54:09', NULL, NULL),
	(264, '8484374', 'EDGARDO DANIEL', 'LANDA', 'M', '(vacio)', NULL, NULL, 'F. MORENO 2487 ', 799, 3, 2, NULL, NULL, NULL, '2012-11-10 23:54:09', NULL, NULL),
	(265, '15297310', 'JULIA', 'GRANERO DE CASTILLO', 'F', '(vacio)', NULL, NULL, 'PATRICIAS MENDOCINAS 1053', 799, 3, 2, NULL, NULL, NULL, '2012-11-10 23:54:09', NULL, NULL),
	(266, '780848', 'CLARA', 'KIPER DE MANULIS', 'F', '(vacio)', NULL, NULL, 'ALPATACAL 1614 ', 799, 3, 2, NULL, NULL, NULL, '2012-11-10 23:54:09', NULL, NULL),
	(267, '8324013', 'OSCAR ENRIQUE', 'FREIXAS', 'M', '(vacio)', NULL, NULL, 'ACCESO ESTE 1070', 799, 3, 2, NULL, NULL, NULL, '2012-11-10 23:54:09', NULL, NULL),
	(268, '7840522', 'HORACIO LUIS', 'ROUSSELLE', 'M', '(vacio)', NULL, NULL, 'RIVADAVIA 440', 799, 3, 2, NULL, NULL, NULL, '2012-11-10 23:54:09', NULL, NULL),
	(269, '6137845', 'NORA NORMA', 'ARCARDINI', 'F', '(vacio)', NULL, NULL, 'COLON 185 1ER-P. DPTO. ', 799, 3, 2, NULL, NULL, NULL, '2012-11-10 23:54:09', NULL, NULL),
	(270, '7804050', 'TAREK EDUARDO', 'AKIL', 'M', '(vacio)', NULL, NULL, 'B*PETROLEO Y GAS PRIVADO C-21 ', 799, 3, 2, NULL, NULL, NULL, '2012-11-10 23:54:09', NULL, NULL),
	(271, '8072176', 'JUAN LUCIO', 'FORTUNA', 'M', '(vacio)', NULL, NULL, 'SUIPACHA 282', 799, 3, 2, NULL, NULL, NULL, '2012-11-10 23:54:09', NULL, NULL),
	(272, '6146081', 'OMAR', 'RODRIGUEZ BERENGUER', 'M', '(vacio)', NULL, NULL, 'SARMIENTO 975', 799, 3, 2, NULL, NULL, NULL, '2012-11-10 23:54:09', NULL, NULL),
	(273, '5936351', 'PERLA RAQUEL', 'CHAVES', 'F', '(vacio)', NULL, NULL, 'FRANCISCO MOYANO 3367 ', 799, 3, 2, NULL, NULL, NULL, '2012-11-10 23:54:09', NULL, NULL),
	(274, '5766479', 'NELIDA BEATRIZ', 'SPERIDIONE', 'F', '(vacio)', NULL, NULL, 'BIRITOS 484 ', 799, 3, 2, NULL, NULL, NULL, '2012-11-10 23:54:09', NULL, NULL),
	(275, '8324265', 'ALBERTO MARIO', 'ROCA', 'M', '(vacio)', NULL, NULL, 'RIVADAVIA 440 ', 799, 3, 2, NULL, NULL, NULL, '2012-11-10 23:54:09', NULL, NULL),
	(276, '5273571', 'HUGO ERNESTO', 'NACIF', 'M', '(vacio)', NULL, NULL, 'OLASCOAGA 2821', 799, 3, 2, NULL, NULL, NULL, '2012-11-10 23:54:09', NULL, NULL),
	(277, '10902505', 'MARIA C.', 'SALOMON DE PAULOS', 'F', '(vacio)', NULL, NULL, 'SAN MARTIN 667 ', 799, 3, 2, NULL, NULL, NULL, '2012-11-10 23:54:09', NULL, NULL),
	(278, '8035914', 'OSCAR ANTONIO', 'CASTILLO', 'M', '(vacio)', NULL, NULL, 'PATRICIAS MENDOCINAS 1053', 799, 3, 2, NULL, NULL, NULL, '2012-11-10 23:54:09', NULL, NULL),
	(279, '8686701', 'ALBERTO JOSE', 'ARANCIBIA', 'M', '(vacio)', NULL, NULL, 'SAENZ PED1A 366', 799, 3, 2, NULL, NULL, NULL, '2012-11-10 23:54:09', NULL, NULL),
	(280, '10039270', 'ROSA MARGARITA', 'DIAZ', 'F', '(vacio)', NULL, NULL, 'DR.JOHN SHAL 46', 799, 3, 2, NULL, NULL, NULL, '2012-11-10 23:54:09', NULL, NULL),
	(281, '17946747', 'SILVIA GRACIELA', 'PETRUY', 'F', '(vacio)', NULL, NULL, 'PATRICIAS MENDOCINAS 598', 799, 3, 2, NULL, NULL, NULL, '2012-11-10 23:54:09', NULL, NULL),
	(282, '20357313', 'MARIA ELBA BEATRIZ', 'DAMIANI', 'F', '(vacio)', NULL, NULL, 'PATRICIAS MENDOCINAS 1631', 799, 3, 2, NULL, NULL, NULL, '2012-11-10 23:54:09', NULL, NULL),
	(283, '20626141', 'ALICIA ALEJANDRA', 'LOPEZ', 'F', '(vacio)', NULL, NULL, 'SAENZ PENA 647', 799, 3, 2, NULL, NULL, NULL, '2012-11-10 23:54:09', NULL, NULL),
	(284, '0', 'OMAR', 'SILVA', 'M', '(vacio)', NULL, NULL, ' ', 799, 3, 2, NULL, NULL, NULL, '2012-11-10 23:54:09', NULL, NULL),
	(285, '0', 'GERARDO', 'GILI', 'M', '(vacio)', NULL, NULL, ' ', 799, 3, 2, NULL, NULL, NULL, '2012-11-10 23:54:09', NULL, NULL),
	(286, '14220803', 'MARIO OSCAR', 'GENTA', 'M', '(vacio)', NULL, NULL, 'PADRE VAZQUEZ 987', 799, 3, 2, NULL, NULL, NULL, '2012-11-10 23:54:09', NULL, NULL),
	(287, '21877542', 'GABRIEL ORLANDO', 'VIA', 'M', '(vacio)', NULL, NULL, 'RIOJA 1033', 799, 3, 2, NULL, NULL, NULL, '2012-11-10 23:54:09', NULL, NULL),
	(288, '0', 'JAVIER', 'GIACOMELLI', 'M', '(vacio)', NULL, NULL, ' ', 799, 3, 2, NULL, NULL, NULL, '2012-11-10 23:54:09', NULL, NULL),
	(289, '24511709', 'EDGARDO NICOLAS', 'ALLENDES', 'M', 'nicolas_allendes@yahoo.com.ar', NULL, NULL, 'CAMBRONES 194', 799, 3, 2, NULL, NULL, NULL, '2012-11-10 23:54:09', NULL, NULL),
	(290, '21877480', 'RAUL DARIO', 'OTAZUA', 'M', '(vacio)', NULL, NULL, 'PELLEGRINI 1047', 799, 3, 2, NULL, NULL, NULL, '2012-11-10 23:54:09', NULL, NULL),
	(291, '21371768', 'CARLOS ALBERTO', 'BUSTOS', 'M', '(vacio)', NULL, NULL, 'MONTEVIDEO 735', 799, 3, 2, NULL, NULL, NULL, '2012-11-10 23:54:09', NULL, NULL),
	(292, '22760914', 'GONZALO', 'GIMENEZ', 'M', '(vacio)', NULL, NULL, 'BANDERA DE LOS ANDES 9207', 799, 3, 2, NULL, NULL, NULL, '2012-11-10 23:54:09', NULL, NULL),
	(293, '22559705', 'ANA GABRIELA', 'AZZARONI', 'F', '(vacio)', NULL, NULL, 'OZAMIS 737', 799, 3, 2, NULL, NULL, NULL, '2012-11-10 23:54:09', NULL, NULL),
	(294, '0', 'FABIANA', 'FRANCO', 'F', '(vacio)', NULL, NULL, ' ', 799, 3, 2, NULL, NULL, NULL, '2012-11-10 23:54:09', NULL, NULL),
	(295, '23955697', 'FLAVIA LORENA', 'CONTRERAS', 'F', '(vacio)', NULL, NULL, 'CONSTITUCION 146', 799, 3, 2, NULL, NULL, NULL, '2012-11-10 23:54:09', NULL, NULL),
	(296, '22634491', 'DIEGO RODOLFO', 'NADAL', 'M', '(vacio)', NULL, NULL, 'BDRA.DE LOS ANDES 9207', 799, 3, 2, NULL, NULL, NULL, '2012-11-10 23:54:09', NULL, NULL),
	(297, '0', 'NATALIA B.', 'ESPOSITO', 'F', '(vacio)', NULL, NULL, 'NOGUES 145 ', 799, 3, 2, NULL, NULL, NULL, '2012-11-10 23:54:09', NULL, NULL),
	(298, '25742009', 'MARIANA ANDREA', 'LESPINA', 'F', '(vacio)', NULL, NULL, 'URQUIZA 1860', 799, 3, 2, NULL, NULL, NULL, '2012-11-10 23:54:09', NULL, NULL),
	(299, '25.113603', 'MARIA DE LOS ANGELES', 'FERRADA', 'F', '(vacio)', NULL, NULL, 'Groussac 1420', 799, 3, 2, NULL, NULL, NULL, '2012-11-10 23:54:09', NULL, NULL),
	(300, '25180524', 'SEBASTIAN RAUL', 'SUAREZ', 'M', '(vacio)', NULL, NULL, 'B*UNIMEV T B5-', 799, 3, 2, NULL, NULL, NULL, '2012-11-10 23:54:09', NULL, NULL),
	(301, '25375323', 'ANALIA LOURDES', 'AMPUERO', 'F', '(vacio)', NULL, NULL, 'CARRIL PONCE 53', 799, 3, 2, NULL, NULL, NULL, '2012-11-10 23:54:09', NULL, NULL),
	(302, '23571585', 'MARIA ALEJANDRA', 'SALOMON', 'M', 'alemsalomon@yahoo.com.ar', NULL, NULL, 'Chubut 1813', 799, 3, 2, NULL, NULL, NULL, '2012-11-10 23:54:09', NULL, NULL),
	(303, '25883625', 'MAGALI VANINA', 'SCOPEL', 'F', '(vacio)', NULL, NULL, 'MORENO 145', 799, 3, 2, NULL, NULL, NULL, '2012-11-10 23:54:09', NULL, NULL),
	(304, '22754656', 'SERGIO ARTURO', 'SAINZ', 'M', '(vacio)', NULL, NULL, 'ENTRE RIOS 917 ', 799, 3, 2, NULL, NULL, NULL, '2012-11-10 23:54:09', NULL, NULL),
	(305, '22688834', 'CARINA', 'CATTANEO', 'F', '(vacio)', NULL, NULL, 'LAVALLE 444', 799, 3, 2, NULL, NULL, NULL, '2012-11-10 23:54:09', NULL, NULL),
	(306, '24932764', 'PABLO ADRIAN', 'MATILE', 'M', '(vacio)', NULL, NULL, 'SAN MARTIN 1598', 799, 3, 2, NULL, NULL, NULL, '2012-11-10 23:54:09', NULL, NULL),
	(307, '24970364', 'MARCELA FERNANDA', 'YELOS', 'F', 'laboratoriomendoza@yahoo.com.a', NULL, NULL, 'BELGRANO 110', 799, 3, 2, NULL, NULL, NULL, '2012-11-10 23:54:09', NULL, NULL),
	(308, '0', 'SOFIA VALERIA', 'PEREZ ARAUJO', 'F', '(vacio)', NULL, NULL, 'A.Villanueva 427 ', 799, 3, 2, NULL, NULL, NULL, '2012-11-10 23:54:09', NULL, NULL),
	(309, '22.637.323', 'VERONICA', 'PARRON', 'F', '(vacio)', NULL, NULL, 'Jose Ingenieros 3115', 799, 3, 2, NULL, NULL, NULL, '2012-11-10 23:54:09', NULL, NULL),
	(310, '', '', 'SDFD', 'M', '(vacio)', NULL, NULL, ' ', 799, 3, 2, NULL, NULL, NULL, '2012-11-10 23:54:09', NULL, NULL),
	(311, '22423650', 'ROBERTO GUSTAVO ADOLFO', 'GUEMBE', 'M', '(vacio)', NULL, NULL, 'SAN MARTIN 3534', 799, 3, 2, NULL, NULL, NULL, '2012-11-10 23:54:09', NULL, NULL),
	(312, '22307999', 'ROXANA', 'TONETTO MARTIN', 'F', '(vacio)', NULL, NULL, 'JUAN B. JUSTO 764', 799, 3, 2, NULL, NULL, NULL, '2012-11-10 23:54:09', NULL, NULL),
	(313, '0', 'PAOLA', 'FLORES MORALES', 'F', '(vacio)', NULL, NULL, 'CORDOBA 192 ', 799, 3, 2, NULL, NULL, NULL, '2012-11-10 23:54:09', NULL, NULL),
	(314, '24018133', 'MARIO RUBEN', 'CASE', 'M', '(vacio)', NULL, NULL, 'BARRIO UNIMEV TORRE T7 1ER.A ', 799, 3, 2, NULL, NULL, NULL, '2012-11-10 23:54:09', NULL, NULL),
	(315, '24511705', 'ELIANA LORENA', 'BAZAN', 'F', '(vacio)', NULL, NULL, 'AVELLANEDA 1660 ', 799, 3, 2, NULL, NULL, NULL, '2012-11-10 23:54:09', NULL, NULL),
	(316, '24342343', 'VANINA SOL', 'EIBAR', 'F', 'veibar@hotmail.com', NULL, NULL, 'BBAJARDIN  XUMEC - MNA. C ', 799, 3, 2, NULL, NULL, NULL, '2012-11-10 23:54:09', NULL, NULL),
	(317, '24206224', 'ALEJANDRA', 'COLA', 'F', '(vacio)', NULL, NULL, 'VIAMONTE Y LONGONE ', 799, 3, 2, NULL, NULL, NULL, '2012-11-10 23:54:09', NULL, NULL),
	(318, '30543011', 'MARTIN NICOLAS', 'TOLLARDO', 'M', 'martinto_2005@yahoo.com.ar', NULL, NULL, 'BENAVENTE 3722', 799, 3, 2, NULL, NULL, NULL, '2012-11-10 23:54:09', NULL, NULL),
	(319, '11.456.804', 'NORMA ISABEL', 'VILLARIAS', 'F', 'normavillarias@hotmail.com', NULL, NULL, 'LAPRIDA 455', 799, 3, 2, NULL, NULL, NULL, '2012-11-10 23:54:09', NULL, NULL),
	(320, '25354652', 'MARIA EUGENIA', 'CHAPARRO', 'F', '(vacio)', NULL, NULL, 'GODOY CRUZ 2529', 799, 3, 2, NULL, NULL, NULL, '2012-11-10 23:54:09', NULL, NULL),
	(321, '26185681', 'RICARDO FEDERICO', 'MORRALLA', 'M', '(vacio)', NULL, NULL, '20 DE JUNIO 735', 799, 3, 2, NULL, NULL, NULL, '2012-11-10 23:54:09', NULL, NULL),
	(322, '26545782', 'MARTIN ALBERTO', 'TORRES', 'M', '(vacio)', NULL, NULL, '9 DE JULIO 2412', 799, 3, 2, NULL, NULL, NULL, '2012-11-10 23:54:09', NULL, NULL),
	(323, '0', 'ANDREA', 'CORDERO', 'F', '(vacio)', NULL, NULL, ' ', 799, 3, 2, NULL, NULL, NULL, '2012-11-10 23:54:09', NULL, NULL),
	(324, '26.361.295', '', 'LEIVA', 'F', 'vivipleiva@hotmail.com', NULL, NULL, 'LAMADRID 395', 799, 3, 2, NULL, NULL, NULL, '2012-11-10 23:54:09', NULL, NULL),
	(325, '26495674', 'LEONARDO SERGIO', 'PELLIZZARI', 'M', 'lpellizari@gmail.com', NULL, NULL, 'San Lorenzo 12', 799, 3, 2, NULL, NULL, NULL, '2012-11-10 23:54:09', NULL, NULL),
	(326, '27325071', 'JIMENA BEATRIZ', 'CEJAS', 'F', 'jimecejas@hotmail.com', NULL, NULL, 'BAA DALVIAN  M-53 CASA 29. ', 799, 3, 2, NULL, NULL, NULL, '2012-11-10 23:54:09', NULL, NULL),
	(327, '24362277', 'ETHEL AMANDA', 'LUCENA', 'F', '(vacio)', NULL, NULL, 'ALVEAR 762', 799, 3, 2, NULL, NULL, NULL, '2012-11-10 23:54:09', NULL, NULL),
	(328, '24207039', 'NATALIA', 'CARNIELLO', 'F', '(vacio)', NULL, NULL, 'JORGE A CALLE 326', 799, 3, 2, NULL, NULL, NULL, '2012-11-10 23:54:09', NULL, NULL),
	(329, '24033383', 'SANDRA FABIANA', 'VARGAS', 'F', '(vacio)', NULL, NULL, 'BALCARCE 305', 799, 3, 2, NULL, NULL, NULL, '2012-11-10 23:54:09', NULL, NULL),
	(330, '28110953', 'MARIA EUGENIA', 'CABRILLANA', 'F', 'mecabrillana@yahoo.com.ar', NULL, NULL, 'PASAJE RIO NEGRO 260', 799, 3, 2, NULL, NULL, NULL, '2012-11-10 23:54:09', NULL, NULL),
	(331, '14351911', 'JUAN ABEL', 'BORBON', 'M', '(vacio)', NULL, NULL, 'ROQUE SAENZ PENA 793', 799, 3, 2, NULL, NULL, NULL, '2012-11-10 23:54:09', NULL, NULL),
	(332, '0', 'YANINA', 'CISELLA', 'F', '(vacio)', NULL, NULL, 'Jose F. Moreno 832 ', 799, 3, 2, NULL, NULL, NULL, '2012-11-10 23:54:09', NULL, NULL),
	(333, '30.571.217', 'ALEJANDRA DANIELA', 'MAURE', 'F', 'danymaure@hotmail.com', NULL, NULL, 'BESARES 883', 799, 3, 2, NULL, NULL, NULL, '2012-11-10 23:54:09', NULL, NULL),
	(334, '0', 'MARCELA', 'CHIOFALO', 'M', '(vacio)', NULL, NULL, 'VICENTE LOPEZ Y PLANEZ 834 ', 799, 3, 2, NULL, NULL, NULL, '2012-11-10 23:54:09', NULL, NULL),
	(335, '0', 'NANCI ELENA', 'LUCAS', 'F', '(vacio)', NULL, NULL, ' ', 799, 3, 2, NULL, NULL, NULL, '2012-11-10 23:54:09', NULL, NULL),
	(336, '27931123', 'FRANCISCO', 'LOPEZ AGUILERA', 'M', '(vacio)', NULL, NULL, 'JUAN JOSE VALLE 4306', 799, 3, 2, NULL, NULL, NULL, '2012-11-10 23:54:09', NULL, NULL),
	(337, '0', 'CARINA.', 'GIUFRE HERRERIA', 'F', '(vacio)', NULL, NULL, 'MOSCONI 780 ', 799, 3, 2, NULL, NULL, NULL, '2012-11-10 23:54:09', NULL, NULL),
	(338, '25723687', 'MARCELA ALICIA', 'BUSTOS', 'F', '(vacio)', NULL, NULL, 'DOCTOR MORENO 1808', 799, 3, 2, NULL, NULL, NULL, '2012-11-10 23:54:09', NULL, NULL),
	(339, '14958965', 'CLAUDIA GRISELDA', 'BASILE', 'F', '(vacio)', NULL, NULL, 'ENTRE RIOS 917', 799, 3, 2, NULL, NULL, NULL, '2012-11-10 23:54:09', NULL, NULL),
	(340, '10624967', 'NIVIA LILIANA', 'POUSA', 'F', '(vacio)', NULL, NULL, 'LAS TIPAS 1482', 799, 3, 2, NULL, NULL, NULL, '2012-11-10 23:54:09', NULL, NULL),
	(341, '24245933', 'STELLA MARIS', 'RUBIO', 'F', '(vacio)', NULL, NULL, 'M.ARROYO 132', 799, 3, 2, NULL, NULL, NULL, '2012-11-10 23:54:09', NULL, NULL),
	(342, '17218011', 'ROBERTO JULIO', 'GARCIA', 'M', '(vacio)', NULL, NULL, 'SARMIENTO 1630', 799, 3, 2, NULL, NULL, NULL, '2012-11-10 23:54:09', NULL, NULL),
	(343, '26444000', 'FRANCO', 'STOCO', 'M', '(vacio)', NULL, NULL, 'PERON 454', 799, 3, 2, NULL, NULL, NULL, '2012-11-10 23:54:09', NULL, NULL),
	(344, '24932672', 'CARINA', 'LANA', 'F', '(vacio)', NULL, NULL, 'REPD9BLICA ', 799, 3, 2, NULL, NULL, NULL, '2012-11-10 23:54:09', NULL, NULL),
	(345, '20449919', 'MARIA VICTORIA', 'CACCAVARI', 'F', 'mvcaccavari@yahoo.com.ar', NULL, NULL, 'BAAPARQUE NORTE MNA.0, CASA 22 ', 799, 3, 2, NULL, NULL, NULL, '2012-11-10 23:54:09', NULL, NULL),
	(346, '25984742', 'Maria Laura', 'SEGURA', 'F', '(vacio)', NULL, NULL, 'La Consulta 613', 799, 3, 2, NULL, NULL, NULL, '2012-11-10 23:54:09', NULL, NULL),
	(347, '24.836.934', 'MARIA NATALIA', 'DEL BARRIO', 'F', '(vacio)', NULL, NULL, 'Ushuaia 602', 799, 3, 2, NULL, NULL, NULL, '2012-11-10 23:54:09', NULL, NULL),
	(348, '27.981.000', 'Adriana Soledad', 'SECOTARO', 'F', '(vacio)', NULL, NULL, 'Libertad 1555', 799, 3, 2, NULL, NULL, NULL, '2012-11-10 23:54:09', NULL, NULL),
	(349, '27.969.169', 'GABRIELA JAQUELINA', 'VILLAR', 'F', '(vacio)', NULL, NULL, 'PEDRO ZANNI 2680', 799, 3, 2, NULL, NULL, NULL, '2012-11-10 23:54:09', NULL, NULL),
	(350, '24917675', 'ANALIA  VERONICA', 'BELELLI', 'F', 'laboratoriobellsae@yahoo.com.a', NULL, NULL, 'RIVADAVIA 412', 799, 3, 2, NULL, NULL, NULL, '2012-11-10 23:54:09', NULL, NULL),
	(351, '24207065', 'PABLO DANIEL', 'SILVA', 'M', 'pablosilva@gmail', NULL, NULL, 'ITUZAINGO 1970', 799, 3, 2, NULL, NULL, NULL, '2012-11-10 23:54:09', NULL, NULL),
	(352, '13843385', 'OSVALDO DANIEL', 'CARUSO', 'M', 'osvaldodaniel@yahoo.com.ar', NULL, NULL, 'PATRICIAS MENDOCINAS368 ', 799, 3, 2, NULL, NULL, NULL, '2012-11-10 23:54:09', NULL, NULL),
	(353, '25666593', 'PAOLA VANINA', 'BOARELLI', 'F', 'pvboarelli@yahoo.com.ar', NULL, NULL, 'DOMINGO BOMBAL 250', 799, 3, 2, NULL, NULL, NULL, '2012-11-10 23:54:09', NULL, NULL),
	(354, '26790371', 'VANESA ERICA', 'DI SANTO', 'F', '(vacio)', NULL, NULL, 'MOISES LEBENSHON 1545', 799, 3, 2, NULL, NULL, NULL, '2012-11-10 23:54:09', NULL, NULL),
	(355, '25883604', 'SERGIO E', 'BONFIL', 'M', 'cm.laboratorio@gmail.com', NULL, NULL, '20 DE JUNIO 1473', 799, 3, 2, NULL, NULL, NULL, '2012-11-10 23:54:09', NULL, NULL),
	(356, '25356618', 'AMALIA LORENA', 'RIVERO', 'F', 'amiloretta_alr@hotmail.com', NULL, NULL, 'JOSE PENNA 2284', 799, 3, 2, NULL, NULL, NULL, '2012-11-10 23:54:09', NULL, NULL),
	(357, '28111194', 'GUSTAVO ALEJANDRO', 'MENEO', 'M', 'labperdriel@yahoo.com.ar', NULL, NULL, 'GUID1AZU 160', 799, 3, 2, NULL, NULL, NULL, '2012-11-10 23:54:09', NULL, NULL),
	(358, '25.587.408', 'CARINA', 'GRAJEDA', 'F', '(vacio)', NULL, NULL, 'Concordia 160', 799, 3, 2, NULL, NULL, NULL, '2012-11-10 23:54:09', NULL, NULL),
	(359, '25.352.405', 'CARLOS ALBERTO', 'CUELLO', 'M', '(vacio)', NULL, NULL, 'CERRO NEVADO 1155', 799, 3, 2, NULL, NULL, NULL, '2012-11-10 23:54:09', NULL, NULL),
	(360, '24.861.068', 'ERICA CECILIA', 'SARMIENTO', 'F', '(vacio)', NULL, NULL, ' ', 799, 3, 2, NULL, NULL, NULL, '2012-11-10 23:54:09', NULL, NULL),
	(361, '25.984.539', 'JIMENA B.', 'AYBAR', 'F', 'jime_aybar@hotmail.com', NULL, NULL, 'CHILE 2026', 799, 3, 2, NULL, NULL, NULL, '2012-11-10 23:54:09', NULL, NULL),
	(362, '17021651', 'ADELA ADRIANA', 'AMPUERO', 'F', 'adelampu@speedy.com.ar', NULL, NULL, 'BENIELLI 2170', 799, 3, 2, NULL, NULL, NULL, '2012-11-10 23:54:09', NULL, NULL),
	(363, '23.291.024', 'MARIA CLARA', 'POTT', 'F', 'cpottgodoy@gmail.com', NULL, NULL, 'TIBURCIO BENEGAS 938', 799, 3, 2, NULL, NULL, NULL, '2012-11-10 23:54:09', NULL, NULL),
	(364, '27062110', 'PAOLA ANDREA', 'LEONARDI', 'F', 'leonardi_andrea@hotmail.com', NULL, NULL, 'RIVADAVIA 724', 799, 3, 2, NULL, NULL, NULL, '2012-11-10 23:54:09', NULL, NULL),
	(365, '25.666.706', 'ELIANA', 'BERRA', 'F', 'elianaberram@yahoo.com.ar', NULL, NULL, 'ALEM 1980', 799, 3, 2, NULL, NULL, NULL, '2012-11-10 23:54:09', NULL, NULL),
	(366, '18391675', 'GABRIELA BEATRIZ', 'FELIPETTA', 'F', 'gabrielafelipetta@hotmail.com', NULL, NULL, 'SAN LORENZO 231', 799, 3, 2, NULL, NULL, NULL, '2012-11-10 23:54:09', NULL, NULL),
	(367, '6857108', 'RAFAEL FRANCISCO', 'PEREZ ELIZALDE', 'M', 'labpereze@lanet.com.ar', NULL, NULL, '25 DE MAYO 576', 799, 3, 2, NULL, NULL, NULL, '2012-11-10 23:54:09', NULL, NULL),
	(368, '22.274.853', 'PABLO FABIAN', 'PROVIDIERA', 'M', '(vacio)', NULL, NULL, 'ALVEAR 724', 799, 3, 2, NULL, NULL, NULL, '2012-11-10 23:54:09', NULL, NULL),
	(369, '24.342.500', 'MARIELA DOLORES', 'BIELLI', 'F', 'marielabielli@yahoo.com.ar', NULL, NULL, 'LOS AROMOS 953', 799, 3, 2, NULL, NULL, NULL, '2012-11-10 23:54:09', NULL, NULL),
	(370, '25.984.786', 'SEBASTIAN', 'TERSOGLIO', 'M', 'sebatersoglio@yahoo.com.ar', NULL, NULL, 'HUARPES 18', 799, 3, 2, NULL, NULL, NULL, '2012-11-10 23:54:09', NULL, NULL),
	(371, '', '', 'AsociaciF2n BioquEDmica  de Me', 'M', '(vacio)', NULL, NULL, ' ', 799, 3, 2, NULL, NULL, NULL, '2012-11-10 23:54:09', NULL, NULL),
	(372, '27.981.124', 'PAMELA NATALIA', 'BROCCHETTO', 'F', 'pamebroc_80@hotmail', NULL, NULL, 'BAAMONSED1OR MARESMA MB. C.19. ', 799, 3, 2, NULL, NULL, NULL, '2012-11-10 23:54:09', NULL, NULL),
	(373, '29.420.252', 'CARINA ELIZABET', 'BARBERA', 'F', '(vacio)', NULL, NULL, 'Blas B arrrera 6', 799, 3, 2, NULL, NULL, NULL, '2012-11-10 23:54:09', NULL, NULL),
	(374, '24.983.439', 'PABLO', 'ARROYO', 'M', 'pabloarroyo_1976@yahoo.com.ar', NULL, NULL, 'Italia 528', 799, 3, 2, NULL, NULL, NULL, '2012-11-10 23:54:09', NULL, NULL),
	(375, '24598.732', 'MARIA JIMENA', 'TOBARES', 'F', 'jimenatobares@gmail.com', NULL, NULL, 'BELTRAN 1812', 799, 3, 2, NULL, NULL, NULL, '2012-11-10 23:54:09', NULL, NULL),
	(376, '25587928', 'CLAUDIA BIBIANA', 'FERREYRA', 'F', '(vacio)', NULL, NULL, 'Las Heras 131', 799, 3, 2, NULL, NULL, NULL, '2012-11-10 23:54:09', NULL, NULL),
	(377, '12.813.798', 'ADRIANA SILVIA', 'GONZALEZ', 'F', 'a_gonmen@yahoo.com.ar', NULL, NULL, 'GARAY 226', 799, 3, 2, NULL, NULL, NULL, '2012-11-10 23:54:09', NULL, NULL),
	(378, '30.674.456', 'ADRIANA CELIA', 'EUILLADES', 'F', 'adrieuillades@yahoo.com.ar', NULL, NULL, 'Puerto Madryn 872', 799, 3, 2, NULL, NULL, NULL, '2012-11-10 23:54:09', NULL, NULL),
	(379, '17.513.887', 'RAFAEL FERNANDO', 'PEREZ ELIZALDE', 'M', 'labpereze@lanet.com.ar', NULL, NULL, 'Los Aromos 1630', 799, 3, 2, NULL, NULL, NULL, '2012-11-10 23:54:09', NULL, NULL),
	(380, '29425608', 'GLORIA MARIANGELES', 'CASTILLO', 'F', 'castmg@yahoo.com.ar', NULL, NULL, 'BAA MARTCDN GUEMES. M. 37 CASA 2 ', 799, 3, 2, NULL, NULL, NULL, '2012-11-10 23:54:09', NULL, NULL),
	(381, '26.936.508', 'SERGIO DANIEL', 'MILONE', 'M', 'sermilone@yahoo.com.ar', NULL, NULL, '25 DE MAYO 1197', 799, 3, 2, NULL, NULL, NULL, '2012-11-10 23:54:09', NULL, NULL),
	(382, '14.148.603', 'SERGIO ALCIDES', 'BONTTI', 'M', 'sabonti@gmail.com', NULL, NULL, 'TUCUMAN 1079', 799, 3, 2, NULL, NULL, NULL, '2012-11-10 23:54:09', NULL, NULL),
	(383, '23409139', 'MARIANA VERONICA', 'CASTELLANOS', 'F', 'marianacastellanosar@yahoo.com', NULL, NULL, 'GUTIERREZ 650', 799, 3, 2, NULL, NULL, NULL, '2012-11-10 23:54:09', NULL, NULL),
	(384, '12.948.049', 'MD3NICA ALICIA', 'BRAVO', 'F', 'bioq_mbravo@yahoo.com.ar', NULL, NULL, 'RIO TUNUYC0N 3273', 799, 3, 2, NULL, NULL, NULL, '2012-11-10 23:54:09', NULL, NULL),
	(385, '29965123', 'MARIA EUGENIA', 'KORDYS', 'F', 'eugenia_mek@hotmail.com', NULL, NULL, 'SAN MARTIN 491', 799, 3, 2, NULL, NULL, NULL, '2012-11-10 23:54:09', NULL, NULL),
	(386, '12.764.754', 'EDUARDO GUIDO', 'RIZZATO', 'M', 'guidorizzato@yahoo.com.ar', NULL, NULL, 'FLORIDA 455', 799, 3, 2, NULL, NULL, NULL, '2012-11-10 23:54:09', NULL, NULL),
	(387, '28.928.470', 'PABLO LEONARDO', 'PUENTE', 'M', 'pablo_puenteago@hotmail.com', NULL, NULL, 'SAN MARTIN 548', 799, 3, 2, NULL, NULL, NULL, '2012-11-10 23:54:09', NULL, NULL),
	(388, '6.415.414', 'MARTA BEATRIZ', 'MAMANI', 'F', '(vacio)', NULL, NULL, 'SARMIENTO 776', 799, 3, 2, NULL, NULL, NULL, '2012-11-10 23:54:09', NULL, NULL),
	(389, '24.289.758', 'ARIEL FEDERICO', 'VARAS', 'M', 'ceci_rinaudo@hotmail.com', NULL, NULL, 'ADOLFO CALLE 4935', 799, 3, 2, NULL, NULL, NULL, '2012-11-10 23:54:09', NULL, NULL),
	(390, '27981133', 'NATALIA VERONICA', 'DARIO', 'F', 'natalia_dario@yahoo.com.ar', NULL, NULL, 'SAN LORENZO S/N ', 799, 3, 2, NULL, NULL, NULL, '2012-11-10 23:54:09', NULL, NULL),
	(391, '26.907.529', 'GABRIELA ANDREA', 'GUTIERREZ', 'F', 'gagu12_09@yahoo.com.ar', NULL, NULL, 'RIOJA 5240', 799, 3, 2, NULL, NULL, NULL, '2012-11-10 23:54:09', NULL, NULL),
	(392, '30.176.356', 'VERONICA RAQUEL', 'CORDOBA', 'F', 'laveritomendocina@hotmail.com', NULL, NULL, 'LOS PARAISOS 2049', 799, 3, 2, NULL, NULL, NULL, '2012-11-10 23:54:09', NULL, NULL),
	(393, '24.020.668', 'ANABELIA', 'RUIZ', 'F', 'anyruiz75@hotmail.com', NULL, NULL, 'LAS PALMERAS 3151', 799, 3, 2, NULL, NULL, NULL, '2012-11-10 23:54:09', NULL, NULL),
	(394, '30.274.651', 'ANALIA VERD3NICA', 'LOBATO', 'F', 'verolhta@gmail.com', NULL, NULL, 'BOLIVAR 3202', 799, 3, 2, NULL, NULL, NULL, '2012-11-10 23:54:09', NULL, NULL),
	(395, '24511755', 'MARIANO EZEQUIEL', 'VERA', 'M', 'veramarianoezequiel@yahoo.com.', NULL, NULL, 'COLD3N 552', 799, 3, 2, NULL, NULL, NULL, '2012-11-10 23:54:09', NULL, NULL),
	(396, '28.542473', 'DEBORA ELIANA', 'MONTIEL', 'F', 'deboramontiel@yahoo.com.ar', NULL, NULL, 'RAFAEL OBLIGADO 684', 799, 3, 2, NULL, NULL, NULL, '2012-11-10 23:54:09', NULL, NULL),
	(397, '26936640', 'MARIA NATALIA', 'FAMC1', 'F', 'natifama@live.com.ar', NULL, NULL, 'CORRIENTES 1131', 799, 3, 2, NULL, NULL, NULL, '2012-11-10 23:54:09', NULL, NULL),
	(398, '21688324', 'SILVINA', 'MARSONET', 'F', 'inamarsone@yahoo.com.ar', NULL, NULL, 'GAGLIARDI 3938', 799, 3, 2, NULL, NULL, NULL, '2012-11-10 23:54:09', NULL, NULL),
	(399, '32448084', 'MARIA DANIELA', 'MIRALLES', 'F', 'daniela_miralles02@hotmail.', NULL, NULL, 'BBA SUTE MC. C3. ', 799, 3, 2, NULL, NULL, NULL, '2012-11-10 23:54:09', NULL, NULL),
	(400, '28511484', 'MARIA LAURA', 'OLIVA', 'F', 'malaolgo@hotmail.com', NULL, NULL, 'BELTRAN 110', 799, 3, 2, NULL, NULL, NULL, '2012-11-10 23:54:09', NULL, NULL),
	(401, '', '', 'GUIRAO-PIOTANTE-MORALES', 'M', '(vacio)', NULL, NULL, ' ', 799, 3, 2, NULL, NULL, NULL, '2012-11-10 23:54:09', NULL, NULL),
	(402, '24757591', 'VIVIANA MARIELA', 'CIPOLLA', 'F', 'bibianacipolla@yahoo.com.ar', NULL, NULL, 'RUTA PROV.50 s/n', 799, 3, 2, NULL, NULL, NULL, '2012-11-10 23:54:09', NULL, NULL),
	(403, '33.131.391', 'MARIA GABRIELA', 'CHINI', 'F', 'gaby-mza87@hotmail.com', NULL, NULL, 'BBA SOLARES DE URQUIZA 2 Mna.A', 799, 3, 2, NULL, NULL, NULL, '2012-11-10 23:54:09', NULL, NULL),
	(404, '26545712', 'PABLO ARIEL', 'ASTUDILLO', 'M', 'astudillo.pa@gmail.com', NULL, NULL, 'COMODORO RIVADAVIA 448', 799, 3, 2, NULL, NULL, NULL, '2012-11-10 23:54:09', NULL, NULL),
	(405, '18.330.100', 'ALEJANDRA DEL LUJAN', 'PALOMEQUE', 'F', 'alepalomeque1@hotmail.com', NULL, NULL, 'BAA LOS SOLARES MNA. C, CSA 11 ', 799, 3, 2, NULL, NULL, NULL, '2012-11-10 23:54:09', NULL, NULL),
	(406, '29.327.312', 'VALERIA IVANA', 'MUD1OZ', 'F', 'valenstain@yahoo.com.ar', NULL, NULL, 'ITALIA 128', 799, 3, 2, NULL, NULL, NULL, '2012-11-10 23:54:09', NULL, NULL),
	(407, '10304940', 'MANUEL CARLOS', 'GARCIA', 'M', '(vacio)', NULL, NULL, '25 DE MAYO Y GRAL PAZ ', 799, 3, 2, NULL, NULL, NULL, '2012-11-10 23:54:09', NULL, NULL),
	(408, '24627738', 'JAVIER FEDERICO', 'VIRGINIO', 'M', 'javivirginio@hotmail.com', NULL, NULL, 'B MUTUAL IPF ', 799, 3, 2, NULL, NULL, NULL, '2012-11-10 23:54:09', NULL, NULL),
	(409, '23291398', 'JUAN MANUEL', 'ARAMBURO', 'M', 'jmaramburo@hotmail.com', NULL, NULL, 'CASTELAR 763', 799, 3, 2, NULL, NULL, NULL, '2012-11-10 23:54:09', NULL, NULL),
	(410, '26.792.645', 'NATALIA CAROLINA', 'PIZARRO', 'F', 'natipizarro@hotmail.com', NULL, NULL, 'PEDRO GOYENA 1533', 799, 3, 2, NULL, NULL, NULL, '2012-11-10 23:54:09', NULL, NULL),
	(411, '30.212.546', 'RODRIGO JAVIER', 'ARANCIBIA,', 'M', 'loliarancibia@hotmail.com', NULL, NULL, 'SAENZ PED1A 366', 799, 3, 2, NULL, NULL, NULL, '2012-11-10 23:54:09', NULL, NULL),
	(412, '25352598', 'ANDREA BEATRIZ', 'FERNANDEZ', 'F', 'datacomm@speedy.com.ar', NULL, NULL, 'ADOLFO CALLE 1900', 799, 3, 2, NULL, NULL, NULL, '2012-11-10 23:54:09', NULL, NULL),
	(413, '27478386', 'JOSE FERNANDO', 'BRINGA', 'M', 'fhesb15@hotmail.com', NULL, NULL, 'CORRIENTES 268', 799, 3, 2, NULL, NULL, NULL, '2012-11-10 23:54:09', NULL, NULL),
	(414, '26.298.805', 'LAURA CAROLINA', 'SCHNEEMANN', 'F', 'sc@laura.net.ar', NULL, NULL, 'DORREGO 747', 799, 3, 2, NULL, NULL, NULL, '2012-11-10 23:54:09', NULL, NULL),
	(415, '28.669494', 'MARIA SOLEDAD', 'VOLPONI', 'F', 'solevolponi@hotmail.com', NULL, NULL, 'TUCUMAN 450', 799, 3, 2, NULL, NULL, NULL, '2012-11-10 23:54:09', NULL, NULL),
	(416, '29326883', 'LUCIA BELEN', 'HERRERA', 'M', 'lucia_hz@yahoo.com.ar', NULL, NULL, 'PRIMITIVO DE LA RETA 621', 799, 3, 2, NULL, NULL, NULL, '2012-11-10 23:54:09', NULL, NULL),
	(417, '31518668', 'NOELIA GEORGIA', 'CUGLIA', 'F', 'noeliacuglia@gmail.com', NULL, NULL, 'CALLE HERNAN CORTES M c C', 799, 3, 2, NULL, NULL, NULL, '2012-11-10 23:54:09', NULL, NULL),
	(418, '30924266', 'PABLO FEDERICO', 'TORNELLO', 'M', 'pablotornello@hotmail.com', NULL, NULL, 'GODOY CRUZ 3466', 799, 3, 2, NULL, NULL, NULL, '2012-11-10 23:54:09', NULL, NULL),
	(419, '30071640', 'NADYA ESTEFANIA', 'BASTIAS', 'F', 'nadytabas@hotmail.com', NULL, NULL, 'TROPEROS MENDOCINAS 1063', 799, 3, 2, NULL, NULL, NULL, '2012-11-10 23:54:09', NULL, NULL),
	(420, '29.974.309', 'LUCIA', 'ALVAREZ', 'F', 'alvarezluci@gmail.com', NULL, NULL, 'CERRO ARCO 3130', 799, 3, 2, NULL, NULL, NULL, '2012-11-10 23:54:09', NULL, NULL),
	(421, '30987801', 'MARIA CECILIA', 'MOLTENO', 'F', 'cecimol18@hotmail.com', NULL, NULL, 'PALMA 174', 799, 3, 2, NULL, NULL, NULL, '2012-11-10 23:54:09', NULL, NULL),
	(422, '26507499', 'DIEGO LEONARDO', 'TERRAZA', 'M', '(vacio)', NULL, NULL, 'OLAVARRIA 179', 799, 3, 2, NULL, NULL, NULL, '2012-11-10 23:54:09', NULL, NULL),
	(423, '33.275.566', 'ALBERTO GERARDO', 'MANUEL', 'M', 'agmanuel@gmail.com', NULL, NULL, 'SAN MARTCDN 491', 799, 3, 2, NULL, NULL, NULL, '2012-11-10 23:54:09', NULL, NULL),
	(424, '32.503.935', 'AGUSTINA DENIS', 'SANCHEZ', 'F', 'agusanchezcolucci@hotmail.com', NULL, NULL, 'SAN MARTCDN 6700', 799, 3, 2, NULL, NULL, NULL, '2012-11-10 23:54:09', NULL, NULL),
	(425, '92.793.821', 'VERONICA', 'DI FRANCESCO', 'F', 'veritoves@hotmail.com', NULL, NULL, '9 DE JULIO 951', 799, 3, 2, NULL, NULL, NULL, '2012-11-10 23:54:09', NULL, NULL),
	(426, '20.114.550', 'LAURA SILVINA', 'MOSCETTA', 'F', 'laura_moscetta@yahoo.com.ar', NULL, NULL, 'BBA NUEVA CIUDAD. MNA.K CASA 1 ', 799, 3, 2, NULL, NULL, NULL, '2012-11-10 23:54:09', NULL, NULL),
	(630, '10254789', 'Mario ', 'Benedetti', 'M', 'mbenedetti@gmail.com', NULL, NULL, 'Montevideo 523', 799, 1, 7, NULL, NULL, '1965-05-02', '2012-11-14 12:04:59', NULL, NULL),
	(631, '12456789', 'Severino', 'Angel', 'M', 'aseverino@mtl.com', NULL, NULL, 'Capital 521', 799, 5, 5, NULL, NULL, '1956-02-02', '2012-11-15 11:49:29', NULL, NULL),
	(632, '14764685', 'Roberto Eduardo', 'Siman', 'M', '', NULL, NULL, 'Santana 475', 828, 4, 41, NULL, NULL, '1975-02-26', '2012-11-30 17:56:22', NULL, NULL),
	(633, '12458789', 'Manuel', 'Ortega', 'M', '', NULL, NULL, 'Alvear 760', 873, 1, 2, NULL, NULL, '1982-02-02', '2012-11-30 18:03:58', NULL, NULL),
	(634, '2145687', 'Gerardo', 'Miralles', 'M', '', NULL, NULL, 'Sin Vari', 843, 5, 165, NULL, NULL, '1986-05-20', '2012-11-30 18:08:16', NULL, NULL),
	(635, '21456323', 'Martin', 'Rios', 'M', '', NULL, NULL, 'Almirante Brown 380', 825, 3, 7, NULL, NULL, '1978-03-02', '2012-11-30 18:10:48', NULL, NULL),
	(636, '33998456', 'Florencia', 'Monasterio', 'F', '', NULL, NULL, '12 de Octubre', 799, 7, 24, NULL, NULL, '1989-02-10', '2012-11-30 18:15:07', NULL, NULL),
	(637, '21457896', 'Eleonora', 'Marguew', 'F', '', NULL, NULL, 'Algun Lugar', 821, 2, 3, NULL, NULL, '1978-06-05', '2012-11-30 18:18:33', NULL, NULL),
	(638, '21456321', 'Macarena', 'Maravilla', 'F', '', NULL, NULL, 'Villa Martineza', 843, 8, 3, NULL, NULL, '1995-05-05', '2012-11-30 18:20:46', NULL, NULL),
	(639, '21456321', 'Eleonora', 'Rigbi', 'F', 'gonzasiman@gmail.com', NULL, NULL, 'Martinez de rosas 785', 843, 4, 2, NULL, NULL, '1978-06-05', '2012-11-30 18:27:25', NULL, NULL),
	(640, '33897456', 'Pablo', 'Delgado', 'M', 'pablodz9@gmail.com', NULL, NULL, 'Lateral Acceso', 827, 4, 85, NULL, NULL, '2012-10-05', '2012-11-30 18:29:47', NULL, NULL),
	(641, '31412587', 'Leandro', 'Soriano', 'M', 'sorianoleandroe@gmail.com', NULL, NULL, 'San Martin', 874, 14, 148, NULL, NULL, '1986-01-20', '2012-11-30 18:31:22', NULL, NULL),
	(642, '21456852', 'Patricia ', 'Mur', 'F', 'patricia.mur@mito.com', NULL, NULL, 'San Isidro 2020', 843, 1, 1, NULL, NULL, '2012-12-11', '2012-12-01 21:00:48', NULL, NULL);
/*!40000 ALTER TABLE `persona` ENABLE KEYS */;


-- Dumping structure for table edu.persona_dictado
DROP TABLE IF EXISTS `persona_dictado`;
CREATE TABLE IF NOT EXISTS `persona_dictado` (
  `persona` bigint(20) unsigned NOT NULL,
  `dictado` bigint(20) unsigned NOT NULL,
  PRIMARY KEY (`persona`,`dictado`),
  KEY `fk_persona_dictado_dictadoprofesor_1` (`dictado`),
  CONSTRAINT `fk_persona_dictado_dictadoprofesor_1` FOREIGN KEY (`dictado`) REFERENCES `dictadoprofesor` (`id`),
  CONSTRAINT `fk_persona_dictado_persona_1` FOREIGN KEY (`persona`) REFERENCES `persona` (`id`)
) ENGINE=InnoDB DEFAULT CHARSET=utf8 COLLATE=utf8_spanish_ci;

-- Dumping data for table edu.persona_dictado: ~6 rows (approximately)
DELETE FROM `persona_dictado`;
/*!40000 ALTER TABLE `persona_dictado` DISABLE KEYS */;
INSERT INTO `persona_dictado` (`persona`, `dictado`) VALUES
	(2, 1),
	(2, 2),
	(2, 3),
	(2, 4),
	(2, 5),
	(29, 6),
	(29, 7);
/*!40000 ALTER TABLE `persona_dictado` ENABLE KEYS */;


-- Dumping structure for table edu.plandeestudio
DROP TABLE IF EXISTS `plandeestudio`;
CREATE TABLE IF NOT EXISTS `plandeestudio` (
  `id` bigint(20) unsigned NOT NULL AUTO_INCREMENT,
  `nombre` varchar(255) CHARACTER SET latin1 DEFAULT NULL,
  `descripcion` longtext COLLATE utf8_spanish_ci,
  `resolucion` int(11) DEFAULT NULL,
  `cantAños` int(11) DEFAULT NULL,
  `fechaAlta` date DEFAULT NULL,
  `fechaBaja` date DEFAULT NULL,
  `nivel` bigint(20) unsigned NOT NULL DEFAULT '3',
  PRIMARY KEY (`id`),
  KEY `FK_plandeestudio_nivel` (`nivel`),
  CONSTRAINT `FK_plandeestudio_nivel` FOREIGN KEY (`nivel`) REFERENCES `nivel` (`id`)
) ENGINE=InnoDB AUTO_INCREMENT=35 DEFAULT CHARSET=utf8 COLLATE=utf8_spanish_ci COMMENT='utf8_spanish_ci';

-- Dumping data for table edu.plandeestudio: ~33 rows (approximately)
DELETE FROM `plandeestudio`;
/*!40000 ALTER TABLE `plandeestudio` DISABLE KEYS */;
INSERT INTO `plandeestudio` (`id`, `nombre`, `descripcion`, `resolucion`, `cantAños`, `fechaAlta`, `fechaBaja`, `nivel`) VALUES
	(2, 'Economía y Gestión de las Organizaciones', '<p>\n	Algo</p>\n', 123, NULL, '2012-07-03', NULL, 3),
	(3, 'ARTES, DISEÑO Y MÚSICA', '', 4521, NULL, '2012-09-15', NULL, 1),
	(4, 'CIENCIAS DE LA COMPUTACIÓN', '', 123, NULL, '2012-09-25', '0000-00-00', 3),
	(5, 'TÉCNICO EN CONSTRUCCIONES', '', 213, NULL, '2006-11-01', '0000-00-00', 3),
	(6, 'TÉCNICO ELECTRO-MECÁNICO', '', 500231, NULL, '2012-11-14', NULL, 3),
	(7, 'CIENCIAS NATURALES, SALUD Y AMBIENTE-SALUD                                      ', NULL, NULL, NULL, NULL, NULL, 3),
	(8, 'CIENCIAS NATURALES SALUD Y AMBIENTE-CIENCIAS                                    ', NULL, NULL, NULL, NULL, NULL, 3),
	(9, 'CIENCIAS NATURALES SALUD Y AMBIENTE-NUTRICION                                   ', NULL, NULL, NULL, NULL, NULL, 3),
	(10, 'ECONOMIA Y GESTION DE LAS ORGANIZACIONES                                        ', NULL, NULL, NULL, NULL, NULL, 3),
	(11, 'CIENCIAS NATURALES SALUD Y AMBIENTE-AGROECOSISTEMAS                             ', NULL, NULL, NULL, NULL, NULL, 3),
	(12, 'CIENCIAS NATURALES SALUD Y AMBIENTE-AMBIENTE                                    ', NULL, NULL, NULL, NULL, NULL, 3),
	(13, 'COMUNICACION ARTE Y DISEÑO                                                      ', NULL, NULL, NULL, NULL, NULL, 3),
	(14, 'HUMANIDADES Y CIENCIAS SOCIALES                                                 ', NULL, NULL, NULL, NULL, NULL, 3),
	(15, 'PRODUCCION DE BIENES Y SERVICIOS                                                ', NULL, NULL, NULL, NULL, NULL, 3),
	(16, 'PROFESORADO DE EDUCACION FISICA                                                 ', NULL, NULL, NULL, NULL, NULL, 3),
	(17, 'ACCION SOCIAL - ACREDITACION SEMESTRAL                                          ', NULL, NULL, NULL, NULL, NULL, 3),
	(18, 'COMERCIALIZACION - ACREDITACION SEMESTRAL                                       ', NULL, NULL, NULL, NULL, NULL, 3),
	(19, 'ADMINISTRACION DE EMPRESAS - ACREDITACION SEMESTRAL                             ', NULL, NULL, NULL, NULL, NULL, 3),
	(20, 'RELACIONES HUMANAS                                                              ', NULL, NULL, NULL, NULL, NULL, 3),
	(21, 'COMUNICACION SOCIAL                                                             ', NULL, NULL, NULL, NULL, NULL, 3),
	(22, 'RELACIONES DE TRABAJO E HIGIENE LABORAL                                         ', NULL, NULL, NULL, NULL, NULL, 3),
	(23, 'GESTION PENITENCIARIA                                                           ', NULL, NULL, NULL, NULL, NULL, 3),
	(24, 'RECURSOS NATURALES                                                              ', NULL, NULL, NULL, NULL, NULL, 3),
	(25, 'ADMINISTRACION PUBLICA MUNICIPAL                                                ', NULL, NULL, NULL, NULL, NULL, 3),
	(26, 'ACCION SOCIAL                                                                   ', NULL, NULL, NULL, NULL, NULL, 3),
	(27, 'COMERCIALIZACION                                                                ', NULL, NULL, NULL, NULL, NULL, 3),
	(28, 'ADMINISTRACIÓN DE EMPRESAS                                                      ', NULL, NULL, NULL, NULL, NULL, 3),
	(29, 'ADMINISTRACION PUBLICA                                                          ', NULL, NULL, NULL, NULL, NULL, 3),
	(30, 'AGRO-INDUSTRIAL                                                                 ', NULL, NULL, NULL, NULL, NULL, 3),
	(31, 'BACHILLERATO - PLAN ANTERIOR                                                    ', NULL, NULL, NULL, NULL, NULL, 3),
	(32, 'ADMINISTRATIVO CONTABLE - PLAN ANTERIOR                                         ', NULL, NULL, NULL, NULL, NULL, 3),
	(33, 'PROFESORADO DE EDUCACION FISICA - PLAN ANTERIOR                                 ', NULL, NULL, NULL, NULL, NULL, 3),
	(34, 'HIGIENE Y SEGURIDAD  LABORAL                                                    ', NULL, NULL, NULL, NULL, NULL, 3);
/*!40000 ALTER TABLE `plandeestudio` ENABLE KEYS */;


-- Dumping structure for table edu.planestudio_materia
DROP TABLE IF EXISTS `planestudio_materia`;
CREATE TABLE IF NOT EXISTS `planestudio_materia` (
  `planestudio` bigint(20) unsigned NOT NULL,
  `materia` bigint(20) unsigned NOT NULL,
  PRIMARY KEY (`planestudio`,`materia`),
  KEY `materia_id` (`materia`),
  CONSTRAINT `materia_id` FOREIGN KEY (`materia`) REFERENCES `materia` (`id`) ON DELETE CASCADE ON UPDATE CASCADE,
  CONSTRAINT `planestudio_id` FOREIGN KEY (`planestudio`) REFERENCES `plandeestudio` (`id`) ON DELETE CASCADE ON UPDATE CASCADE
) ENGINE=InnoDB DEFAULT CHARSET=utf8 COLLATE=utf8_spanish_ci;

-- Dumping data for table edu.planestudio_materia: ~1.023 rows (approximately)
DELETE FROM `planestudio_materia`;
/*!40000 ALTER TABLE `planestudio_materia` DISABLE KEYS */;
INSERT INTO `planestudio_materia` (`planestudio`, `materia`) VALUES
	(3, 3),
	(4, 3),
	(5, 3),
	(6, 3),
	(17, 3),
	(18, 3),
	(19, 3),
	(20, 3),
	(21, 3),
	(22, 3),
	(23, 3),
	(24, 3),
	(25, 3),
	(26, 3),
	(27, 3),
	(28, 3),
	(29, 3),
	(31, 3),
	(32, 3),
	(3, 4),
	(4, 4),
	(5, 4),
	(6, 4),
	(17, 4),
	(18, 4),
	(19, 4),
	(20, 4),
	(21, 4),
	(22, 4),
	(23, 4),
	(24, 4),
	(25, 4),
	(26, 4),
	(27, 4),
	(28, 4),
	(29, 4),
	(30, 4),
	(2, 8),
	(7, 8),
	(8, 8),
	(9, 8),
	(10, 8),
	(11, 8),
	(12, 8),
	(13, 8),
	(14, 8),
	(15, 8),
	(2, 9),
	(7, 9),
	(8, 9),
	(9, 9),
	(10, 9),
	(11, 9),
	(12, 9),
	(13, 9),
	(14, 9),
	(15, 9),
	(2, 10),
	(7, 10),
	(8, 10),
	(9, 10),
	(10, 10),
	(11, 10),
	(12, 10),
	(13, 10),
	(14, 10),
	(15, 10),
	(2, 11),
	(7, 11),
	(8, 11),
	(9, 11),
	(10, 11),
	(11, 11),
	(12, 11),
	(13, 11),
	(14, 11),
	(15, 11),
	(2, 12),
	(7, 12),
	(8, 12),
	(9, 12),
	(10, 12),
	(11, 12),
	(12, 12),
	(13, 12),
	(14, 12),
	(15, 12),
	(2, 13),
	(7, 13),
	(8, 13),
	(9, 13),
	(10, 13),
	(11, 13),
	(12, 13),
	(13, 13),
	(14, 13),
	(15, 13),
	(2, 14),
	(7, 14),
	(8, 14),
	(9, 14),
	(10, 14),
	(11, 14),
	(12, 14),
	(13, 14),
	(14, 14),
	(15, 14),
	(2, 15),
	(7, 15),
	(8, 15),
	(9, 15),
	(10, 15),
	(11, 15),
	(12, 15),
	(13, 15),
	(14, 15),
	(15, 15),
	(2, 16),
	(7, 16),
	(8, 16),
	(9, 16),
	(10, 16),
	(11, 16),
	(12, 16),
	(13, 16),
	(14, 16),
	(15, 16),
	(2, 17),
	(7, 17),
	(8, 17),
	(9, 17),
	(10, 17),
	(11, 17),
	(12, 17),
	(13, 17),
	(14, 17),
	(15, 17),
	(2, 18),
	(3, 18),
	(4, 18),
	(5, 18),
	(6, 18),
	(10, 18),
	(13, 18),
	(14, 18),
	(17, 18),
	(18, 18),
	(19, 18),
	(20, 18),
	(21, 18),
	(22, 18),
	(23, 18),
	(24, 18),
	(25, 18),
	(26, 18),
	(27, 18),
	(28, 18),
	(29, 18),
	(30, 18),
	(2, 19),
	(10, 19),
	(13, 19),
	(14, 19),
	(13, 20),
	(14, 20),
	(2, 21),
	(7, 21),
	(8, 21),
	(9, 21),
	(10, 21),
	(11, 21),
	(12, 21),
	(13, 21),
	(15, 21),
	(31, 21),
	(13, 22),
	(14, 22),
	(15, 22),
	(13, 23),
	(14, 23),
	(31, 23),
	(7, 24),
	(8, 24),
	(9, 24),
	(11, 24),
	(12, 24),
	(13, 24),
	(13, 25),
	(7, 26),
	(8, 26),
	(9, 26),
	(11, 26),
	(12, 26),
	(13, 26),
	(15, 26),
	(7, 27),
	(8, 27),
	(9, 27),
	(11, 27),
	(12, 27),
	(13, 27),
	(15, 27),
	(13, 28),
	(2, 29),
	(7, 29),
	(8, 29),
	(9, 29),
	(10, 29),
	(11, 29),
	(12, 29),
	(13, 29),
	(14, 29),
	(15, 29),
	(2, 30),
	(7, 30),
	(8, 30),
	(9, 30),
	(10, 30),
	(11, 30),
	(12, 30),
	(13, 30),
	(14, 30),
	(15, 30),
	(2, 31),
	(7, 31),
	(8, 31),
	(9, 31),
	(10, 31),
	(11, 31),
	(12, 31),
	(13, 31),
	(14, 31),
	(15, 31),
	(2, 32),
	(7, 32),
	(8, 32),
	(9, 32),
	(10, 32),
	(11, 32),
	(12, 32),
	(13, 32),
	(14, 32),
	(15, 32),
	(2, 33),
	(7, 33),
	(8, 33),
	(9, 33),
	(10, 33),
	(11, 33),
	(12, 33),
	(13, 33),
	(14, 33),
	(15, 33),
	(7, 34),
	(8, 34),
	(9, 34),
	(11, 34),
	(12, 34),
	(13, 34),
	(14, 34),
	(15, 34),
	(2, 35),
	(7, 35),
	(8, 35),
	(9, 35),
	(10, 35),
	(11, 35),
	(12, 35),
	(13, 35),
	(14, 35),
	(15, 35),
	(2, 36),
	(7, 36),
	(8, 36),
	(9, 36),
	(10, 36),
	(11, 36),
	(12, 36),
	(13, 36),
	(14, 36),
	(15, 36),
	(2, 37),
	(7, 37),
	(8, 37),
	(9, 37),
	(10, 37),
	(11, 37),
	(12, 37),
	(13, 37),
	(14, 37),
	(15, 37),
	(13, 38),
	(13, 40),
	(13, 41),
	(13, 42),
	(7, 43),
	(8, 43),
	(9, 43),
	(11, 43),
	(12, 43),
	(13, 43),
	(14, 43),
	(13, 44),
	(18, 44),
	(19, 44),
	(20, 44),
	(21, 44),
	(22, 44),
	(23, 44),
	(24, 44),
	(25, 44),
	(26, 44),
	(27, 44),
	(28, 44),
	(29, 44),
	(30, 44),
	(31, 44),
	(32, 44),
	(16, 45),
	(16, 46),
	(16, 47),
	(16, 48),
	(16, 49),
	(16, 50),
	(16, 51),
	(16, 52),
	(16, 53),
	(16, 54),
	(16, 55),
	(16, 56),
	(3, 57),
	(4, 57),
	(5, 57),
	(6, 57),
	(17, 57),
	(18, 57),
	(19, 57),
	(20, 57),
	(21, 57),
	(22, 57),
	(23, 57),
	(24, 57),
	(25, 57),
	(26, 57),
	(27, 57),
	(28, 57),
	(29, 57),
	(30, 57),
	(3, 58),
	(4, 58),
	(5, 58),
	(6, 58),
	(17, 58),
	(18, 58),
	(19, 58),
	(20, 58),
	(21, 58),
	(22, 58),
	(23, 58),
	(24, 58),
	(25, 58),
	(26, 58),
	(27, 58),
	(28, 58),
	(29, 58),
	(30, 58),
	(3, 59),
	(4, 59),
	(5, 59),
	(6, 59),
	(17, 59),
	(18, 59),
	(19, 59),
	(20, 59),
	(21, 59),
	(22, 59),
	(23, 59),
	(24, 59),
	(25, 59),
	(26, 59),
	(27, 59),
	(28, 59),
	(29, 59),
	(30, 59),
	(3, 60),
	(4, 60),
	(5, 60),
	(6, 60),
	(17, 60),
	(18, 60),
	(19, 60),
	(20, 60),
	(21, 60),
	(22, 60),
	(23, 60),
	(24, 60),
	(25, 60),
	(26, 60),
	(27, 60),
	(28, 60),
	(29, 60),
	(30, 60),
	(3, 61),
	(4, 61),
	(5, 61),
	(6, 61),
	(17, 61),
	(18, 61),
	(19, 61),
	(20, 61),
	(21, 61),
	(22, 61),
	(23, 61),
	(24, 61),
	(25, 61),
	(26, 61),
	(27, 61),
	(28, 61),
	(29, 61),
	(30, 61),
	(2, 62),
	(3, 62),
	(4, 62),
	(5, 62),
	(6, 62),
	(10, 62),
	(13, 62),
	(14, 62),
	(17, 62),
	(18, 62),
	(19, 62),
	(20, 62),
	(21, 62),
	(22, 62),
	(23, 62),
	(24, 62),
	(25, 62),
	(26, 62),
	(27, 62),
	(28, 62),
	(29, 62),
	(30, 62),
	(20, 63),
	(21, 63),
	(22, 63),
	(23, 63),
	(24, 63),
	(25, 63),
	(26, 63),
	(27, 63),
	(28, 63),
	(29, 63),
	(30, 63),
	(18, 64),
	(19, 64),
	(20, 64),
	(21, 64),
	(22, 64),
	(23, 64),
	(24, 64),
	(25, 64),
	(26, 64),
	(27, 64),
	(28, 64),
	(30, 64),
	(31, 64),
	(18, 65),
	(19, 65),
	(20, 65),
	(21, 65),
	(22, 65),
	(23, 65),
	(24, 65),
	(25, 65),
	(26, 65),
	(27, 65),
	(28, 65),
	(30, 65),
	(31, 65),
	(3, 66),
	(4, 66),
	(5, 66),
	(6, 66),
	(17, 66),
	(18, 66),
	(19, 66),
	(20, 66),
	(21, 66),
	(22, 66),
	(23, 66),
	(24, 66),
	(25, 66),
	(26, 66),
	(27, 66),
	(28, 66),
	(29, 66),
	(30, 66),
	(3, 67),
	(4, 67),
	(5, 67),
	(6, 67),
	(17, 67),
	(18, 67),
	(19, 67),
	(20, 67),
	(21, 67),
	(22, 67),
	(23, 67),
	(24, 67),
	(25, 67),
	(26, 67),
	(27, 67),
	(28, 67),
	(29, 67),
	(30, 67),
	(3, 68),
	(4, 68),
	(5, 68),
	(6, 68),
	(17, 68),
	(18, 68),
	(19, 68),
	(20, 68),
	(21, 68),
	(22, 68),
	(23, 68),
	(24, 68),
	(25, 68),
	(26, 68),
	(27, 68),
	(28, 68),
	(29, 68),
	(30, 68),
	(3, 69),
	(4, 69),
	(5, 69),
	(6, 69),
	(17, 69),
	(18, 69),
	(19, 69),
	(20, 69),
	(21, 69),
	(22, 69),
	(23, 69),
	(24, 69),
	(25, 69),
	(26, 69),
	(27, 69),
	(28, 69),
	(29, 69),
	(30, 69),
	(18, 70),
	(19, 70),
	(20, 70),
	(21, 70),
	(22, 70),
	(24, 70),
	(25, 70),
	(26, 70),
	(27, 70),
	(28, 70),
	(29, 70),
	(30, 70),
	(18, 71),
	(19, 71),
	(20, 71),
	(21, 71),
	(22, 71),
	(24, 71),
	(25, 71),
	(26, 71),
	(27, 71),
	(28, 71),
	(29, 71),
	(30, 71),
	(14, 72),
	(18, 72),
	(19, 72),
	(20, 72),
	(21, 72),
	(22, 72),
	(23, 72),
	(24, 72),
	(25, 72),
	(26, 72),
	(27, 72),
	(28, 72),
	(29, 72),
	(30, 72),
	(30, 73),
	(30, 74),
	(30, 75),
	(30, 76),
	(30, 77),
	(30, 78),
	(30, 79),
	(30, 80),
	(30, 81),
	(30, 82),
	(30, 83),
	(24, 84),
	(30, 84),
	(30, 85),
	(30, 86),
	(3, 87),
	(4, 87),
	(5, 87),
	(6, 87),
	(17, 87),
	(18, 87),
	(19, 87),
	(20, 87),
	(21, 87),
	(22, 87),
	(23, 87),
	(24, 87),
	(25, 87),
	(26, 87),
	(27, 87),
	(28, 87),
	(29, 87),
	(31, 87),
	(32, 87),
	(3, 88),
	(4, 88),
	(5, 88),
	(6, 88),
	(17, 88),
	(18, 88),
	(19, 88),
	(20, 88),
	(21, 88),
	(22, 88),
	(23, 88),
	(24, 88),
	(25, 88),
	(26, 88),
	(27, 88),
	(28, 88),
	(29, 88),
	(31, 88),
	(32, 88),
	(3, 89),
	(4, 89),
	(5, 89),
	(6, 89),
	(17, 89),
	(18, 89),
	(19, 89),
	(20, 89),
	(21, 89),
	(22, 89),
	(23, 89),
	(24, 89),
	(25, 89),
	(26, 89),
	(27, 89),
	(28, 89),
	(29, 89),
	(31, 89),
	(32, 89),
	(27, 90),
	(28, 90),
	(27, 91),
	(28, 91),
	(18, 92),
	(19, 92),
	(27, 92),
	(28, 92),
	(29, 92),
	(18, 93),
	(19, 93),
	(22, 93),
	(27, 93),
	(28, 93),
	(29, 93),
	(18, 94),
	(19, 94),
	(22, 94),
	(27, 94),
	(28, 94),
	(19, 95),
	(28, 95),
	(3, 96),
	(4, 96),
	(5, 96),
	(6, 96),
	(17, 96),
	(18, 96),
	(19, 96),
	(28, 96),
	(31, 96),
	(18, 97),
	(19, 97),
	(25, 97),
	(29, 97),
	(18, 98),
	(19, 98),
	(25, 98),
	(29, 98),
	(18, 99),
	(19, 99),
	(25, 99),
	(29, 99),
	(29, 100),
	(29, 101),
	(23, 102),
	(25, 102),
	(29, 102),
	(23, 103),
	(25, 103),
	(29, 103),
	(25, 104),
	(29, 104),
	(25, 105),
	(29, 105),
	(25, 106),
	(29, 106),
	(18, 107),
	(27, 107),
	(26, 108),
	(26, 109),
	(26, 110),
	(26, 111),
	(26, 112),
	(26, 113),
	(3, 114),
	(4, 114),
	(5, 114),
	(6, 114),
	(17, 114),
	(26, 114),
	(3, 115),
	(4, 115),
	(5, 115),
	(6, 115),
	(17, 115),
	(26, 115),
	(26, 116),
	(24, 117),
	(24, 118),
	(24, 119),
	(24, 120),
	(24, 121),
	(30, 121),
	(24, 122),
	(24, 123),
	(24, 124),
	(23, 125),
	(23, 126),
	(23, 127),
	(23, 128),
	(23, 129),
	(23, 130),
	(23, 131),
	(23, 132),
	(23, 133),
	(22, 134),
	(22, 135),
	(22, 136),
	(22, 137),
	(34, 137),
	(22, 138),
	(34, 138),
	(22, 139),
	(34, 139),
	(20, 140),
	(20, 141),
	(20, 142),
	(20, 143),
	(20, 144),
	(20, 145),
	(20, 146),
	(3, 147),
	(4, 147),
	(5, 147),
	(6, 147),
	(17, 147),
	(18, 147),
	(19, 147),
	(28, 147),
	(31, 147),
	(3, 148),
	(4, 148),
	(5, 148),
	(6, 148),
	(17, 148),
	(14, 149),
	(14, 150),
	(7, 151),
	(8, 151),
	(9, 151),
	(11, 151),
	(12, 151),
	(14, 151),
	(15, 151),
	(7, 152),
	(8, 152),
	(9, 152),
	(11, 152),
	(12, 152),
	(14, 152),
	(15, 152),
	(14, 153),
	(15, 153),
	(14, 154),
	(15, 154),
	(14, 155),
	(14, 156),
	(2, 157),
	(10, 157),
	(14, 157),
	(14, 158),
	(14, 159),
	(14, 160),
	(7, 161),
	(8, 161),
	(9, 161),
	(11, 161),
	(12, 161),
	(15, 161),
	(7, 162),
	(8, 162),
	(9, 162),
	(11, 162),
	(12, 162),
	(15, 162),
	(2, 163),
	(7, 163),
	(8, 163),
	(9, 163),
	(10, 163),
	(11, 163),
	(12, 163),
	(15, 163),
	(31, 163),
	(15, 164),
	(2, 165),
	(10, 165),
	(15, 165),
	(2, 166),
	(10, 166),
	(15, 166),
	(15, 167),
	(2, 168),
	(7, 168),
	(8, 168),
	(9, 168),
	(10, 168),
	(11, 168),
	(12, 168),
	(15, 168),
	(15, 169),
	(15, 170),
	(2, 171),
	(10, 171),
	(2, 172),
	(10, 172),
	(2, 173),
	(10, 173),
	(2, 174),
	(10, 174),
	(2, 175),
	(10, 175),
	(2, 176),
	(10, 176),
	(2, 177),
	(10, 177),
	(2, 178),
	(10, 178),
	(2, 179),
	(10, 179),
	(2, 180),
	(10, 180),
	(7, 181),
	(8, 181),
	(9, 181),
	(11, 181),
	(12, 181),
	(8, 182),
	(12, 182),
	(7, 183),
	(8, 183),
	(9, 183),
	(11, 183),
	(12, 183),
	(7, 184),
	(8, 184),
	(9, 184),
	(11, 184),
	(12, 184),
	(7, 185),
	(8, 185),
	(9, 185),
	(11, 185),
	(12, 185),
	(7, 186),
	(8, 186),
	(9, 186),
	(11, 186),
	(12, 186),
	(16, 187),
	(16, 188),
	(16, 189),
	(16, 190),
	(16, 191),
	(16, 192),
	(16, 193),
	(16, 194),
	(16, 195),
	(16, 196),
	(16, 197),
	(16, 198),
	(16, 199),
	(16, 200),
	(16, 201),
	(16, 202),
	(16, 203),
	(13, 204),
	(18, 204),
	(19, 204),
	(20, 204),
	(21, 204),
	(22, 204),
	(23, 204),
	(24, 204),
	(25, 204),
	(26, 204),
	(27, 204),
	(28, 204),
	(29, 204),
	(30, 204),
	(31, 204),
	(32, 204),
	(31, 205),
	(32, 205),
	(3, 206),
	(4, 206),
	(5, 206),
	(6, 206),
	(17, 206),
	(18, 206),
	(19, 206),
	(20, 206),
	(21, 206),
	(22, 206),
	(23, 206),
	(24, 206),
	(25, 206),
	(26, 206),
	(27, 206),
	(28, 206),
	(29, 206),
	(31, 206),
	(32, 206),
	(31, 207),
	(32, 207),
	(32, 208),
	(13, 209),
	(14, 209),
	(31, 209),
	(2, 210),
	(7, 210),
	(8, 210),
	(9, 210),
	(10, 210),
	(11, 210),
	(12, 210),
	(15, 210),
	(31, 210),
	(2, 211),
	(7, 211),
	(8, 211),
	(9, 211),
	(10, 211),
	(11, 211),
	(12, 211),
	(13, 211),
	(15, 211),
	(31, 211),
	(31, 212),
	(18, 213),
	(19, 213),
	(20, 213),
	(21, 213),
	(22, 213),
	(23, 213),
	(24, 213),
	(25, 213),
	(26, 213),
	(27, 213),
	(28, 213),
	(30, 213),
	(31, 213),
	(3, 214),
	(4, 214),
	(5, 214),
	(6, 214),
	(17, 214),
	(18, 214),
	(19, 214),
	(28, 214),
	(31, 214),
	(16, 215),
	(16, 216),
	(16, 217),
	(33, 218),
	(33, 219),
	(33, 220),
	(33, 221),
	(33, 222),
	(33, 223),
	(33, 224),
	(33, 225),
	(33, 226),
	(33, 227),
	(33, 228),
	(34, 229),
	(34, 230),
	(34, 231),
	(34, 232),
	(34, 233),
	(34, 234);
/*!40000 ALTER TABLE `planestudio_materia` ENABLE KEYS */;


-- Dumping structure for table edu.pregunta
DROP TABLE IF EXISTS `pregunta`;
CREATE TABLE IF NOT EXISTS `pregunta` (
  `id` bigint(20) unsigned NOT NULL AUTO_INCREMENT,
  `titulo` varchar(255) CHARACTER SET latin1 DEFAULT NULL,
  `numero` int(11) DEFAULT NULL,
  `examen` bigint(20) unsigned NOT NULL,
  PRIMARY KEY (`id`),
  KEY `fk_pregunta_examen_1` (`examen`),
  CONSTRAINT `fk_pregunta_examen_1` FOREIGN KEY (`examen`) REFERENCES `examen` (`id`)
) ENGINE=InnoDB AUTO_INCREMENT=6 DEFAULT CHARSET=utf8 COLLATE=utf8_spanish_ci;

-- Dumping data for table edu.pregunta: ~5 rows (approximately)
DELETE FROM `pregunta`;
/*!40000 ALTER TABLE `pregunta` DISABLE KEYS */;
INSERT INTO `pregunta` (`id`, `titulo`, `numero`, `examen`) VALUES
	(1, 'Primera pregunta nueva', 1, 1),
	(2, 'Segunda pregunta nueva', 1, 1),
	(3, 'Tercera pregunta nueva', 1, 1),
	(4, 'segunda pregunta nueva', 1, 2),
	(5, 'primera pregunta nueva', 1, 2);
/*!40000 ALTER TABLE `pregunta` ENABLE KEYS */;


-- Dumping structure for table edu.publicmateria
DROP TABLE IF EXISTS `publicmateria`;
CREATE TABLE IF NOT EXISTS `publicmateria` (
  `id` bigint(20) unsigned NOT NULL AUTO_INCREMENT,
  `descripcion` longtext CHARACTER SET latin1,
  `fechaAlta` datetime DEFAULT NULL,
  `fechaBaja` datetime DEFAULT NULL,
  `titulo` varchar(255) CHARACTER SET latin1 DEFAULT NULL,
  `cursado` bigint(20) unsigned NOT NULL,
  PRIMARY KEY (`id`),
  KEY `fk_publicmateria_cursado_1` (`cursado`),
  CONSTRAINT `fk_publicmateria_cursado_1` FOREIGN KEY (`cursado`) REFERENCES `cursado` (`id`)
) ENGINE=InnoDB AUTO_INCREMENT=4 DEFAULT CHARSET=utf8 COLLATE=utf8_spanish_ci;

-- Dumping data for table edu.publicmateria: ~3 rows (approximately)
DELETE FROM `publicmateria`;
/*!40000 ALTER TABLE `publicmateria` DISABLE KEYS */;
INSERT INTO `publicmateria` (`id`, `descripcion`, `fechaAlta`, `fechaBaja`, `titulo`, `cursado`) VALUES
	(1, '<p style="margin-bottom: 1em; margin-top: 0em; color: rgb(0, 0, 0); font-family: Arial, Helvetica, Geneva, sans-serif; font-size: 14.399999618530273px; font-style: normal; font-variant: normal; font-weight: normal; letter-spacing: normal; line-height: 21.560001373291016px; orphans: 2; text-align: justify; text-indent: 0px; text-transform: none; white-space: normal; widows: 2; word-spacing: 0px; -webkit-text-size-adjust: auto; -webkit-text-stroke-width: 0px; background-color: rgb(249, 250, 252); ">Este punto de vista es<span class="Apple-converted-space">&nbsp;</span><a href="http://architects.dzone.com/articles/unit-tests-dont-find-bugs" style="text-decoration: none; color: rgb(8, 154, 250); ">el que defiende Shannon Behrens</a><span class="Apple-converted-space">&nbsp;</span>en una entrada en Dzone. Según él, una de las lecciones que ha aprendido haciendo TDD es que<strong>los test no sirven realmente para encontrar bugs</strong>; esto es imposible porque la primera vez que estás escribiendo el código tú no sabes cómo ese código se va a usar, y no vas a ser capaz de crear los test adecuados.</p><p style="margin-bottom: 1em; margin-top: 0em; color: rgb(0, 0, 0); font-family: Arial, Helvetica, Geneva, sans-serif; font-size: 14.399999618530273px; font-style: normal; font-variant: normal; font-weight: normal; letter-spacing: normal; line-height: 21.560001373291016px; orphans: 2; text-align: justify; text-indent: 0px; text-transform: none; white-space: normal; widows: 2; word-spacing: 0px; -webkit-text-size-adjust: auto; -webkit-text-stroke-width: 0px; background-color: rgb(249, 250, 252); ">Shannon describe su experiencia con TDD: al principio hacía muchos test que él consideraba muy buenos, y al final no tenía tiempo ni energía para hacer mucho QA, pero pensaba que no era necesario por los test. Pero después su jefe encontraba un montón de bugs en el código porque lo usaba de formas que él no había previsto.</p>', '2012-10-31 18:35:47', NULL, 'Los test de unidad no encuentran bugs, sólo encuentran regresiones', 31),
	(2, '<p style="margin-bottom: 1em; margin-top: 0em; color: rgb(0, 0, 0); font-family: Arial, Helvetica, Geneva, sans-serif; font-size: 14.399999618530273px; font-style: normal; font-variant: normal; font-weight: normal; letter-spacing: normal; line-height: 21.560001373291016px; orphans: 2; text-align: justify; text-indent: 0px; text-transform: none; white-space: normal; widows: 2; word-spacing: 0px; -webkit-text-size-adjust: auto; -webkit-text-stroke-width: 0px; background-color: rgb(249, 250, 252); "><a href="http://www.javahispano.org/antiguo_javahispano_org/2011/1/23/nuevo-proyecto-de-eclipse-foundation-orion-platform.html" style="text-decoration: none; color: rgb(8, 154, 250); ">Hace 18 meses Eclipse Foundation anunció Orion Platform</a>. Este proyecto consiste en una<span class="Apple-converted-space">&nbsp;</span><strong>base de código totalmente distinta del Eclipse</strong>&nbsp;IDE de escritorio. Su propósito es construir un<span class="Apple-converted-space">&nbsp;</span><span class="caps">IDE<span class="Apple-converted-space">&nbsp;</span></span>que se ejecute dentro de un navegador web. Se trata de un<span class="Apple-converted-space">&nbsp;</span><span class="caps">IDE<span class="Apple-converted-space">&nbsp;</span></span>con una parte cliente implementada en<span class="Apple-converted-space">&nbsp;</span><span class="caps">HTML<span class="Apple-converted-space">&nbsp;</span></span>y JavaScript y una parte servidor basada en<span class="Apple-converted-space">&nbsp;</span><span class="caps">OSGI</span>y corriendo sobre Jetty. Ahora<span class="Apple-converted-space">&nbsp;</span><a href="http://eclipse.org/orion/" style="text-decoration: none; color: rgb(8, 154, 250); ">acaban de anunciar la versión 1.0</a>, la pridxxmera versión estable.</p><p style="margin-bottom: 1em; margin-top: 0em; color: rgb(0, 0, 0); font-family: Arial, Helvetica, Geneva, sans-serif; font-size: 14.399999618530273px; font-style: normal; font-variant: normal; font-weight: normal; letter-spacing: normal; line-height: 21.560001373291016px; orphans: 2; text-align: justify; text-indent: 0px; text-transform: none; white-space: normal; widows: 2; word-spacing: 0px; -webkit-text-size-adjust: auto; -webkit-text-stroke-width: 0px; background-color: rgb(249, 250, 252); ">El propósito de Orion es crear un&nbsp;<span class="caps">IDE que&nbsp;</span>se comporte como una aplicación web, y no construir una réplica de cada pieza de funcionalidad de Eclipse en el navegador web. Por ejemplo, distintos archivos o distintas operaciones pueden ser llevadas a cabo en distintas lengüetas del navegador web. Y los enlaces a las distintas partes del<span class="Apple-converted-space">&nbsp;</span><span class="caps">IDE</span>pueden compartirse.</p>', '2012-10-31 18:36:47', NULL, 'Eclipse Orion 1.0: Eclipse se convierte en una aplicación web', 31),
	(3, 'Primera Novedad<br/>', '2012-11-06 17:42:10', NULL, 'Primer Publicacion', 35);
/*!40000 ALTER TABLE `publicmateria` ENABLE KEYS */;


-- Dumping structure for table edu.recurso
DROP TABLE IF EXISTS `recurso`;
CREATE TABLE IF NOT EXISTS `recurso` (
  `id` bigint(20) unsigned NOT NULL AUTO_INCREMENT,
  `nombre` varchar(255) CHARACTER SET latin1 DEFAULT NULL,
  `descripcion` longtext CHARACTER SET latin1,
  `fechaAlta` datetime DEFAULT NULL,
  `fechaBaja` datetime DEFAULT NULL,
  `cursado` bigint(20) unsigned NOT NULL,
  `file` longblob,
  `nombreRecurso` varchar(255) COLLATE utf8_spanish_ci DEFAULT NULL,
  `tamRecurso` bigint(20) DEFAULT NULL,
  `tipo` varchar(255) COLLATE utf8_spanish_ci DEFAULT NULL,
  PRIMARY KEY (`id`),
  KEY `fk_recurso_cursado_1` (`cursado`),
  CONSTRAINT `fk_recurso_cursado_1` FOREIGN KEY (`cursado`) REFERENCES `cursado` (`id`)
) ENGINE=InnoDB AUTO_INCREMENT=3 DEFAULT CHARSET=utf8 COLLATE=utf8_spanish_ci;

-- Dumping data for table edu.recurso: ~2 rows (approximately)
DELETE FROM `recurso`;
/*!40000 ALTER TABLE `recurso` DISABLE KEYS */;
INSERT INTO `recurso` (`id`, `nombre`, `descripcion`, `fechaAlta`, `fechaBaja`, `cursado`, `file`, `nombreRecurso`, `tamRecurso`, `tipo`) VALUES
	(1, 'Primer Recurso', 'Primer Recurso<br/>', '2012-10-31 18:39:49', NULL, 31, _binary 0x504B0304140000000800EFBFBD524541EFBFBDEFBFBDEFBFBDEFBFBD0700000005000000040000006C6F636B33EFBFBD3035620000504B0304140000000800EFBFBD524541EFBFBDEFBFBD577EEFBFBD6D0000EFBFBD670E0010000000646F63756D656E742E6D77622E786D6CEFBFBD6BEFBFBDEFBFBD36EFBFBDEFBFBDEFBFBD7DEFBFBD57EFBFBDEFBFBD4CEFBFBDEFBFBD03EFBFBD2009CE9EEFBFBD2AEFBFBDEFBFBD2EEFBFBD1B3BD9B633EFBFBD4F5D200076184B620F25EFBFBD30EFBFBD7EEFBFBD7D565B2D1E00EFBFBD0079EFBFBDEFBFBD49EFBFBD1C411409EFBFBD021EEFBFBDEFBFBDEFBFBDEFBFBDEFBFBDEFBFBDEFBFBDEFBFBD5CEFBFBDEFBFBD5957EFBFBD5CEFBFBDEFBFBDEFBFBD2979EFBFBDEFBFBD7F5362237E38EFBFBD366779592DEFBFBDEFBFBDDF9FEFBFBDEFBFBD2F7E50EFBFBDEFBFBD2EEFBFBD6A73EFBFBDEFBFBD76EFBFBDEFBFBDEFBFBDEFBFBDEFBFBD6F1FEFBFBDEFBFBD5F7FEFBFBD65EFBFBD29EFBFBD2BEFBFBDEFBFBD0F6F4BEFBFBD174FEFBFBD37C69EEFBFBD4FEFBFBDEFBFBD1F7EEFBFBDEFBFBD62EFBFBDEFBFBD3F5CEFBFBDEFBFBDEFBFBDEFBFBDEFBFBD72EFBFBDEFBFBDEFBFBDEFBFBDEFBFBDEFBFBDEFBFBD4F2BEFBFBDEFBFBD5FEFBFBD72EFBFBDEFBFBDEFBFBD57EFBFBD1FEFBFBDEFBFBD42EFBFBDEFBFBD64EFBFBD0EEFBFBDEFBFBD50EFBFBD1404EFBFBDEFBFBDEFBFBD66EFBFBDEFBFBD10EFBFBD6840EFBFBDEFBFBD21EFBFBD6D4AEFBFBDEFBFBDEFBFBDEFBFBD76EFBFBDEFBFBD4FEFBFBDEFBFBD2408EFBFBD2C4FEFBFBDEFBFBDEFBFBDEFBFBD7705EFBFBDEFBFBD62EFBFBDEFBFBDEFBFBDEFBFBD5C5F06EFBFBD24EFBFBD7F1939EFBFBDEFBFBDEFBFBD497DEFBFBD3EEFBFBD6FEFBFBDEFBFBDEFBFBDE9AB96EFBFBDEFBFBDEFBFBDEFBFBDEFBFBDEFBFBD2E36EFBFBD59EFBFBD1E11291DEFBFBDEFBFBD2D5757EFBFBD28EFBFBDEFBFBDEFBFBDEFBFBD72EFBFBDEFBFBDEFBFBDEFBFBD4FEFBFBDEFBFBDEFBFBDEFBFBDD5966FEFBFBD10EFBFBD585E5FEFBFBDEFBFBDEFBFBD6DEFBFBDEFBFBDEFBFBD47EFBFBDEFBFBDEFBFBD422AEFBFBDEFBFBD025534EFBFBD75EFBFBD5EEFBFBD5D6FEFBFBDE5ABBA7B1C78777DEFBFBD493EEFBFBDEFBFBDEFBFBDEFBFBD79EFBFBD5654EFBFBD7475EFBFBDEFBFBDEFBFBD5F5AEFBFBD58EFBFBDEFBFBDEFBFBDD4BDEFBFBDEFBFBD5EEFBFBDEFBFBD0717EFBFBDEFBFBDEFBFBDEFBFBDEFBFBDEFBFBDEFBFBD27EFBFBDEFBFBDEFBFBDEFBFBDEFBFBDEFBFBDEFBFBDEFBFBD7F5F14EFBFBD4FEFBFBD3AEFBFBDDFAAEFBFBD6FD7AF5F7DEFBFBDEFBFBD557DEFBFBDCFBAEFBFBDEFBFBD7FEFBFBD69EFBFBDEFBFBDEFBFBDD8875F2F555AEFBFBDEFBFBD5BEFBFBD12EFBFBDEFBFBDEFBFBDEFBFBD73EFBFBDEFBFBDEFBFBD2E564DE7BEBAEFBFBDEFBFBDEFBFBDDEA97DD790EFBFBD36EFBFBDEFBFBDC59FEFBFBDEFBFBDEFBFBD47EFBFBDEFBFBD45DCBC78EFBFBDEFBFBDEFBFBDEFBFBDDEA7EFBFBD32701FEFBFBD7B3B725918EFBFBD1EEFBFBD51EFBFBDEFBFBD5805EFBFBDEFBFBD4AEFBFBD5CEFBFBDCA9E2EEFBFBDEFBFBDEFBFBD6BEFBFBDEFBFBD653D42EFBFBDEFBFBD77EFBFBD1AEFBFBDEFBFBDEFBFBDEFBFBD5E03EFBFBD42EFBFBD2CEFBFBD6F06EFBFBD75EFBFBD7757EFBFBD77EFBFBDEFBFBD3119EFBFBD536EEFBFBDEFBFBDEFBFBDEFBFBDEFBFBD2FEFBFBD42EFBFBDEFBFBD2AEFBFBD1777EFBFBDEFBFBDEFBFBD4BEFBFBD06D4A3EFBFBDEFBFBDEFBFBDEFBFBD657CEFBFBDEFBFBDEFBFBD525C5FEFBFBDEFBFBDEFBFBD7AEFBFBDEFBFBDD1BDEFBFBDEFBFBD4D73EFBFBD63EFBFBD1909254BEFBFBD77EFBFBDEFBFBD0429EFBFBDEFBFBD3EEFBFBDEFBFBDEFBFBD77EFBFBD0B0B77EFBFBD7DEFBFBDEFBFBD14EFBFBDEFBFBDEFBFBD51EFBFBD7BEFBFBDEFBFBDEFBFBD78EFBFBD5224EFBFBDEFBFBD2E65EFBFBD2AEFBFBD5E4066EFBFBD023EEFBFBDEFBFBDEFBFBDEFBFBDEFBFBDEFBFBDEFBFBD0AEFBFBDD7BF76EFBFBD0415EFBFBDE89497EFBFBD6E2BEFBFBD1A1236EFBCB9EFBFBDDBBFEFBFBD58EFBFBDEFBFBDEFBFBDEFBFBDEFBFBDEFBFBD4BEFBFBD2A57EFBFBD6E10EFBFBDEFBFBDEFBFBDEFBFBD0524162EEFBFBDEFBFBD1637EFBFBD61EFBFBDEFBFBDEFBFBD6E78EFBFBD1AEFBFBDEFBFBDEFBFBD5D0FEFBFBD7A3D14EFBFBD5F7D05EFBFBD1EEFBFBD29EFBFBDEFBFBD5CC9A175EFBFBDEFBFBD7CEFBFBDEFBFBDEFBFBDEFBFBD5EEFBFBD6FEFBFBDEFBFBD6E3DEFBFBD6813EFBFBDEFBFBD76EFBFBD747D094FEFBFBDEFBFBDEFBFBD37EFBFBD3C09EFBFBD2D0CEFBFBDEFBFBDEFBFBD62EFBFBD5CEFBFBD5CEFBFBDEFBFBD2FEFBFBD77EFBFBD1FD1AE5BEFBFBD7D20EFBFBDEFBFBDEFBFBD57EFBFBD3CCCA2EFBFBDEFBFBDEFBFBD5CCEA377546C37E59B95EFBFBDEFBFBDEFBFBDEFBFBDEFBFBD5970EFBFBD1E7EEFBFBDEFBFBD4F5109EFBFBDEFBFBDEFBFBD07EFBFBD79EFBFBD6FEFBFBDEFBFBDEFBFBDEFBFBD343104EFBFBDEFBFBDE686BCEFBFBDD7A4EFBFBD4A3CEFBFBD34EFBFBD0FEFBFBD0EDFA95C2C44EFBFBDEFBFBDEFBFBDEFBFBDEFBFBDEFBFBDEFBFBDEFBFBDEFBFBDEFBFBD5F2F16EFBFBD2C36EFBFBDEFBFBDEFBFBD5DEFBFBD41EFBFBD3A17EFBFBDEFBFBDEFBFBD3FEFBFBDEFBFBDEFBFBDEFBFBDEFBFBDEFBFBD6DEFBFBDEFBFBDC69BEFBFBDEFBFBDEFBFBD627178543DEFBFBDEFBFBD52717064EFBFBD5C77EFBFBD10EFBFBDEFBFBD47EFBFBDEFBFBDEFBFBD6FEFBFBDEFBFBD771FEFBFBDEFBFBDEFBFBDEFBFBDEFBFBD576DEFBFBD36EFBFBD2E14EFBFBD77EFBFBDEFBFBDEFBFBDEFBFBD07EFBFBD5A585CEFBFBD663F0D7CEFBFBD45EFBFBD65EFBFBDEFBFBDEFBFBD3CEFBFBD645813EFBFBD7A69EFBFBDEFBFBD5C41DB8EEFBFBD1E431FEFBFBDEFBFBDEFBFBD423FEFBFBDEFBFBDEFBFBD0D79EFBFBD3CEFBFBDEFBFBDEFBFBD7AEFBFBD54EFBFBD5C5FEFBFBD7CEFBFBDC59F66EFBFBD797D61EFBFBDEFBFBD5FEFBFBD46EFBFBDEFBFBD6A221A3C34EFBFBDEFBFBDEFBFBDEFBFBD1AEFBFBD40EFBFBD50EFBFBD3AEFBFBD317003DB85EFBFBDEFBFBD6EEFBFBDEFBFBDEFBFBD32014FEFBFBDCAB1EFBFBD43EFBFBD05EFBFBDEFBFBD39EFBFBDEFBFBD1B3CEFBFBDEFBFBDEFBFBDEFBFBD577BEFBFBD09063C377D38EFBFBDEFBFBD073E3F0F0704191D1043EFBFBD700910EFBFBD0F7A6C3CE4BA9E35DEACEFBFBD2BEFBFBD2EEFBFBD41D1A7EFBFBDEFBFBD2143247CEFBFBDEFBFBDEFBFBD13EFBFBD553C444640530E640019EFBFBDEFBFBDEFBFBDEFBFBD2A325EEFBFBD131919EFBFBDEFBFBD2E23083576193E222309EFBFBDEFBFBD0032EFBFBD21EFBFBD58144A582246EFBFBDEFBFBD26070C15EFBFBD14183CEFBFBD1EC3B3EFBFBD20EFBFBD380FEFBFBD79EFBFBD63EFBFBD2117EFBFBD5AEFBFBD2B0B18EFBFBDD8907B08EFBFBD2A367870EFBFBD57EFBFBDEFBFBD22EFBFBDEFBFBDEFBFBDEFBFBD7AEFBFBD0D6AEFBFBD7A6A79EFBFBD1D12EFBFBDEFBFBDEFBFBD1BEFBFBDEFBFBD3B2137CD9DEFBFBD2FC4AA58EFBFBD7926EFBFBDEFBFBDEFBFBD0AEFBFBD17EFBFBDEFBFBDEFBFBDEFBFBDEFBFBDEFBFBD5B151BEFBFBD5764EFBFBD09EFBFBD16EFBFBD2EEFBFBDEFBFBDEFBFBD2EEFBFBD57EFBFBD55EFBFBD4CEFBFBDEFBFBD2F58105BEFBFBD6FEFBFBD66EFBFBD11EFBFBD21326822782E19796232EFBFBD7C2FEFBFBD74EFBFBDEFBFBD4675EFBFBDEFBFBD5E6DEFBFBD4412EFBFBD5C0C1D12EFBFBD21EFBFBDEFBFBDEFBFBDC2A2EFBFBD10EFBFBD5BEFBFBDEFBFBDCAAEEFBFBD7B0DC5BCEFBFBD44562CEFBFBDEFBFBD37EFBFBDEFBFBD5D3D54EFBFBD46EFBFBDEFBFBD2E3A2C383AEFBFBD372BEFBFBDEFBFBDEFBFBD30EFBFBDEFBFBDEFBFBD3BEFBFBDEFBFBDEFBFBDEFBFBDEFBFBD3FEFBFBD054BEFBFBDEFBFBDEFBFBD5456EFBFBD0633EFBFBD6EEFBFBDEFBFBDCD8DEFBFBDEFBFBDD5A2EFBFBDEFBFBDEFBFBD70EFBFBDEFBFBD1E4B18EFBFBD3F66EFBFBDEFBFBDDE98EFBFBD1BEFBFBD2FEFBFBDEFBFBDEFBFBD2452EFBFBD3CEFBFBDE8B9BBEFBFBD033BEFBFBDEFBFBD20EFBFBD5E34EFBFBDEFBFBD6EEFBFBD685A6B24EFBFBDEFBFBDEFBFBD2E74230BEFBFBD7D30EFBFBD14525B60EFBFBD75EFBFBDEFBFBDEFBFBD7829EFBFBD15EFBFBD24EFBFBD384BC4931E23EFBFBDEFBFBDEFBFBDEFBFBD2DEFBFBD0BEFBFBDEFBFBD37EFBFBD50EFBFBDEFBFBDEFBFBDEFBFBD2DEFBFBD691CEFBFBD2CEFBFBD07EFBFBDEFBFBD7141EFBFBDEFBFBD05EFBFBD0872DBA6633BEFBFBDEFBFBD20EFBFBDEFBFBD52EFBFBD54EFBFBD2BEFBFBD00EFBFBDEFBFBDEFBFBDEFBFBD35285AE4B687EFBFBDEFBFBD01794FEFBFBD374C2DEFBFBDEFBFBD0B58EFBFBD23EFBFBD7CEFBFBDEFBFBD65EFBFBDDF8BEFBFBD710EEFBFBD4DEFBFBD17EFBFBD527EEFBFBD50EFBFBD3659EFBFBD7D29367FEFBFBD2EEFBFBD7573EFBFBD4E4B19EFBFBDEFBFBDEFBFBDCB9B7A1578EFBFBDEFBFBDEFBFBDEFBFBDEFBFBDEFBFBDEFBFBDEFBFBD38EFBFBDEFBFBD55EFBFBD1466EFBFBDEFBFBDEFBFBD46D7B15D15EFBFBDEFBFBD357AEFBFBDEFBFBDEFBFBDEFBFBD781DEFBFBD47EFBFBD1F42EFBFBD65EFBFBD600FEFBFBDEFBFBDEFBFBD7E4235240107544F0C55EFBFBDEFBFBDEFBFBD0B5035EFBFBD7803EFBFBDEFBFBD42EFBFBDCDBB57EFBFBDEFBFBD61EFBFBD5462672B7A56EFBFBDEFBFBDEFBFBD63755E11EFBFBDEFBFBDEFBFBDEFBFBDEFBFBD1E18EFBFBD5FEFBFBDEFBFBD5CEFBFBD59D5836263EFBFBDEFBFBD1FEFBFBDEFBFBDEFBFBD610D142BEFBFBD2FEFBFBDEFBFBD5F37CFAFEFBFBDEFBFBDEFBFBD3C63EFBFBDEFBFBDEFBFBD10EFBFBDEFBFBD55EFBFBDEFBFBDEFBFBDEFBFBDC385EFBFBD364573EFBFBDEFBFBDDCB61DEFBFBDEF8D85680B1BEFBFBDEFBFBD6F2EEFBFBDCE8BEFBFBDEFBFBD4F0F2FEFBFBDEFBFBD6F1E39473F747BEFBFBDEFBFBD78EFBFBDEFBFBDEFBFBDEFBFBDEFBFBDEFBFBDEFBFBD277DEFBFBDEFBFBDEFBFBDEFBFBD35EFBFBDEFBFBDEFBFBDEFBFBD4B591DEFBFBD49EFBFBDEFBFBDEFBFBDEFBFBD61EFBFBDEFBFBDEFBFBDC9B0396931DCA63E7EEFBFBD28EFBFBDEFBFBD3FEFBFBDEFBFBD6BEFBFBD0DEFBFBD05EFBFBD6DEFBFBD0D1A30780455EFBFBDEFBFBD4B2FEFBFBD210366EFBFBDEFBFBD06EFBFBDEFBFBD3D5771EFBFBD21EFBFBD79EFBFBD31EFBFBD3B73EFBFBDEFBFBDDE9CEFBFBDEFBFBD2A2AEFBFBD265EEFBFBDEFBFBD1B5FEFBFBD676F56EFBFBDEFBFBDD58BEFBFBDEFBFBD5CEFBFBDEFBFBDD7B23B2DEFBFBDEFBFBDEFBFBDEFBFBD5815EFBFBDE7B7BE3DEFBFBDEFBFBDDFBA4C3FEFBFBD57281F36DBAC4717EFBFBD79EFBFBDEFBFBD462F07EFBFBDEFBFBD5E5EEFBFBD55EFBFBDEFBFBDEFBFBDEFBFBD03EFBFBD69EFBFBDEFBFBD2CEFBFBD74EFBFBDEFBFBDCBB5EFBFBD56EFBFBD6D07EFBFBD125969EFBFBD69EFBFBDEFBFBD6EEFBFBD2901EFBFBD3FEFBFBDEFBFBDEFBFBD20EFBFBD57EFBFBDEFBFBDEFBFBD13EFBFBDEFBFBDEFBFBD47EFBFBDEFBFBD0B54EFBFBD4B5BEFBFBD75233058EFBFBD0FEFBFBDEFBFBDEFBFBDEFBFBD746D6B59EFBFBDEFBFBD0A4B13EFBFBDEFBFBD4BEFBFBD6629EFBFBD1E593FEFBFBD5AEFBFBD0C214BEFBFBDEFBFBDEFBFBDEFBFBD613770EFBFBDE9B2B1EFBFBDEFBFBD6EEFBFBD77EFBFBDEFBFBDEFBFBD6037EFBFBD50EFBFBD78EFBFBD6E20EFBFBDEFBFBDEFBFBD376E20612EEFBFBD3CEFBFBD404246EFBFBD7EEFBFBD4CEFBFBD1A2614EFBFBD57EFBFBD5FEFBFBD06EFBFBD2F02EFBFBD46EFBFBD31EFBFBD2E58EFBFBD26EFBFBDEFBFBDEFBFBDEFBFBDD9AB01595F214FEFBFBDEFBFBDEFBFBD61EFBFBD5EEFBFBD097FEFBFBDEFBFBD6814215DEFBFBDEFBFBDEFBFBD67513523776C50EFBFBDEFBFBD6556697358746B676AEFBFBDEFBFBD54EFBFBD1A1832EFBFBD7EEFBFBD43603012EFBFBD11EFBFBD335EEFBFBD23EFBFBDEFBFBD467F1D7D67EFBFBD686BEFBFBDEFBFBD42EFBFBD37D69C1A3D1A730F1DC8AF3B7A7E5D18EFBFBD63EFBFBDEFBFBDEFBFBDEFBFBDEFBFBD52EFBFBD2759072C0CEFBFBD4904EFBFBD2CEFBFBD3D154832463404EFBFBDEFBFBD1548EFBFBDEFBFBDEFBFBDEFBFBD1748EFBFBDEFBFBD2B0824EFBFBD75EFBFBDEFBFBDEFBFBDEFBFBD2DEFBFBD20EFBFBDEFBFBDEFBFBD47EFBFBD0C690C75EFBFBDEFBFBDEFBFBDEFBFBDEFBFBD38EFBFBD3A12EFBFBD48EFBFBDD59121255047421D795F1DEFBFBDEFBFBD2422EFBFBD50474A51EFBFBD431C3968EFBFBD7DEFBFBDEFBFBD1D411BEFBFBD44EFBFBD27EFBFBDEFBFBD64EFBFBD1F6D24EFBFBD6CEFBFBDEFBFBDEFBFBD580E6DEFBFBD6FEFBFBDC888421B096D24EFBFBDEFBFBD7D03EFBFBD2DEFBFBD1D45EFBFBDEFBFBD4CEFBFBDEFBFBD442154EFBFBD3EEFBFBD5CEFBFBD58EFBFBDEFBFBDEFBFBD67EFBFBD70EFBFBDEFBFBDEFBFBDEFBFBDEFBFBDEFBFBD5605EFBFBD2E4D4D0C16112564EFBFBDEFBFBD48EFBFBDEFBFBDEFBFBD12161914EFBFBDEFBFBDEFBFBD4058EFBFBD107FD98245EFBFBDEFBFBDDC8305EFBFBDEFBFBD47574232EFBFBD12EFBFBD495FEFBFBDEFBFBD11EFBFBDEFBFBD49EFBFBDEFBFBDEFBFBDEFBFBD550919310625E48995EFBFBD6D417CE795906DEFBFBD0A4A482821EFBFBDEFBFBDEFBFBDDA820D4A487FEFBFBDEFBFBD4C4109EFBFBD1272384EEFBFBDEFBFBDEFBFBD12EFBFBD672524535042420979EFBFBD4FEFBFBDEFBFBD6AEFBFBD335142EFBFBDEFBFBD7A312A45EFBFBDEFBFBDEFBFBDD790440EEFBFBD4476EFBFBDEFBFBD47EFBFBD46463AEFBFBDEFBFBDEFBFBD4646EFBFBD3FEFBFBDC898067CEFBFBDEFBFBDEFBFBD58401BEFBFBD363256EFBFBD46421B096D64EFBFBDEFBFBD730B75C790EFBFBDEFBFBD21EFBFBDEFBFBD0D58EFBFBDEFBFBDEFBFBDEFBFBD51EFBFBDEFBFBD04EFBFBDEFBFBDEFBFBD13EFBFBDEFBFBDEFBFBD0030EFBFBD701262EFBFBD16EFBFBDEFBFBD63EFBFBD0E755A23EFBFBD5DEFBFBD33737AC4904CEFBFBD060F18484EEFBFBD2171EFBFBDE7A9B14FEFBFBD18EFBFBD0DCFA25DEFBFBD4809EFBFBD5DEFBFBD76EFBFBD15EFBFBD5AEFBFBD7A262A2C68EFBFBD3B36EFBFBD1EEFBFBDEFBFBDEFBFBD3FEFBFBD723F4EEFBFBDEFBFBDEFBFBD375E5CEFBFBD6FEFBFBD76EFBFBD21EFBFBD2EEFBFBD77EFBFBD4104EFBFBD25234F4C26EFBFBDEFBFBDEFBFBDEFBFBD073AEFBFBD57EFBFBD21112B32EFBFBDEFBFBDEFBFBD63EFBFBDEFBFBDEFBFBD6C61EFBFBD53EFBFBDEFBFBDEFBFBD78EFBFBD6565EFBFBDEFBFBD46150BEFBFBD43456FEFBFBDEFBFBDEFBFBDC382EFBFBD434F78EFBFBD2452EFBFBD7C75EFBFBD524AEFBFBDEFBFBDEFBFBD77EFBFBD0EEFBFBDEFBFBDEFBFBD54EFBFBDEFBFBD27EFBFBD60EFBFBDEFBFBD6EEFBFBDEFBFBDEFBFBD77EFBFBDEFBFBDE8B184EFBFBDEFBFBD6346EFBFBDEFBFBDEFBFBDEFBFBDEFBFBD74EFBFBD01EFBFBD27563461EFBFBD1E3D77EFBFBDEFBFBD766027EFBFBD1944DB8B26EFBFBDEFBFBDEFBFBD203A7EEFBFBDE3A7B3EFBFBD6757EFBFBDEFBFBDEFBFBD7AEFBFBD7316584877EFBFBDDFAEEFBFBD3A6617C9BE64EFBFBDEFBFBD0913EFBFBDEFBFBD604B552EEFBFBDEFBFBDEFBFBDEFBFBD16EFBFBD23EFBFBDEFBFBD196C6D522BEFBFBD33EFBFBDEFBFBDEFBFBD1532D890EFBFBDEFBFBD0CEFBFBDEFBFBDEFBFBDEFBFBD1F42EFBFBD65EFBFBD602B2D5CEFBFBD5A78EFBFBD161EEFBFBDEFBFBD00EFBFBD27EFBFBDEFBFBDD1BEEFBFBD05EFBFBD1A6DEFBFBD01555FEFBFBDEFBFBDEFBFBDDDABEFBFBDEFBFBD30462A39EFBFBD46EFBFBDEFBFBD505F47EFBFBDEFBFBD3DEFBFBD444E0BEFBFBD367EEFBFBD36EFBFBD7CEFBFBD1BEFBFBD39EFBFBDC69DEFBFBD1B1FEFBFBDEFBFBD45EFBFBD38EFBFBDEFBFBD7DEFBFBD1BEFBFBD39EFBFBDC69137EFBFBD206F3C0A67EFBFBD377EEFBFBDEFBFBDEFBFBD6BEFBFBDEFBFBD4045EFBFBD6319EFBFBD6D77EFBFBD08EFBFBDEFBFBD494C265F5847EFBFBDEFBFBD115FEFBFBDC79344EFBFBD5926EFBFBDEFBFBDEFBFBDEFBFBD481EEFBFBD4B4EEFBFBDEFBFBD30EFBFBDEFBFBD16725A24EFBFBDEFBFBD0BEFBFBDEFBFBD5177EFBFBD3CEFBFBDEFBFBDEFBFBD79EFBFBD4A50EFBFBDEFBFBDEFBFBD0069EFBFBD24EFBFBDEFBFBDEFBFBDEFBFBDEFBFBDEFBFBD6FEFBFBD4061EFBFBD69EFBFBD224DEFBFBD4C61EFBFBDEFBFBDEFBFBDEFBFBDEFBFBDEFBFBD50096001580CEFBFBDEFBFBD3FEFBFBD75EFBFBDEFBFBDEFBFBDEFBFBD46EFBFBDCE81EFBFBD542AEFBFBD09EFBFBDEFBFBD3D44EFBFBDEFBFBD1CEFBFBD22EFBFBD21EFBFBD1EEFBFBDEFBFBD602E322174EFBFBD62EFBFBDEFBFBD0C192A40C3B3EFBFBD10EFBFBD44EFBFBDEFBFBDEFBFBD6908EFBFBD4526EFBFBDEFBFBD4CEFBFBD34EFBFBD25EFBFBD00EFBFBD7C43EFBFBDEFBFBDEFBFBD3B10EFBFBD1AEFBFBD54EFBFBDEFBFBDEFBFBD5AEFBFBD0A756CEFBFBD3D08EFBFBDEFBFBDEFBFBD2C68EFBFBD70EFBFBDEFBFBDCABD74EFBFBDEFBFBD50EFBFBD1DEFBFBD224D22EFBFBD0E574A2A332F324B0E576D6B3B385C711273385C0D71EFBFBD32EFBFBDEFBFBDEFBFBD31EFBFBD02EFBFBDEFBFBD55EFBFBD6940EFBFBD70EFBFBDEFBFBD2AEFBFBDD686793FD194EFBFBDEFBFBD67633D3A13173C1BEFBFBD02EFBFBD205AEFBFBD34EFBFBDEFBFBD08EFBFBD2242EFBFBDEFBFBD3861EFBFBDEFBFBD34EFBFBD6CCB955109EFBFBD3C71654C642C4F6220EFBFBDEFBFBDEFBFBD5357EFBFBD4431EFBFBD32EFBFBDEFBFBD40EFBFBD2DEFBFBDEFBFBD7903EFBFBDEFBFBD71050329EFBFBD32C295712A27EFBFBD0FEFBFBDDAB241EFBFBD07EFBFBD34EFBFBD15EFBFBD3AEFBFBD2BE3A9A16AEFBFBDEFBFBD7701EFBFBD461B6F40EFBFBD57EFBFBDEFBFBDEFBFBDEFBFBD78EFBFBD76EFBFBD0DEFBFBD3CEFBFBD540FEFBFBDEFBFBD76EFBFBD640DEFBFBDEFBFBD44EFBFBD62EFBFBD07EFBFBD207072EFBFBD1A1D013BEFBFBD55EFBFBD135A601558EFBFBD7166EFBFBD045767260EEFBFBDEFBFBDF19DA1B1677EEFBFBD4AEFBFBD1C7EC6AEEFBFBD190F0FEFBFBDEFBFBDEFBFBD187EEFBFBD1EEFBFBD19EFBFBDEFBFBD520A3F63EFBFBD19EFBFBDEFBFBDEFBFBD4CEFBFBDEFBFBD196FEFBFBDEFBFBDEFBFBDEFBFBDEFBFBDEFBFBDEFBFBD7D71EFBFBDEFBFBD3BEFBFBD7931EFBFBDEFBFBD4EDBBC38EFBFBD545E7F195FCC8BEFBFBD0EEFBFBD0CCD8BEFBFBDEFBFBD2413D882EFBFBD2BEFBFBD3CEFBFBD5CEFBFBDEFBFBD126CEFBFBD7CEFBFBD6002EFBFBD7017EFBFBD10116EEFBFBDEFBFBD1859EFBFBD3CEFBFBD74EFBFBD59EFBFBD69EFBFBDEFBFBD21EFBFBDEFBFBDEFBFBD35EFBFBDEFBFBD57EFBFBDEFBFBD18EFBFBDEFBFBD30322270EFBFBDEFBFBDEFBFBDEFBFBD5954CD901DEFBFBD10EFBFBD72EFBFBD55DA9C12EFBFBDEFBFBD71EFBFBD144EEFBFBDEFBFBDEFBFBDEFBFBD37EFBFBD4D763F69767BEFBFBD5C4DD5B1EFBFBDEFBFBD7FEFBFBD7A29EFBFBD7AEFBFBD21EFBFBD73151F5F75EFBFBDEFBFBD2252EFBFBDEFBFBD4E52EFBFBD51EFBFBD4E4EEFBFBD3A690BEFBFBDEFBFBDEFBFBD3A69195750EFBFBD2043021912535BEFBFBD417172EFBFBD380952EFBFBD3427EFBFBDEFBFBD3605CD89EFBFBDEFBFBDEFBFBDEFBFBD40EFBFBDEFBFBD04EFBFBD136F3527EFBFBDEFBFBD5202EFBFBD093427EFBFBD7D221133D19C28EFBFBDEFBFBD05EFBFBDEFBFBDEFBFBD10EFBFBD0C537D77EFBFBDEFBFBD4750EFBFBDEFBFBD3C225357EFBFBD68EFBFBDEFBFBDEFBFBD2138EFBFBDEFBFBD244D73364BEFBFBDEFBFBD0E220AEFBFBD6EEFBFBDEFBFBD273AEFBFBD1C4EEFBFBD70EFBFBD46EFBFBDEFBFBD7EEFBFBD36EFBFBD216E49EFBFBD12EFBFBD2D70EFBFBD4C65296A15EFBFBD28710954EFBFBD4FEFBFBD3B1A45D0B840EFBFBD320D606442EFBFBD1A18EFBFBD03181E02EFBFBD52EFBFBDEFBFBDEFBFBDEFBFBDEFBFBD021551EFBFBDEFBFBD0EEFBFBDEFBFBD790AEFBFBD6918011AEFBFBD05EFBFBD68EFBFBD10EFBFBD42EFBFBDCBB120EFBFBD551F2C0E667A77EFBFBD7AEFBFBDDA947B184241EFBFBD634BEFBFBD754039EFBFBDEFBFBD20EFBFBD20EFBFBD17EFBFBDEFBFBD744CEFBFBD226940EFBFBD23170AD2B5EFBFBDEFBFBD50EFBFBD27D5A940EFBFBD21EFBFBD7B4C30EFBFBD7FEFBFBD64EFBFBD5B05EFBFBD621A70EFBFBDEFB1B74EEFBFBD3FEFBFBD29EFBFBD11EFBFBDEFBFBDEFBFBD5DEFBFBDEFBFBDEFBFBD14EFBFBDEFBFBDEFBFBD4C3EEFBFBD4EEFBFBDEFBFBD4B48DB90EFBFBDEFBFBD22EFBFBD2D55EFBFBDEFBFBD24EFBFBDEFBFBD4AEFBFBD3D4D66EFBFBD4423EFBFBDEFBFBDEFBFBD6C6DEFBFBD2BEFBFBDEFBFBDEFBFBDEFBFBD15EFBFBDD990CC8664EFBFBDEFBFBD44EFBFBD1F42EFBFBD6543610DEFBFBD21EFBFBDEFBFBD42351F5066105035EFBFBDEFBFBD5124EFBFBD05EFBFBD1A6DEFBFBD01555FEFBFBDEFBFBD465DEFBFBDEFBFBDEFBFBDEFBFBD13EFBFBD0A0CEFBFBDEFBFBD133951404EEFBFBDEFBFBD550CEFBFBDEFBFBD4968EFBFBD7C0319EFBFBD47EFBFBD281FEFBFBDEFBFBD45463932EFBFBD3DEFBFBD28EFBFBDEFBFBD251B3B2D64EFBFBD4F28EFBFBD5C07242673EFBFBD28EFBFBD5D5322EFBFBD7CEFBFBDC2B4EFBFBD5D3C426679EFBFBD057ADA99EFBFBD22EFBFBD3CEFBFBDEFBFBDEFBFBD6BEFBFBD492967EFBFBD59EFBFBD3C2529EFBFBD5EEFBFBDEFBFBD7E66292104EFBFBD5BEFBFBD6EEFBFBD59EFBFBD2B28EFBFBD46EFBFBD31EFBFBD3D32EFBFBDCDB16C4233EFBFBD192E0FEFBFBD223842EFBFBD60EFBFBDEFBFBD5846EFBFBD22EFBFBD17201AEFBFBDEFBFBDEFBFBD78EFBFBD753D6B3C5F6CEFBFBDEFBFBD73EFBFBDEFBFBD4D4D0D163A2133EFBFBD454C000B1F61EFBFBD72EFBFBD02EFBFBD1806EFBFBD17EFBFBD2F5BEFBFBDEFBFBDEFBFBDEFBFBDEFBFBD60EFBFBD53365B0BEFBFBD66EFBFBD31344307324642EFBFBDEFBFBDEFBFBD0CCF90EFBFBD0549EFBFBDEFBFBD7565EFBFBDEFBFBD4EEFBFBD4C0E175AEFBFBD746FEFBFBDEFBFBD04C4B713101152EFBFBDEFBFBDEFBFBD04EFBFBD35EFBFBD1151EFBFBDDBB01CEFBFBDEFBFBDEFBFBDEFBFBDEFBFBD23EFBFBDEFBFBD69684BEFBFBD04EFBFBDEFBFBD0D3F490EEFBFBD003FEFBFBDEFBFBD675BEFBFBDEFBFBD15CFAB6E0DEFBFBDEFBFBD20385E75EFBFBD03073B5E357A3141EFBFBDEFBFBDEFBFBD5732EFBFBDEFBFBD69C7AB50EFBFBDD89E7B4F03EFBFBD34EFBFBD0E385EEFBFBD0516EFBFBD7825EFBFBD2270EFBFBD1AEFBFBD7865EFBFBDEFBFBDEFBFBD63462AEFBFBDEFBFBD55EFBFBD4B09EFBFBD2B0FEFBFBDEFBFBD36EFBFBD7B5956EFBFBDEFBFBD69EFBFBD2531EFBFBD3C2E1573EFBFBDEFBFBDEFBFBD2D4A01EFBFBD49463558EFBFBD04EFBFBD3222EFBFBD726F4C1245EFBFBD32EFBFBDEE8D85EFBFBDEFBFBD3BEFBFBDEFBFBDEFBFBDEFBFBDEFBFBDEFBFBDEFBFBDCEAE77EEB6AC1B07EFBFBD6EC7B7EFBFBD72EFBFBD6923EFBFBDEFBFBD14EFBFBDEFBFBD32EFBFBDEFBFBDEFBFBD2DEFBFBDEFBFBD311D44EFBFBD5A4C491A12584CEFBFBDEFBFBD62EFBFBD2DEFBFBDEFBFBD79EFBFBDEFBFBDEFBFBD7105EFBFBD29EFBFBD36C2B7712A67EFBFBD0FEFBFBDEFBFBD1216EFBFBD07EFBFBD28EFBFBD15EFBFBD61EFBFBD01EFBFBD1343EFBFBD28EFBFBDEFBFBD0254EFBFBDEFBFBDCD80EFBFBDEFBFBD5075C3B7EFBFBD3272EFBFBD3BEFBFBD1C64560FEFBFBDEFBFBD12EFBFBDEFBFBDEFBFBD5419EFBFBDD48860EFBFBD7A62EFBFBDEFBFBDEFBFBDEFBFBD5D40EFBFBD51EFBFBD1B480552EFBFBD150776EFBFBD077968EFBFBD7A222233EFBFBD207B6AEFBFBDDC9C436436246F30411EEFBFBD373864EFBFBD3C3C440C1364EFBFBD207B6BEFBFBD7C793C2A084CEFBFBD61EFBFBDEFBFBDEFBFBD27EFBFBDEFBFBD52EFBFBD133741EFBFBD5D50EFBFBD0379EFBFBDC2BCEFBFBD4D3CEFBFBD05EFBFBDEFBFBD6760EFBFBD2C69EFBFBD7DEFBFBD405664EFBFBD16EFBFBD52EFBFBD15434506EFBFBDEFBFBD33305520383230EFBFBDEFBFBD090BEFBFBD7EEFBFBDEFBFBDDCBDEFBFBD7F15EFBFBDEFBFBD0259192E0F00EFBFBD11EFBFBD1347000FEFBFBDEFBFBD18782E74EFBFBD2E5716EFBFBD323B36EFBFBD1EEFBFBDEFBFBDEFBFBD7FEFBFBDEFBFBD7FEFBFBD09EFBFBD63EABF8AEFBFBD70395D32EFBFBD442EEFBFBDEFBFBD7EEFBFBD44EFBFBDEFBFBD2ED9B6EFBFBD43EFBFBDEFBFBD0AEFBFBD18EFBFBD43EFBFBD254D30EFBFBD7FEFBFBD64EFBFBD53EFBFBD493D6F21EFBFBDEFBFBDEFBFBD1AE997BFEFBFBD595B26756CEFBFBD5A2AEFBFBDEFBFBD72EFBFBD472AEFBFBDEFBFBDEFBFBD69EFBFBD3654263DEFBFBDEFBFBDEFBFBD30EFBFBD21313DEFBFBDC4B4EFBFBD74EFBFBD79EFBFBD69DBB8EFBFBDEFBFBD14EFBFBDEFBFBD48EFBFBDEFBFBD4AEFBFBDEFBFBD21545BEFBFBD09EFBFBDEFBFBDEFBFBD0B5FEFBFBDEFBFBD320DEFBFBDEFBFBD18EFBFBD46EFBFBD7B17EFBFBD6AEFBFBDEFBFBD0654EFBFBDEFBFBD616743EFBFBD44EFBFBD46EFBFBDEFBFBDEFBFBD44EFBFBDEFBFBDEFBFBDC9B8EFBFBDC9A0EFBFBD2565486963EFBFBDEFBFBDEFBFBDEFBFBDEFBFBD24650CDFAC22290349193E276548EFBFBD38EFBFBD32EFBFBDEFBFBDEFBFBDEFBFBD27EFBFBD15EFBFBDEFBFBD7A5246EFBFBDEFBFBD293EEFBFBD48EFBFBD18EFBFBDEFBFBDEFBFBD76EFBFBD49EFBFBD27EFBFBDEFBFBDEFBFBD63EFBFBD4D22EFBFBDEFBFBD01EFBFBD6722461E28EFBFBD613DEFBFBDEFBFBDEFBFBD2DEFBFBD79EFBFBDEFBFBD420FEFBFBD44EFBFBDEFBFBDEFBFBD606DEFBFBD1D231143EFBFBD641235185B54EFBFBDEFBFBD4D64EFBFBD4BEFBFBD23C3A7EFBFBDEFBFBD775416EFBFBD5E3E3E4F35EFBFBDEFBFBD7C3CEFBFBD22D48FEFBFBDEFBFBDEFBFBD5954EFBFBD301EEFBFBD1AEFBFBD72EFBFBD55DA9C1CEFBFBDDA991C3D743CEFBFBD34EFBFBDEFBFBD54393CEFBFBD6DEFBFBDEFBFBD3FDEBF7FEFBFBDEFBFBDEFBFBDEFBFBDEFBFBD376F5F7FEFBFBDEFBFBDEFBFBDEFBFBDEFBFBDEFBFBDEFBFBD637476426EEFBFBDEFBFBDD798023636EFBFBD52EFBFBD376279313638725DEFBFBD23EFBFBD171B0BEFBFBDEFBFBDEFBFBD4D4D0D1F4CEFBFBD59EFBFBD2327EFBFBD001FEFBFBDEFBFBD347212727F761A20EFBFBD2531EFBFBD74242760EFBFBD42EFBFBD650B165DEFBFBDEFBFBD1A2C22EFBFBD671BEFBFBDEFBFBD0953EFBFBD544DEFBFBD1F3C023FEFBFBDEFBFBD71EFBFBDEFBFBD6DEFBFBDEFBFBDEFBFBDEFBFBD371AEFBFBD7F555CEFBFBDEFBFBDC69A53EFBFBD476353EFBFBD484CEFBFBD4C371DEFBFBDEFBFBDEFBFBDEFBFBD4768283A2B680413EFBFBDEFBFBD03EFBFBDEFBFBDEFBFBD5257EFBFBDEFBFBDEFBFBDEFBFBD4EEFBFBD4CEFBFBD126ACEBB0DEFBFBDEFBFBD79EFBFBDEFBFBD4F3F063FEFBFBDCB8FEFBFBDEFBFBD13EFBFBD7F58EFBFBD27EFBFBDEFBFBDEFBFBDEFBFBDEFBFBDEFBFBDEFBFBDEFBFBDEFBFBD3FEFBFBDEFBFBD3C0121571E04390E403C23EFBFBDEFBFBDEFBFBDEFBFBDEFBFBD52EFBFBD3C0B60EFBFBDEFBFBDEFBFBDD4B0EFBFBD483DEFBFBDEFBFBD4710EFBFBD70EFBFBD3B3CEFBFBD123A5FEFBFBD7C1DEFBFBDEFBFBDEFBFBDEFBFBDEA8585EFBFBDEFBFBDEFBFBD0D4D0D41EFBFBDD39922EFBFBD0740EFBFBD6F08EFBFBD5220080872EFBFBD7A7D21567AEFBFBDEFBFBD2A1BDBA01EEFBFBD4D0D456918EFBFBD1445520345EFBFBDEFBFBDEFBFBDEFBFBD182802EFBFBD1C43EFBFBD665BEFBFBD2C40EFBFBD5333EFBFBDEFBFBD0715403AEFBFBD7F261540741E7A590144E79CB85C0124263AEFBFBD36EFBFBD19EFBFBD34EFBFBD2E540069EFBFBD71EFBFBD02EFBFBDD694EFBFBD02C8900A202618EFBFBD3F6622EFBFBD5405EFBFBD3820EFBFBD4605104FEFBFBDC5B636EFBFBDEFBFBD78EFBFBDEFBFBD503B5DEFBFBD2A4DEFBFBDEFBFBD3C3633EFBFBD02EFBFBD5A02EFBFBDEFBFBDEFBFBDEFBFBD2209EFBFBDEFBFBDEFBFBDEFBFBDEFBFBD11EFBFBD2A5AEFBFBDEFBFBDEFBFBDEFBFBDEFBFBDEFBFBDEFBFBDEFBFBD724D73EFBFBDEFBFBDEFBFBDEFBFBD38EFBFBDCCB5347362EFBFBDEFBFBD127D07EFBFBD1A675F70EFBFBD0DEFBFBD29EFBFBD2A35EFBFBD2B70EFBFBDEFBFBD38EFBFBDEFBFBDEFBFBD3AEFBFBDEFBFBD67EFBFBD69EFBFBD4E514AEFBFBD1EEFBFBDEFBFBDEFBFBD67EFBFBD42EFBFBD3EEFBFBD4B49EFBFBDEFBFBD1E3B5F4AEFBFBD6D5CEFBFBDEFBFBD14EFBFBD33EFBFBD3EEFBFBD54EFBFBD4B0FEFBFBDEFBFBD12EFBFBDEFBFBD06EFBFBD30EFBFBD3EEFBFBDEFBFBDEFBFBD01EFBFBD27EFBFBDEFBFBD51EFBFBDEFBFBD05EFBFBD1A05EFBFBD01555FEFBFBDEFBFBD467DEFBFBD7B1151270A34EFBFBD471CEFBFBD10EFBFBD2DEFBFBD377B78EFBFBDEFBFBD57EFBFBD2A2EEFBFBDEFBFBD13EFBFBDEFBFBD2868EFBFBD025EEFBFBD62EFBFBDEFBFBD2BEFBFBD6A1CEFBFBD7502EFBFBDEFBFBD0AEFBFBDEFBFBDEFBFBDEFBFBD223BEFBFBDEFBFBDEFBFBD3CEFBFBD15EFBFBD5A0B20EFBFBDEFBFBD4835EFBFBD0BEFBFBDEFBFBD5423392FEFBFBD0AEFBFBD5A10EFBFBD3A01556F1D1506EFBFBDEFBFBD2CEFBFBDEFBFBDEFBFBDE597A165C597EFBFBD3AEFBFBD6F56EFBFBDEFBFBDD898EFBFBDEFBFBDEFBFBD6A781DEFBFBD65EFBFBD32EFBFBD022BEFBFBD75EFBFBDEFBFBD2AEFBFBDEFBFBDC9B3EFBFBD0EEFBFBD4F2F3F5DEFBFBD00EFBFBD4F6B1A50187DEFBFBDEFBFBD0BEFBFBDEFBFBDEFBFBDEFBFBDEFBFBDEFBFBD45EFBFBDEFBFBD79EFBFBDEFBFBDEFBFBDEFBFBDEFBFBDEFBFBDEFBFBDEFBFBDCDBA6FEFBFBD677B25EFBFBD6DEFBFBD6BEFBFBD10EFBFBDEFBFBDEFBFBDEFBFBD3AEFBFBDEFBFBDEFBFBDC2BBEFBFBDCA87EFBFBDEFBFBDD9B011061AEFBFBDEFBFBD3E7EEFBFBD28EFBFBDEFBFBD3FEFBFBDEFBFBD6BEFBFBD0DEFBFBD05EFBFBD6DEFBFBD0D1A30780455EFBFBDE597B25AEFBFBDCD9001EFBFBDEFBFBD6603EFBFBDCC9EEFBFBDEFBFBDDF9071CFBCDF98EFBFBDEFBFBDEFBFBD3442EFBFBD26EFBFBDEFBFBD5551EFBFBD34EFBFBD7A755EEFBFBD1AEFBFBDEFBFBD56EFBFBD17EFBFBDDBB9EFBFBDEFBFBD1DEFBFBD655755EFBFBD2C4C4B1FEFBFBDEFBFBDEFBFBD66EFBFBDEFBFBD055DEFBFBDEFBFBD65EFBFBD44EFBFBDEFBFBD663DEFBFBDEFBFBDEFBFBD5BEFBFBDEFBFBD377A39EFBFBDEFBFBD1FEFBFBDEFBFBD5A1747EFBFBD2BEFBFBD5F36EFBFBD41EFBFBD7D3AEFBFBDEFBFBD6DEFBFBDEFBFBD6253EFBFBDDFB6EFBFBD47EFBFBDEFBFBDEFBFBDEFBFBD345D5237EFBFBDEFBFBD41EFBFBD45487FEFBFBDEFBFBD0F41EFBFBD2CEFBFBDEFBFBD2754702B1856EFBFBDEFBFBD486ED79B72EFBFBDEFBFBDEFBFBD5C59EFBFBD75EFBFBDEFBFBDEFBFBD3A1F7C790365EFBFBDEFBFBD1EEFBFBDEFBFBDEFBFBD4BEFBFBD0013EFBFBDD4ABEFBFBD6635EFBFBD1E5942EFBFBDEFBFBD25EFBFBD6DEFBFBD343DEFBFBD1E780367EFBFBD2E7BEFBFBD2EEFBFBDEFBFBD6D77EFBFBDEFBFBDEFBFBD1E37EFBFBD56EFBFBDEFBFBDEFBFBDEFBFBD33EFBFBD3FEFBFBD14EFBFBDEFBFBD39EFBFBD2C7EEFBFBDEF8B8AEFBFBDEFBFBDEFBFBD7AEFBFBD26583260545F5F42DFB562EFBFBD62666152EFBFBD11EFBFBD3230EFBFBDEFBFBD553A5A7DEFBFBD605453EFBFBD284861EFBFBDEFBFBDEFBFBD67EFBFBD0553EFBFBDEFBFBDEFBFBD30D581EFBFBDEFBFBD63EFBFBD3AEFBFBD32EFBFBDEFBFBDEFBFBDEFBFBD6110066BEFBFBDEFBFBD186E6EEFBFBDEFBFBD332DEFBFBD13EFBFBDEFBFBDEFBFBD0E3C2DC590001EEFBFBD67EFBFBDEFBFBD6E5DEFBFBDCB9505EFBFBDEFBFBDEFBFBD0DEFBFBDEFBFBD2038EFBFBD75EFBFBD030D1CEFBFBD72EFBFBD731F1DEFBFBD624203EFBFBDEFBFBD02EFBFBD48EFBFBDEFBFBD6AEFBFBD73EFBFBD5117EFBFBD02EFBFBD5676EFBFBD770AEFBFBD09EFBFBD04EFBFBD02EFBFBD3805EFBFBD6064EFBFBDEFBFBDEFBFBDEFBFBD29EFBFBDEFBFBD245246EFBFBD48700A78EFBFBD46EFBFBDEFBFBDEFBFBDCEACEFBFBDEFBFBDEFBFBD3666EFBFBD35206739EFBFBDEFBFBD3520EFBFBDEFBFBDEFBFBD2472D1A632EFBFBDEFBFBD72EFBFBD7AEFBFBD0F20173DEFBFBD5CEFBFBDEFBFBD7CEFBFBD79EFBFBD68DBB8EFBFBD5C14EFBFBD01700DEFBFBD4AEFBFBD7C17EFBFBDEFBFBD1B056B50EFBFBD69EFBFBD2B54EFBFBD0105EFBFBD005533EFBFBD1AEFBFBDEFBFBDC787EFBFBDEFBFBD061C50450EEFBFBDEFBFBD2DEFBFBD1379183DEFBFBDEFBFBD133901402EEFBFBD5D2EEFBFBD6FEFBFBD1839EFBFBD73EFBFBD62EFBFBDEFBFBDEFBFBD317CEFBFBDEFBFBD540CEFBFBD6278EFBFBDEFBFBD514F4B295231EFBFBDEFBFBDEFBFBDEFBFBD27EFBFBDEFBFBD4B2A4629EFBFBDDB8E4CEFBFBD41EFBFBD182D37EFBFBD7E22466B39EFBFBD492462C4A9EFBFBD2511EFBFBDEFBFBDEFBFBDEFBFBD741331EFBFBDEFBFBD420FEFBFBD1E3669EFBFBDEFBFBDEFBFBD1E167A5824627C1F773628EFBFBD7AEFBFBD44EFBFBD3808323EEFBFBD44EFBFBDEFBFBD70793053EFBFBDEFBFBDEFBFBDEFBFBD5FEFBFBDEFBFBD2718EFBFBDEFBFBD5AEFBFBDEFBFBDEFBFBDEFBFBDEFBFBDEFBFBD014146074410EFBFBD0F0807EFBFBD20EFBFBDEFBFBD1C0F1D1AEFBFBD1A1FEFBFBDEFBFBDEFBFBDEFBFBDEFBFBD5A5743661B53EFBFBD3028310A253825EFBFBD502224C694EFBFBD6902EFBFBDEFBFBD2CEFBFBD66EFBFBDEFBFBD4DEFBFBD55EFBFBDEFBFBD2A0BEFBFBDEFBFBDEFBFBDEFBFBDEFBFBD78114674CEBCEFBFBD61045EEFBFBDC88B58EFBFBDEFBFBD0B1A01180E014315EFBFBD6DEFBFBDEFBFBDEFBFBDC8BAEFBFBD05756D6A6AEFBFBD6001EFBFBD6718EFBFBD73EFBFBD7FEFBFBD76EFBFBDEFBFBD337142580408414D2304EFBFBDEFBFBD2E7565EFBFBD6E75EFBFBD762647EFBFBD0135EFBFBDEFBFBDEFBFBDEFBFBDEFBFBD3938EFBFBDEFBFBDEFBFBD2225EFBFBD3F1BEFBFBDEFBFBD6063EFBFBDEFBFBDEFBFBD62EFBFBD173A2F5716EFBFBDD1B5EFBFBDEFBFBD41234A667AEFBFBDEFBFBD0612EFBFBDEFBFBD111711EFBFBDEFBFBDEFBFBDEFBFBD1468EFBFBDEFBFBDDD8CEFBFBDEFBFBD5CD7B3EFBFBD7BEFBFBDEFBFBD27403BEFBFBDEFBFBDEFBFBD0D4E0D1C31EFBFBD3305470C63742FEFBFBD2102EFBFBD03EFBFBD1806EFBFBDEFBFBDEFBFBD1616EFBFBDD1B5EFBFBDEFBFBD4143EFBFBD33EFBFBD4616031A3E42436B4003EFBFBD1808EFBFBD42573674523D1AEFBFBD1A30123EEFBFBD536F61585015EFBFBDDEA73FEFBFBD1661EFBFBDEFBFBD3F64EFBFBD39EFBFBDEFBFBDEFBFBD2A3EEB858533EFBFBD2EEFBFBD4C0D3F3C6433EFBFBD4F44EFBFBD1FEFBFBDEFBFBDEFBFBDEFBFBD73EFBFBDEFBFBD39EFBFBDEFBFBDEFBFBD457D57C5A250EFBFBD42EFBFBD79EFBFBDEFBFBD2607233DD3A37AEFBFBD4474EFBFBD60EFBFBDEFBFBD7929EFBFBD0914EFBFBD36324574EFBFBD28EFBFBDEFBFBD2CEFBFBDEFBFBDEFBFBD36355AEFBFBD29EFBFBD292DEFBFBD002D3CEFBFBD45462968015AEFBFBDEFBFBDC5A2EFBFBDEFBFBD3616EFBFBDEFBFBD72EFBFBD1328EFBFBDEFBFBD69EFBFBD3229EFBFBD50EFBFBD65EFBFBD571A72EFBFBDEFBFBDEFBFBD465C0AEFBFBD052BEFBFBD503850EFBFBD75EFBFBDEFBFBD22EFBFBDEFBFBDEFBFBD31EFBFBDEFBFBD0E28EFBFBD6AEFBFBDEFBFBDEFBFBD6326214E1579EFBFBDEFBFBD0E29EFBFBDEFBFBD7AEFBFBDEFBFBDEFBFBDEFBFBDEFBFBDEFBFBD4B36166BEFBFBDEFBFBD16334EEFBFBDEFBFBD51EFBFBD7027EFBFBD76EFBFBD4C14640BEFBFBD42EFBFBD7247C89611EFBFBD12EFBFBD62EFBFBD2A02EFBFBD797FEFBFBD7854EFBFBD4561EFBFBD34EFBFBD6440EFBFBDEFBFBD51EFBFBD38EFBFBD676B09EFBFBDEFBFBD6C34EFBFBD0C6473EFBFBD6C3A776AEFBFBD164B6AEFBFBD0D41EFBFBDEFBFBD63EFBFBDEFBFBD655AEFBFBDEFBFBD6E4D67EFBFBDEFBFBD1DEFBFBD79EFBFBDEFBFBD6EEFBFBD25EFBFBD024C0B744AEFBFBD3427EFBFBD5623C4ADDD9AEFBFBD01EFBFBDEFBFBD632AEFBFBDEFBFBD69EFBFBDEFBFBDEFBFBDEFBFBDEFBFBD12790FEFBFBDEFBFBD426A0BEFBFBD7DD78DEFBFBD0A7E04EFBFBD6D0C49EFBFBD71EFBFBDEFBFBD277D4669C889EFBFBD5BEFBFBD17723D6FEFBFBD77EFBFBD2819EFBFBDEFBFBD44EFBFBD340E4916EFBFBD03EFBFBD75EFBFBDEFBFBD6A730137EFBFBD1DDBA6623B63EFBFBD20EFBFBDEFBFBD52EFBFBD54EFBFBD2BEFBFBD00EFBFBDEFBFBD13EFBFBD355E5BEFBFBD361EEFBFBD42EFBFBD4C2A36EFBFBDEFBFBD01EFBFBD46DBB86AEFBFBD0216732576EFBFBDEFBFBDEFBFBD12EFBFBDEFBFBDEFBFBD4A0DEFBFBD6EEFBFBDEFBFBD7A51EFBFBD0CEFBFBDEFBFBDEFBFBD0F5FEFBFBD7D29367FEFBFBD2EEFBFBDEFBFBDEFBFBD4E4D18EFBFBD4BEFBFBDCB9B7AEFBFBD7EEFBFBDEFBFBDEFBFBDEFBFBDEFBFBDEFBFBDEFBFBDEFBFBD5CEFBFBDDFAF0AEFBFBDEFBFBDEFBFBDEFBFBD7B1B5DEFBFBD7655EFBFBDEFBFBDEFBFBDEFBFBDEFBFBDEFBFBD42EFBFBDEFBFBD75782EEFBFBD7D08D596EFBFBD1C7B504D625FEFBFBDEFBFBDEFBFBD00544F0C55EFBFBD335817EFBFBD6A74440AEFBFBDEFBFBD0AEFBFBD37EFBFBD5EEFBFBDEFBFBDEFBFBD3152EFBFBDEFBFBD43C3B3427D1DEFBFBDEFBFBD33EFBFBD6A7C08583D204D65106035EFBFBD15EFBFBD39C7AEEFBFBDD480350AEFBFBDEFBFBD0058EFBFBDEFBFBD36000BEFBFBD1AEFBFBD79EFBFBD20EFBFBD1C5C6B1E20EFBFBD4D586F0DEFBFBD2AEFBFBDEFBFBD22EFBFBDEFBFBD1531EFBFBD7AEFBFBD3DEFBFBD4946EFBFBD0348354B580152EFBFBD545B291C4EEFBFBD7546EFBFBD0A0F01DBA2EFBFBDEFBFBD0758497C052C4550EFBFBDEFBFBD4DCDB67CEFBFBD03EFBFBD485D0CEFBFBD02EFBFBD56EFBFBDEFBFBD4EEFBFBD756E76144BEFBFBDEFBFBD7DEFBFBD653DD08562EFBFBDEFBFBD73EFBFBD66550FEFBFBDEFBFBD490B7FEFBFBD2EEFBFBD59EFBFBD3550EFBFBD0CEFBFBDEFBFBD4A7FEFBFBD3CEFBFBD32517AEFBFBD2C1CEFBFBDC485EFBFBDEFBFBDEFBFBDEFBFBD24EFBFBD63342BEFBFBDEFBFBD31EFBFBD78596EEFBFBD0CEFBFBDEFBFBDEFBFBDEFBFBD421BEFBFBD18EFBFBDEFBFBD5CEFBFBD2BEFBFBD17EFBFBDCB9F1E5EEFBFBDEFBFBDEFBFBD3CEFBFBDEFBFBD73EFBFBDEFBFBD5CEFBFBDEFBFBDEFBFBDEFBFBD45EFBFBDEFBFBDEFBFBDEFBFBD4FEFBFBDEFBFBD6B601BEFBFBDEFBFBDEFBFBDEFBFBD3A4CEFBFBDEFBFBDEFBFBDEFBFBDEFBFBDEFBFBDC28BEFBFBD09EFBFBDEFBFBDEFBFBD1BEFBFBD1EEFBFBDEFBFBD4A14EFBFBDEFBFBDEFBFBDEFBFBD35EFBFBD06DD82EFBFBD36EFBFBD060D183CEFBFBDEFBFBDEFBFBDEFBFBD4B592DEFBFBD66C880596FEFBFBD016366EFBFBD55EFBFBD6FC8B867EFBFBD6FEFBFBDEFBFBDEFBFBD6C1AEFBFBD77EFBFBD0BEFBFBDEFBFBDEFBFBD4CEFBFBD78EFBFBD3A2F560DEFBFBD57EFBFBDEFBFBDD58BEFBFBDEFBFBD5CEFBFBDEFBFBDD7B23B2D510BEFBFBDEFBFBDC7AA383FEFBFBDEFBFBD797D4157EFBFBD75EFBFBD7EEFBFBD523E6CEFBFBD59EFBFBD2EEFBFBDEFBFBDEFBFBD6FEFBFBD5E0E7CEFBFBD47EFBFBDEFBFBD28EFBFBDEFBFBDEFBFBDD1810770EFBFBDEFBFBD0759EFBFBDEFBFBD50EFBFBD7766EFBFBDEFBFBD4DEFBFBD7EEFBFBD0E1E25EFBFBDEFBFBD62EFBFBD7449EFBFBD38333722EFBFBDEFBFBD271AEFBFBD10EFBFBDEFBFBDCA92EFBFBD7DEFBFBDEFBFBDEFBFBD5471EFBFBD2AEFBFBDEFBFBDEFBFBDEFBFBD5C367DEFBFBD2F571662DDB85FEFBFBDEFBFBD075FEFBFBDEFBFBDEFBFBD76EFBFBDEFBFBDEFBFBDEFBFBD30EFBFBD4BEFBFBD766C56EFBFBDEFBFBD05642859621D2D4DEFBFBD3BEFBFBDEFBFBDEFBFBDEFBFBDEFBFBDEFBFBDEFBFBDEEA69320EFBFBDEFBFBDEFBFBD7BEFBFBD2FEFBFBD074EEFBFBDEFBFBD6A6E42262163EFBFBD432635EFBFBD49EFBFBDEFBFBDEFBFBD49EFBFBDEFBFBD293EEFBFBDD78BD59B68C980317D7D09EFBFBD57EFBFBDEFBFBD6A0B11EFBFBD1EEFBFBD2C0307EFBFBD300E665AEFBFBD4EEFBFBDEFBFBD41EFBFBD53EFBFBDEFBFBD330EEFBFBD79EFBFBD12147F40EFBFBD07D78A3FEFBFBD2D422C01EFBFBD3C1AEFBFBDEFBFBDEFBFBD314CEFBFBDEFBFBD7AEFBFBD3A4F04EFBFBD0B0520680404EFBFBD0C0802EFBFBD1C43D085EFBFBDEFBFBDEFBFBDEFBFBD02EFBFBD3A36343904C999EFBFBDEFBFBDCB931408EFBFBD0D41594066554722401D090BEFBFBDEFBFBD141765556F2F647D53EFBFBDEAAD86392CEFBFBDEFBFBD1E355055EFBFBDD3B4655255426729EFBFBD44EFBFBDEFBFBDEFBFBD0EEFBFBDD69DEFBFBD72EFBFBD5D70736B0B49EFBFBDEFBFBD2DEFBFBD09EFBFBDEFBFBDEFBFBD10373713EFBFBDEFBFBD1F33EFBFBD636E6E66564470737B24EFBFBD7B56286BEFBFBDDDB6EFBFBDEFBFBDEFBFBD511AEFBFBDEFBFBDEFBFBD4C351EEFBFBDEFBFBDEFBFBD47694C08EFBFBD5DEFBFBDEFBFBD6E0B31EFBFBD6A61EFBFBD34EFBFBDEFBFBD00EFBFBDEFBFBD31136AEFBFBD7CEFBFBD7914651C54EFBFBD47EFBFBD5FEFBFBD7E760DEFBFBDEFBFBDEFBFBDEFBFBDEFBFBDEFBFBD671CEFBFBDEFBFBDEFBFBD3BEFBFBDEFBFBD4B22EFBFBD5B1EEFBFBD2C72626FEFBFBD72EFBFBD0B0AEFBFBDEFBFBDEFBFBDEFBFBDEFBFBD23144CEFBFBD537BEFBFBD245211EFBFBDEFBFBDED9F9A5AEFBFBDEFBFBD756CCB9A67EFBFBDEFBFBD34EFBFBDC3B3EFBFBD2D5A6529EFBFBDEFBFBD1EEFBFBD3CEFBFBD34EFBFBD3C4C23EFBFBD4CEFBFBDEFBFBD66EFBFBDEFBFBDEFBFBDEFBFBD1DEFBFBD2437EFBFBD02EFBFBDEFBFBDEFBFBD42EFBFBD16EFBFBDEFBFBD57EFBFBDEFBFBD571B2DEFBFBDEFBFBDDFABEFBFBD00277A38EFBFBD3B23EFBFBD7BEFBFBD546CEFBFBDEFBFBDEFBFBD5B2AEFBFBDEFBFBDD7A56216EFBFBD281750EFBFBD39D48DEFBFBD4AEFBFBDEFBFBDEFBFBD5075EFBFBD74EFBFBD2E34EFBFBDEFBFBD50EFBFBDEFBFBDEFBFBDEFBFBDEFBFBDEFBFBD72EFBFBD6A0DEFBFBD411C734FEFBFBD2A052C734F0E57EFBFBD77EFBFBD1733EFBFBD02EFBFBD0AEFBFBD1EEFBFBD24EFBFBD09EFBFBD0B0E26EFBFBD3C000FEFBFBD3B0F40EFBFBD2C00EFBFBDEFBFBDEFBFBDEFBFBD000BEFBFBDEFBFBDEFBFBDEFBFBD4316EFBFBDEFBFBD03C7B000EFBFBD05EFBFBDEFBFBD16EFBFBD5AEFBFBD0416EFBFBDEFBFBD00EFBFBDEFBFBD13EFBFBDEFBFBD1E7C1616EFBFBDEFBFBDEFBFBD0570026C4B4C69EFBFBDEFBFBD47300464EFBFBDEFBFBD1B02EFBFBD2450EFBFBDEFBFBD6208EFBFBD5245C6B2EFBFBD0846EFBFBDC28809EFBFBD29EFBFBD15EFBFBD4F5618EFBFBD33EFBFBD720E3726EFBFBD31EFBFBDEFBFBDEFBFBD64434F7CEFBFBDD3A936EFBFBDEFBFBDEFBFBDC4842453EFBFBD606AEFBFBDEFBFBD5530602A335C24EFBFBD143FEFBFBDEFBFBDEFBFBDEFBFBD577B081AEFBFBDEFBFBD4222EFBFBDEFBFBDDC98EFBFBD19264262EFBFBDEFBFBDEFBFBD26EFBFBDEFBFBDEFBFBD5954EFBFBDEFBFBD1DEFBFBD13EFBFBD72EFBFBD55EFBFBD42EFBFBDEFBFBD4EEFBFBD4CEFBFBD17EFBFBDEFBFBDEFBFBDCC8B30EFBFBDEFBFBD0B1F791125EFBFBDEFBFBDEFBFBDC2B6620AEFBFBDEFBFBDE8AFA36F2A1A6D4E555C34EFBFBDEFBFBD36EFBFBDEFBFBD766E6C6AD890EFBFBDEFBFBDEFBFBDEFBFBD6B3DEFBFBDEFBFBD12EFBFBDEFBFBD1118EFBFBDEFBFBD0A18EFBFBD7BEFBFBDC28B4AEFBFBDEFBFBDEFBFBD0E2EEFBFBDEFBFBD35355A284A674AEFBFBD0CEFBFBD215EEFBFBD220FEFBFBDEFBFBDEFBFBDEFBFBD16EFBFBD25EFBFBDD8B8EFBFBD753D6B3C5F6C2CD490EFBFBDEFBFBDEFBFBDEFBFBD60EFBFBDEFBFBD79C2A2EFBFBDF2808587EFBFBD602D3EEFBFBDEFBFBD0560EFBFBD282C5EEFBFBDEFBFBD6CEFBFBDEFBFBD4B53EFBFBDEFBFBD02EFBFBD233AEFBFBD54C38B47C48446393F72F1889FBB5E4ACCB81FEFBFBD6B4C7372EFBFBD445F16EFBFBDEFBFBD26EFBFBDEFBFBD22127DEFBFBD27EFBFBD294BEFBFBD4FEFBFBD6D1B5748EFBFBD3515EFBFBDEFBFBDEFBFBDEFBFBD6043EFBFBDEFBFBD5DEFBFBD6EEFBFBD57EFBFBD6EEFBFBD68EFBFBDEFBFBD7E44EFBFBDEFBFBD513276EFBFBDEFBFBD1419EFBFBDEFBFBDEFBFBDEFBFBD3763EFBFBDEFBFBDEFBFBD52EFBFBDEFBFBD5D64EFBFBDEFBFBDEFBFBD50EFBFBDEFBFBD64EFBFBD5E6859EFBFBD45EFBFBDEFBFBD42EFBFBDEFBFBD7CEFBFBD0E77EFBFBD08D9BA51EFBFBDEFBFBDEFBFBD7559CA882FD9BA51EFBFBDEFBFBD7966EFBFBD460CEFBFBDEFBFBD7DEFBFBDD68DEFBFBDEFBFBD205B17D9BAEFBFBDEFBFBDEFBFBD150D6BEFBFBDEFBFBD185AEFBFBD48703E4FEFBFBD4B64EFBFBD3CEFBFBDEFBFBD651CEFBFBD4B2405EFBFBDEFBFBDEFBFBD2F402CEFBFBDEFBFBD79EFBFBD28EFBFBDEFBFBD11EFBFBDEFBFBD1BEFBFBD4A1B05EFBFBDEFBFBDEFBFBD33355464EFBFBDEFBFBD73EFBFBD6EEFBFBD7200EFBFBD4360EFBFBD41EFBFBD0F306814EFBFBD187076EFBFBD063024EFBFBD7306464C25EFBFBDEFBFBD233062EFBFBD1DEFBFBD6FEFBFBD0EEFBFBDEFBFBD1BEFBFBD1D5C420754EFBFBD4757EFBFBD47414E1C51EFBFBD47EFBFBD7952EFBFBD3CEFBFBD393BEFBFBDEFBFBD3E4E524F6B53464AEFBFBDEFBFBDEFBFBD55EFBFBD6D27EFBFBDCEABEFBFBDEFBFBDEFBFBD1554EFBFBD50EFBFBD43553FEFBFBD051B54EFBFBDEFBFBDEFBFBDEFBFBD6AEFBFBD6C39EFBFBD60EFBFBD2AEFBFBD1FEFBFBD53EFBFBDEFBFBD21EFBFBDEFBFBD59541FEFBFBD1465EFBFBD20EFBFBDEFBFBDEFBFBDEFBFBDEFBFBD723665EFBFBD1A69EFBFBDEFBFBD5AEFBFBDEFBFBDEFBFBDEFBFBD7EEFBFBD38EFBFBDEFBFBD0E1E41541F33EFBFBD262FEFBFBDEFBFBDEFBFBDD49B125871EFBFBDEFBFBD79EFBFBDEFBFBD58EFBFBDEFBFBDEFBFBD33517DEFBFBDEFBFBD1E18EFBFBD7AEFBFBDEFBFBDEFBFBD2EEFBFBD6FEFBFBDEFBFBD18C29738EFBFBD27217C69392D7D6C2273EFBFBD71EFBFBDEFBFBDEFBFBD5530EFBFBDEFBFBDEFBFBDEFBFBD500F0BEFBFBDC989EFBFBDEFBFBD4774EFBFBDEFBFBDEFBFBDEFBFBD011EEFBFBDC383EFBFBD12EFBFBDC4BE492821EFBFBD74EFBFBD21EFBFBD4F1E5D3EEFBFBD30EFBFBD2971EFBFBD524F4CEFBFBDEFBFBDEFBFBDEFBFBD277914786A4A1C0B4220EFBFBD3CEFBFBD7CEFBFBD2DEFBFBDEFBFBD7CEFBFBD6D5C413E09EFBFBD24EFBFBD535BEFBFBD413EEFBFBD7C32EFBFBD183CEFBFBD5DEFBFBD4F0EEFBFBD29E493904FEFBFBD2CEFBFBD4CEFBFBDEFBFBD2731E493BB7DEFBFBD523227EFBFBD64EFBFBDEFBFBD12EFBFBD4543EFBFBDEFBFBD361E4148EFBFBD50EFBFBD272FEFBFBD4C03EE8D903209EFBFBD0A2953EFBFBD4048E99990324D14EFBFBDEFBFBD10524248EFBFBD2F2CEFBFBD46EFBFBD31EFBFBD300953EFBFBD76104B530AEFBFBD78287F4925E7B09CEFBFBD7872EFBFBDEFBFBD4927EFBFBD1109366B6028056078080C1144EFBFBD4BEFBFBDEFBFBDEFBFBDEFBFBD114F23696BEFBFBDEFBFBD4305EFBFBDEFBFBD2334620A687806EFBFBDEFBFBD07EFBFBD29EFBFBD7AEFBFBD70D4AA1E11162AEFBFBD746B676AEFBFBD4828EFBFBD292A12EFBFBDEFBFBD78EFBFBD0AEFBFBD031540EFBFBD2054E485857D45EFBFBD4626070929660A09EFBFBD0009EFBFBD0EEFBFBD452E7168EFBFBD4373EFBFBD0EEFBFBDEFBFBD5A5B29EFBFBDD8B121EFBFBD10EFBFBD34E0A3A701EFBFBDEFBFBD3A761AEFBFBDEFBFBDEFBFBDEFBFBD7EEFBFBD0BEFBFBD2C1A50EFBFBDEFBFBD08EFBFBD4B46EFBFBDEFBFBD4C2E3BEFBFBDEFBFBD0749EFBFBD57EFBFBD3643224A6262EFBFBDD2B8EFBFBD4965EFBFBD61EFBFBDEFBFBD79EFBFBDEFBFBDDF8A675D56762DEFBFBD6BEFBFBDEFBFBDEFBFBD7AEFBFBDEFBFBD7EEFBFBD5D74587074EFBFBD090F32EFBFBDEB9FAFEFBFBD50EFBFBD0BEFBFBD27EFBFBDEFBFBD425CEFBFBD6A3CEFBFBDEFBFBDEFBFBD1D775A30787337EFBFBD7AEFBFBD3B777FEFBFBD58EFBFBDEFBFBDEFBFBD31EFBFBD0CEFBFBDEFBFBD72EFBFBD07EFBFBDEFBFBD28491439EFBFBDE8B9BBEFBFBD033BEFBFBDEFBFBD20EFBFBD5E347BEFBFBD6EEFBFBDEFBFBDEFBFBDEFBFBDEFBFBD4F67EFBFBD73EFBFBD50EFBFBDEFBFBDEFBFBDEFBFBD2AEFBFBDEFBFBDEFBFBD5AEFBFBD2CEFBFBDEFBFBD6B1FD6B6EFBFBD7A6607CD947A62EFBFBDEFBFBD70EFBFBD4F62EFBFBDEFBFBD45EFBFBDEFBFBDEFBFBD18491AEFBFBDEFBFBDD8896D31EFBFBD3237EFBFBDEFBFBDEFBFBD681B57EFBFBDC5802D066C31EFBFBD12437F08D5966DEFBFBD3DEFBFBDEFBFBDEFBFBD7A4D25425240EFBFBDEFBFBD5035EFBFBDEFBFBDEFBFBD0055EFBFBDEFBFBD39EFBFBDEFBFBD2B54DFBC7BEFBFBDEFBFBD1FEFBFBD482547DBB0EFBFBD15EFBFBDEFBFBDEFBFBD1DEFBFBDEFBFBDEFBFBDEFBFBDEFBFBD013CEFBFBDEFBFBDEFBFBDEFBFBD4AEFBFBDEFBFBD27EFBFBDEFBFBDEFBFBD54EFBFBDEFBFBDEFBFBDEFBFBD27EFBFBDCF9E54294DEFBFBD49054FEFBFBD5D7FEFBFBD5CCCA5EFBFBDEFBFBDEFBFBDEFBFBD24EFBFBD2CCABBEFBFBDEFBFBD237851EFBFBDC493EFBFBDEFBFBDEFBFBDEFBFBDEFBFBD1B2F2AEFBFBD25EFBFBDEFBFBD17EFBFBDEFBFBD20EFBFBDEFBFBD4D562BEFBFBDEFBFBDEFBFBD16EFBFBD5A7851EFBFBD0BEFBFBDEFBFBD5177EFBFBD7C0EEFBFBDEFBFBD597B5149EFBFBD450252EFBFBDEFBFBD49EFBFBD5361042F2AEFBFBD38EFBFBD17D5A6EFBFBD6C1716EFBFBD2FEFBFBDEFBFBD333560EFBFBD74EFBFBD5E54EFBFBDEFBFBD56EFBFBD4B6070D88AEFBFBDEFBFBD0B78514D0B1D591CEFBFBD33775CEFBFBD3018EFBFBD121A120623EFBFBD41EFBFBD19EFBFBD115DEFBFBD1CEFBFBD171B6141EFBFBDD5B5EFBFBDEFBFBD01430633351B511AEFBFBD2203EFBFBDEFBFBDEFBFBDEFBFBDEFBFBD5FEFBFBDEFBFBD78EFBFBDEFBFBDEFBFBDEFBFBDEFBFBD1F3E3E7FEFBFBDEFBFBDEFBFBD243AEFBFBDEFBFBDEFBFBD775BEFBFBD6553256A79012B43EFBFBDEFBFBD21EFBFBD3CEFBFBDEFBFBDEFBFBD00EFBFBDEFBFBD70EFBFBDEFBFBDEFBFBD14EFBFBDEFBFBD4E63EFBFBD4EEFBFBD7D2B432721EFBFBD38EFBFBD2924120D48EFBFBD08EFBFBD2C062400EFBFBDEFBFBDEFBFBD17EFBFBD2F5BEFBFBD2E4D4D0D18EFBFBDEFBFBD15183203303C13EFBFBDEFBFBD24EFBFBD4817225DEFBFBD44EFBFBD2BEFBFBD47EFBFBD3D1AEFBFBD1CEFBFBDEFBFBD4C6B75EFBFBD15E681A211501411EFBFBD0828720C45EFBFBD39EFBFBD0D17EFBFBD6EEFBFBD4C0D40391773EFBFBD01EFBFBD71040C791842EFBFBD53EFBFBD10EFBFBD6F67EFBFBD0E48EFBFBD377A692172D6A515EFBFBD40EFBFBD6A1DEFBFBDEFBFBD27EFBFBD6A1DEFBFBD0B2FEFBFBD75EFBFBD6C4836EFBFBDEFBFBD75EFBFBD51EFBFBDEFBFBDEFBFBDEFBFBD037916EFBFBD50EFBFBDEFBFBD2D00EFBFBD6A1D692019EFBFBD750CEFBFBDEFBFBD61EFBFBDEFBFBDEFBFBD6346674E55EB88A334EFBFBDEFBFBD61EFBFBD5AEFBFBDEFBFBDEFBFBDEFBFBDEFBFBDEFBFBD66EFBFBDEFBFBD174BEFBFBD3A7AEFBFBD6C6BD3BBEFBFBD785144EFBFBD26EFBFBD08EFBFBDEFBFBDEFBFBD54794EEFBFBD13EFBFBD3B7CEFBFBD0AEFBFBD6118EFBFBD782E102F2034234E114F44EFBFBDEFBFBD78EFBFBD20DEBD4348EFBFBD3CEFBFBDEFBFBD2EEFBFBDEFBFBD366FEFBFBD4AEFBFBDEFBFBD2755EFBFBD523200EFBFBD030A6A042434EFBFBDEFBFBD385E41EFBFBD34EFBFBD1A05354E5B50EFBFBDEFBFBDEFBFBDEFBFBDEFBFBD1A6DEFBFBD0A053550EFBFBD0A55EFBFBDEFBFBD72EFBFBDEFBFBD10EFBFBD2DEFBFBD337B504DEFBFBDEFBFBD50EFBFBD690CEFBFBDEFBFBD18EFBFBD46716F17EFBFBD6A14EFBFBD06547DEFBFBDEFBFBD3B55EFBFBDEFBFBDEFBFBD53EFBFBDEFBFBD513524EFBFBD3C31EFBFBD44EFBFBDEFBFBD57135FEFBFBD1BEFBFBDEFBFBDCD9E1CEFBFBDEFBFBDEFBFBD0D5EEFBFBDEFBFBD38EFBFBD0BEFBFBD1E2D5EEFBFBD187D0744EFBFBD27225A43EFBFBD487FEFBFBD44EFBFBD54EFBFBD48EFBFBDEFBFBD4522EFBFBDEFBFBDEFBFBD51241245227D2E122953EFBFBD22EFBFBD2812EFBFBDEFBFBD27624E665224EFBFBD7245EFBFBDEA9083EFBFBD0A0FDFBB23EFBFBDEFBFBD6CEFBFBD0E4EEFBFBD2C6410304D7C290BD9A6DA9A6C59EFBFBDEFBFBDEFBFBD04EFBFBD5EEFBFBDEFBFBD07344C09EFBFBDEFBFBDE68FB2EFBFBDEFBFBD026026EFBFBDEFBFBD63EFBFBDEFBFBDD7A379EFBFBD06EFBFBD01355C1E20EFBFBD7FEFBFBDEFBFBDEFBFBDEFBFBD7246EFBFBDEFBFBDEFBFBD17201A3D3FCAB44C00164AEFBFBD1416690A58EFBFBD080B150016EFBFBDEFBFBD3058EFBFBD63EFBFBDEFBFBD242C121EEFBFBD14163A062C3C0B69EFBFBDEFBFBD46480B212DEFBFBD425A57EFBFBD2C7306756B676A00EFBFBDEFBFBD134061EFBFBD3315EFBFBD001467001000EFBFBD18EFBFBDEFBFBD76EFBFBDEFBFBD42EFBFBD4622EFBFBDEFBFBDEFBFBD20EFBFBDEFBFBDEFBFBDD480EFBFBD123A5320710220EFBFBD06EFBFBDEFBFBD03480012EFBFBDEFBFBD04EFBFBD6CEFBFBD21EFBFBD502A00EFBFBD33003112014000EFBFBD6B3BEFBFBD6DEFBFBDEFBFBD42EFBFBDEFBFBD0DEFBFBDEFBFBD205409EFBFBD34071A54090802EFBFBD121FEFBFBD046441EFBFBD5DEFBFBD4CEFBFBD2809EFBFBD55EFBFBD571648173CEFBFBDEFBFBD0E5BEFBFBD2C320DEFBFBDEFBFBD41EFBFBDC9B67DEFBFBD0316EFBFBD4E79264734EFBFBD14EFBFBDEFBFBD563DEFBFBDEFBFBDEFBFBD74487E6EEFBFBD6CEFBFBD354AEFBFBDEFBFBD5C6322EFBFBD3D46EFBFBD0BEFBFBD6FEFBFBDEFBFBD70EFBFBD35EFBFBD18EFBFBDEFBFBD38C2B5EFBFBD3A55EFBFBD2662EFBFBDEFBFBD6B76EFBFBDEFBFBD7BEFBFBD69EFBFBD6FEFBFBD1A3D2EEFBFBD1471EFBFBD73494C6CEFBFBDEFBFBDD489EFBFBD5B4B641EEFBFBD135A5070EFBFBD0DEFBFBD29EFBFBDEFBFBDEFBFBD2D491401EFBFBDEFBFBD72EFBFBD2A3A6D0B70EFBFBD5A3B2AEFBFBDEFBFBD44385DEFBFBD2D6616EFBFBD58EFBFBDEFBFBDD4891D5CEFBFBDEFBFBD09641379EFBFBDC8A41B64EFBFBDEFBFBDEFBFBDEFBFBDEFBFBD717CEFBFBDEFBFBDD4ABEFBFBD5D2A7FEFBFBD59EFBFBDEFBFBD2AEFBFBDD6B35D5BEFBFBDDB824069EFBFBD47EFBFBD3621627112EFBFBDEFBFBD2810EFBFBD4FEFBFBD7BEFBFBD31EFBFBDEFBFBD39EFBFBDEFBFBD59EFBFBDEFBFBD2EEFBFBDCE911DEFBFBDEFBFBDEFBFBD151CEFBFBD51EFBFBD0DEFBFBDDBA6EFBFBDEFBFBD7D08EFBFBD1661EFBFBD3DEFBFBD46EFBFBD57EFBFBD4AEFBFBD3232EFBFBDEFBFBDEFBFBDEFBFBD22EFBFBD05EFBFBD1A09EFBFBD00555FEFBFBDEFBFBD4C19EFBFBDEFBFBD15EFBFBD797EEFBFBD12312EEFBFBD55EFBFBDD39447EFBFBD64EFBFBD2B5E35EFBFBDEFBFBDEFBFBDEFBFBD6A24EFBFBD7201EFBFBDEFBFBDEFBFBD3C2AEFBFBD3A1E5E1FEFBFBD6E5CEFBFBD6C5FEFBFBDEFBFBDEFBFBD70EFBFBD22EFBFBDEFBFBD3864EFBFBDEFBFBD361F1045076EEFBFBD706BEFBFBDEFBFBD7201EFBFBD46EFBFBD29EFBFBD16EFBFBDEFBFBD252872EFBFBDEFBFBD5D154E13036CEFBFBDEFBFBDEFBFBD1E6005EFBFBD14EFBFBD19EFBFBD1CEFBFBD3D3560EFBFBDEFBFBD55EFBFBDEFBFBD545C002C006B5FEFBFBDEFBFBD4CEFBFBDEFBFBDEFBFBDEFBFBDEFBFBDEFBFBDEFBFBD5EEFBFBDCEB8EFBFBD75EFBFBDEFBFBDEFBFBD63C3840375EFBFBD076BEFBFBD0FEFBFBD191F2E7942EFBFBD71EFBFBD19EFBFBDEFBFBDEFBFBD78EFBFBDEFBFBD43EFBFBD3AEFBFBD33EFBFBDEFBFBD27EFBFBDEFBFBDEFBFBDEFBFBD69EFBFBD19EFBFBDEFBFBDEFBFBD6C2D6AEFBFBDEFBFBDEFBFBDEFBFBD39EFBFBD7C1BEFBFBD507D5C0603EFBFBD547CEFBFBD3EEFBFBDEFBFBD5FD297EFBFBDEFBFBDEFBFBD72EFBFBDEFBFBDEFBFBD131971EFBFBDEFBFBD764AEFBFBD74EFBFBD1736EFBFBD337EEFBFBDEFBFBD7EEFBFBD7BEFBFBD0613EFBFBD6E4579EFBFBDEFBFBDEFBFBD551B16EFBFBD700CEFBFBD2C12EFBFBD740CEFBFBDEFBFBD46EFBFBDEFBFBD712AEFBFBD7216736F2AEFBFBD4604155F6B3A7C16553364EFBFBD26C4AA5C66EFBFBD36EFBFBD44EFBFBD76EFBFBD46EFBFBDEFBFBDCEB4EFBFBD11EFBFBD32EFBFBDEFBFBD4752EFBFBD21EFBFBD536DEFBFBD20EFBFBD3EEFBFBD0225EFBFBD6E4E2344D396EFBFBD2A107D5A73EFBFBD184EEFBFBDEFBFBD6826EFBFBD5560EFBFBD18C4A9EFBFBD3F2469C68F5CEFBFBDEFBFBDE7AE972208EFBFBDEFBFBD5B4646EFBFBD34EFBFBD462E7C4DEFBFBDEFBFBD7146EFBFBD6B3CEFBFBDEFBFBDEFBFBD2DEFBFBDEEBCAEEFBFBD6D5C41EFBFBD086F1978EFBFBD4C6DEFBFBD06EFBFBDEFBFBD6E314863DFA4EFBFBDEFBFBDEFBFBDEFBFBDEFBFBDEFBFBD74EFBFBD28EFBFBDEFBFBDEFBFBD44EFBFBD7411EFBFBD45EFBFBDEFBFBDEFBFBDEFBFBDEFBFBD38EFBFBDEFBFBDEFBFBD2EEFBFBDEFBFBDEFBFBD4E653F6DEFBFBD62EFBFBDEFBFBD10EFBFBD420905EFBFBDEFBFBD0578EFBFBDEFBFBD3BEFBFBD545111317DEFBFBD22EFBFBDEFBFBDEFBFBD721AEFBFBDEFBFBDEFBFBD09EFBFBDEFBFBD54314D354AEFBFBD7B26554C1543097BEFBFBDEFBFBD77EFBFBDEFBFBDEFBFBDEFBFBD4AEFBFBD36EA8EA16F5161EFBFBDEFBFBDEFBFBD6F693D1D7D6C2A335C2440EFBFBD32EFBFBDEFBFBD450439EFBFBD46EFBFBD42EFBFBD08EFBFBD480822EFBFBD01EFBFBDEFBFBDEFBFBD290063EFBFBDEFBFBDEFBFBD6927642EEFBFBDEFBFBD5267EFBFBD0BEFBFBD2AEFBFBD7FEFBFBDEFBFBD02EFBFBD78EFBFBD31C692EFBFBD49233905786CEFBFBD570744EFBFBDEFBFBDEFBFBDEFBFBD3634EFBFBDEFBFBD1BEFBFBD1A43EFBFBD371DEFBFBD07EFBFBD74EFBFBD2CC5A603EFBFBDEFBFBD41EFBFBDEFBFBDEFBFBDEFBFBD05ED90A37B5B530347EFBFBDC88C371F52EFBFBD79EFBFBDEFBFBD4F3F063FEFBFBDCB8FEFBFBDEFBFBD13EFBFBD7F58EFBFBD27EFBFBDEFBFBDEFBFBDEFBFBDEFBFBDEFBFBDEFBFBDEFBFBDEFBFBD3FEFBFBDEFBFBD3C15EFBFBD6424EFBFBD0EEFBFBD33EFBFBDEFBFBDEFBFBD76393666EFBFBDEFBFBD0675EFBFBDEFBFBDEFBFBDEFBFBDEFBFBDEFBFBDEFBFBD2234EFBFBD67EFBFBD6F564F36D88DEFBFBD46EFBFBDEFBFBD3FDEBF7FEFBFBDEFBFBDEFBFBDEFBFBDEFBFBD376F5F7FEFBFBDEFBFBDEFBFBDEFBFBDEFBFBD1EEFBFBD675148EFBFBDEFBFBD1E34EFBFBDEFBFBD56EFBFBD6C2CEFBFBDEFBFBD17634323EFBFBDEFBFBD3CEFBFBD7CEFBFBD11166CEFBFBDEFBFBD3635357C64EFBFBDEFBFBD141F31073E7CEFBFBD6108EFBFBD1DEFBFBD67C4A87FEFBFBD4EEFBFBDEFBFBDEFBFBDEFBFBD162CEFBFBD34EFBFBD1E2CEFBFBDEFBFBDEFBFBD68092BEFBFBD35EFBFBDEFBFBD1EEFBFBD39EFBFBD5F44EFBFBD30EFBFBD5F44EFBFBDD890EFBFBDEFBFBDEFBFBD2F42EFBFBDEFBFBD34EFBFBD26EFBFBD2C227EEFBFBD4528255068EFBFBDEFBFBD7E116DEFBFBD0DEFBFBDEFBFBD45EFBFBDEFBFBD2BEFBFBD45EFBFBD2F027E11535BEFBFBDEFBFBD2FEFBFBDEFBFBD2FEFBFBDEFBFBDEFBFBD16EFBFBD72EFBFBD4257EFBFBDEFBFBD450CEFBFBD29EFBFBD22EFBFBD16EFBFBD5B44EFBFBD6814EFBFBDEFBFBD5BEFBFBD6EEFBFBDEFBFBDEFBFBDEFBFBD14EFBFBDEFBFBD67365D1562EFBFBD5E1103436AEFBFBDEFBFBDEFBFBD6DEFBFBDEFBFBD08EFBFBD113AEFBFBD6CEFBFBDEFBFBD11591E7953EFBFBD4AEFBFBD60EFBFBD35EFBFBDEFBFBD10EFBFBDEFBFBDEFBFBD38426AEFBFBD611C01EFBFBD081847EFBFBD0AEFBFBDEFBFBD51770CEFBFBD4B3D21EFBFBD39EFBFBD70EFBFBD1C25167DEFBFBDEFBFBD28EFBFBDEFBFBD531E25EFBFBDEFBFBDEFBFBDEFBFBD376212EFBFBDEFBFBD49EFBFBDEFBFBDEFBFBD0BEFBFBD5078EFBFBD4B5E24EFBFBD432609EFBFBDEFBFBD19584538EFBFBDEFBFBD2022EFBFBDEFBFBD0657EFBFBDEFBFBDEFBFBDD89011EFBFBD016CEFBFBDEFBFBD4651EFBFBDEFBFBD66EFBFBDEFBFBDEFBFBD58690B12EFBFBD7EEFBFBD070FEFBFBDEC8FAEEFBFBDEFBFBDEFBFBDEFBFBD52EFBFBD51EFBFBDC893EFBFBDEFBFBD390DEFBFBD4974EFBFBD4A094FEFBFBD32EFBFBD34EFBFBDEFBFBDD99F5667EFBFBD761CEFBFBDCEBE6D5C41670FEFBFBD3D74EFBFBD535BEFBFBD4167EFBFBDEFBFBD5EEFBFBD0455195DEFBFBDEFBFBD0FEFBFBD2974EFBFBDEFBFBDEFBFBDEFBFBD5CEFBFBD2A2374EFBFBDEFBFBD7D22EFBFBD33EFBFBDCAB82A3EEFBFBD052A320EEFBFBD671CEFBFBD754710EFBFBDEFBFBD52EFBFBDC98BEAB5A1EFBFBDEFBFBD2945EFBFBDEFBFBDEFBFBD7AEFBFBDEFBFBD7AEFBFBD08CCBC3C13EFBFBDEFBFBDEFBFBD21EFBFBDEFBFBDEFBFBD7EEFBFBDEFBFBD36EA8EA276EFBFBD39EFBFBDEFBFBDEFBFBD640E13622F752E7914EFBFBD45EFBFBD334038EFBFBD2269EFBFBD41725EEFBFBD480861EFBFBD4C2111C780EFBFBDEFBFBDEFBFBD483520EFBFBD1924EFBFBD452946EFBFBD44EFBFBD7F5D5A2867D2A9EFBFBDEFBFBD512220EFBFBDCEB7CAB310EFBFBDEFBFBD153A032B7C13EFBFBD17EFBFBD6F2EEFBFBDEFBFBDEFBFBD6CEFBFBDEFBFBDEFBFBDEFBFBDEFBFBDEFBFBDEFBFBDEFBFBD21EFBFBD2CEFBFBD15EFBFBD101C7A7876EFBFBD4149EFBFBD71EFBFBD430FEFBFBD0E3D36EFBFBD4569EFBFBDEFBFBD2EEFBFBD4C0D3EEFBFBDEFBFBDEFBFBDC28729EFBFBDEFBFBD37EFBFBDEFBFBD08EFBFBD017C5C3B715FDD9A443C5F6C2DEFBFBDEFBFBDEFBFBD6AEFBFBD3D202175EFBFBDEFBFBDEFBFBD5AEFBFBDEFBFBD2EEFBFBD65EFBFBDD4B8EFBFBDEFBFBDEFBFBD7223EFBFBD035C45EFBFBDEFBFBD64EFBFBDEFBFBD54EFBFBD23007DEFBFBDEFBFBD79EFBFBDEFBFBDEFBFBD1021EFBFBDEFBFBDEFBFBD20EFBFBD212BEFBFBD663E223D73EFBFBDEFBFBDEFBFBD15CFBAEFBFBDEFBFBD5AEFBFBDD7A8D98AEFBFBD50EFBFBD1BEFBFBD7EEFBFBDEFBFBDEFBFBDEFBFBDEFBFBD131E64EFBFBDEFBFBD3F5FEFBFBD21EFBFBD11EFBFBD27EFBFBDEFBFBDEFBFBD5CEFBFBD6A58EFBFBDEFBFBD1324775A307873374D7BEFBFBD3B777FEFBFBD58EFBFBDEFBFBDEFBFBD31EFBFBD0CEFBFBD100EEFBFBD6B0F183DEFBFBDEFBFBD283BEFBFBDE8B9BBEFBFBD033BEFBFBDEFBFBD20EFBFBD5E34EFBFBD6EEFBFBDEFBFBDEFBFBD22EFBFBD4F67EFBFBD7223EFBFBDEFBFBD7444EFBFBD6CCAB3EFBFBDEFBFBD346560E3B6B6EFBFBD7BEFBFBDEFBFBD43EFBFBD32EFBFBD38EFBFBDEFBFBDEFBFBDEFBFBD1816EFBFBD05EFBFBD04EFBFBDEFBFBD3D12EFBFBD183FEFBFBD7B16EFBFBD4C1050EFBFBD12EFBFBD385546EFBFBD10EFBFBD7BEFBFBD7B4DEFBFBDEFBFBDEFBFBD07EFBFBDEFBFBDEFBFBDD8A6D1BE7D770BEFBFBDEFBFBD51EFBFBD3921EFBFBD00EFBFBD0EEFBFBDEFBFBDEFBFBDEFBFBD6FEFBFBD6554EFBFBDEFBFBD09082CEFBFBD4E6B19D596EFBFBDEFBFBD6554EBB88265142CEFBFBD601935EFBFBDEFBFBDEFBFBD506D09EFBFBDD9836AEFBFBDEFBFBD0AD5885340EFBFBDEFBFBD5035EFBFBD73EFBFBD0055EFBFBD3034EFBFBDEFBFBD2B54DFBC7BEFBFBDEFBFBD1FEFBFBD4825EFBFBD0BCC9E15EFBFBDEFBFBDEFBFBD35081C4F0CEFBFBDEFBFBD696CEFBFBD6920135FEFBFBD1B6B01EFBFBD18EFBFBD46EFBFBD7617EFBFBD1BEFBFBD0619EFBFBD1D1BEFBFBD77EFBFBD5CEFBFBDEFBFBDEFBFBD3D6C3D11511AEFBFBDEFBFBDEFBFBD7D7347D6990DEFBFBD1CDC91076B0E0EEFBFBD231BEFBFBDEFBFBDEFBFBD0C7764EFBFBDDD91754608DC91E18EBCEFBFBD2778EFBFBD67EFBFBD5CEFBFBD1E61EFBFBD3C640D7EEFBFBDEFBFBDEFBFBDEFBFBD464E02EFBFBDEFBFBDEFBFBD7B23531AEFBFBD287B76126FEFBFBD2460EFBFBDEFBFBDEFBFBD3732EFBFBD5AEFBFBD14EFBFBD67EFBFBDEFBFBD21251CEFBFBDEFBFBDEFBFBDD4843772EFBFBDEFBFBD731B75C7B00808EFBFBD68CE866634345C24EFBFBDEFBFBD6C1443331AEFBFBD192AEFBFBD7BEFBFBD09570CCD9AEFBFBDEFBFBD6B7DEFBFBDEFBFBD52EFBFBDEFBFBD1BEFBFBD1A3A623A4FEFBFBD641A1AEFBFBDEFBFBD063446EFBFBD46EFBFBD010DCFA0EFBFBD24786DEFBFBDEFBFBD1BEFBFBDEFBFBDEFBFBD171B5BEFBFBDEFBFBD5DEFBFBDEFBFBD1C30EFBFBD4CEFBFBDEFBFBD42EFBFBD000C0FEFBFBDEFBFBD4804600018C381EFBFBD42EFBFBD650B185DEFBFBDEFBFBD1A30123EEFBFBDEFBFBD140B7036EFBFBD253622EFBFBD0F366814EFBFBD1B35373EEFBFBDEFBFBD19EFBFBDEFBFBD1D6FEFBFBD0B2B76EFBFBD5DDA991A3038EFBFBDEFBFBDEFBFBD61EFBFBD38012A3C3B466769EFBFBD63741CEFBFBD3B76EFBFBD2EEFBFBDEFBFBD5A280B04EFBFBDD8907B08EFBFBDEFBFBD71EFBFBD39EFBFBDEFBFBDEFBFBD5249EFBFBDEFBFBD16EFBFBD41EFBFBDEFBFBDEFBFBD38EFBFBDEFBFBDEFBFBDD8B5386659EFBFBDEFBFBD63EFBFBDEFBFBD0E56EFBFBDEFBFBD4828EFBFBD1E07583D1A6164EFBFBDEFBFBDEFBFBDEFBFBD29EFBFBDEFBFBD284914EFBFBDD5A365EFBFBDEFBFBDEFBFBD5A09EFBFBDEFBFBD2FEFBFBD2AEFBFBDEFBFBDEFBFBD62C79AEFBFBDEFBFBDEFBFBD6DEFBFBD3FEFBFBD70EFBFBDEFBFBD1FEFBFBD414A4EEFBFBD53EFBFBDEFBFBDEFBFBD53EFBFBDEFBFBD2055EFBFBD3AEFBFBD51465B36EFBFBDEFBFBD46196DEFBFBD0A4619307FEFBFBDEFBFBDEFBFBD54EFBFBDEFBFBD0FEFBFBDDAB2EFBFBDEFBFBD06EFBFBD2864EFBFBD42350BEFBFBD3E756AEFBFBD1A45005CEFBFBDEFBFBDEFBFBD061D50EFBFBD15EFBFBD0EEFBFBD4FEFBFBDEFBFBD55EFBFBD6343356C4B3DEFBFBD1304EFBFBD5179EFBFBD4745EFBFBDEFBFBD71EFBFBD013FEFBFBDEFBFBD0723EFBFBDEFBFBDEFBFBD66EFBFBD47053F2AEFBFBDEFBFBD28EFBFBDEFBFBDC38F0A7E543B7D22EFBFBD642E7E54EFBFBDD79370EFBFBD1AEFBFBD2CEFBFBD780FEFBFBDEFBFBD5145EFBFBDEFBFBD4CDEA32A12EFBFBD1BEFBFBD2A1AEFBFBD72EFBFBD1E55710471EFBFBD6FEFBFBDDA982BEFBFBD6B21EFBFBDEFBFBD4755EFBFBDEFBFBD581B75EFBFBDEFBFBDEAA089EFBFBDEFBFBDEFBFBDEFBFBD0DEFBFBD0748001C27013056EFBFBD321A0926EFBFBDEFBFBDEFBFBD001D56DBA5EFBFBD2C645E746B676AEFBFBDEFBFBD42EFBFBD39593CEFBFBDEFBFBD18EFBFBD15EFBFBD60EFBFBDC78867EFBFBDEFBFBDEFBFBDEFBFBDD091EFBFBD64EFBFBD1BEFBFBD24EFBFBDC388EFBFBDEFBFBD4828EFBFBDEFBFBD193416EFBFBDEFBFBD3C5BEFBFBDEFBFBDEFBFBDEFBFBD58EB8596EFBFBDEFBFBD75EFBFBD056FEFBFBD3EEFBFBD4D0D1BEFBFBDEFBFBDEFBFBD62EFBFBDEFBFBD40EFBFBD4B6C6439EFBFBD016C0CC2862CEFBFBDEFBFBDEFBFBDEFBFBDEFBFBDEFBFBDEFBFBDEFBFBDEFBFBD70EFBFBDEFBFBD4C71EFBFBD1870EFBFBDEFBFBDEFBFBD392712EFBFBDEFBFBD383F77EFBFBDEFBFBDEFBFBDDB950D08756DEFBFBD3D08EFBFBDEFBFBDEFBFBDEFBFBD2C68624F1553EFBFBD3D15EFBFBD3C76D99EEFBFBDEFBFBD7F1C2E37EFBFBDEFBFBD6AEFBFBD53EFBFBD3D55EFBFBDEFBFBD0EEFBFBD5454051AEFBFBD5443EFBFBD4C30EFBFBD7FEFBFBD44EFBFBD297BEFBFBD44065CC39ECAAA3D557979EFBFBD7776EFBFBDCAB1EFBFBD4BD5AF556BEFBFBD5471483D31EFBFBDEFBFBDEFBFBDEFBFBD27EFBFBDEFBFBDEFBFBD71EFBFBD7706EFBFBDEFBFBDEFBFBD77EFBFBD69EFBFBD33EFBFBD5237EFBFBDEFBFBDEFBFBD681B57EFBFBDCE8021150CEFBFBDEFBFBD12397F08D596EFBFBDEFBFBD3DEFBFBDEFBFBDEFBFBD57EFBFBDEFBFBDEFBFBD00EFBFBD27EFBFBDEFBFBDD19EEFBFBD05EFBFBD1A6DEFBFBD01555FEFBFBDEFBFBD21EFBFBD77EFBFBD4957EFBFBDEFBFBD7AEFBFBD27724A000B2A7F2DEFBFBDEFBFBD50EFBFBDEFBFBDEFBFBD550BEFBFBDEFBFBDEFBFBD575850EFBFBDEFBFBDEFBFBD670BEFBFBD384C6041050BEFBFBDEFBFBD3E41EFBFBDEFBFBD5850EFBFBD6DEFBFBD54EFBFBDEFBFBD7A741DEFBFBD72EFBFBD6039152621EFBFBDEFBFBDEFBFBD544A726F2CEFBFBD42EFBFBDEFBFBD795A4EEFBFBD12EFBFBD59EFBFBD24EFBFBD692E20EFBFBDEFBFBD6416EFBFBD53EFBFBD02606DEFBFBD1D2357234CEFBFBDEFBFBD67EFBFBDEFBFBD20EFBFBD003C7EEFBFBD47EFBFBDEFBFBD003C00EFBFBD63EFBFBD1AEFBFBD5AEFBFBD2B1BEFBFBD1AEFBFBD1A720F41EFBFBDEFBFBD387AEFBFBD46EFBFBD0A2F3335421573EFBFBD333522EFBFBDEFBFBD2DEFBFBD2C22EFBFBD45EFBFBDEFBFBD676AEFBFBDEFBFBDEC90A9114A22EFBFBDEFBFBD312453EFBFBD0423EFBFBDEFBFBD4C6A31EFBFBDEFBFBD46EFBFBD46EFBFBD22EFBFBD4C0D7B6BEFBFBD5FEFBFBDEFBFBDEFBFBD7552EFBFBDC6ACEFBFBD65EFBFBD69EFBFBD495E4628527E1209EFBFBD4815EFBFBD53421A66316AEFBFBDEFBFBD5842EFBFBD76EFBFBDE1BC84EFBFBD6D5C4142EFBFBDEFBFBD0CEFBFBD654C254AEFBFBD10EFBFBD2D1B057B5055EFBFBDEFBFBD50EFBFBD4A02EFBFBD27EFBFBDEFBFBDEFBFBD0EEFBFBD05EFBFBD1A6DEFBFBD0155EFBFBD6558DA923AEFBFBDEFBFBDEFBFBD63EFBFBD3CEFBFBD13006461EFBFBD656150EFBFBDEFBFBD305221EFBFBDEFBFBDEFBFBD6A1AEFBFBDEFBFBDEFBFBD2AEFBFBD30EFBFBDEFBFBDEFBFBD731A462A18EFBFBD30EFBFBDEFBFBDEFBFBDEFBFBD27123EEFBFBD34EFBFBD0BEFBFBD2AEFBFBD2CEFBFBD41E29B83EFBFBDEFBFBD084918EFBFBD2936EFBFBD24EFBFBDEFBFBDEFBFBDC497240C16733AEFBFBD24EFBFBD2CEFBFBD16EFBFBD372DEFBFBD0C19EFBFBDEFBFBDEFBFBDEFBFBD2209EFBFBD5FEFBFBD632461EFBFBD24EFBFBD73EFBFBDEFBFBD2A0D1709EFBFBDEFBFBD344EEFBFBD25EFBFBDEFBFBDC49B2A4B012128EFBFBD5473E2B3A8EFBFBDEFBFBD3B7A09EFBFBD72EFBFBD1DDCAA76EFBFBD45EFBFBD76EFBFBD060C1EEFBFBD5903EFBFBD542E0C60EFBFBD030C29010C00631030EFBFBDEFBFBDEFBFBD4EEFBFBDEFBFBD0DEFBFBDEFBFBD0C64EFBFBD1D3DEFBFBD2E53EFBFBD1C39EFBFBDEFBFBDEFBFBDCE97EFBFBD123F720E584A4F23EFBFBDEFBFBD3AEFBFBD541EEFBFBD04EFBFBD21EFBFBD3CEFBFBD3CEFBFBD2DEFBFBDEFBFBD3CEFBFBD6D5C411EEFBFBDEFBFBD03EFBFBD1C4C6DEFBFBD0651EFBFBD2832EFBFBD4D14EFBFBD691BEFBFBD47EFBFBD22EFBFBD22EFBFBD1CEFBFBD53EFBFBD2221EFBFBDEFBFBD5914EFBFBD294D20EFBFBDEFBFBD2872EFBFBD4F647735EFBFBD262EEFBFBDEFBFBDD5B258EFBFBD55EFBFBDEFBFBD3272EFBFBD32EFBFBDEFBFBDEFBFBD1D411EEFBFBDEFBFBDEFBFBD340979EFBFBDEFBFBDEFBFBD371EEFBFBD6DEFBFBD38D395472A15C3A3EFBFBD3379EFBFBD26121ED59047421EEFBFBD2F1266EFBFBD782CEFBFBD4BEFBFBDEFBFBD78EFBFBD1EEFBFBDEFBFBD707900EFBFBDEFBFBD383A171D25EFBFBD1BEFBFBDEFBFBD05400413EFBFBDEFBFBD3840EFBFBDEFBFBD3E177FEFBFBDEFBFBDEFBFBDEFBFBDEFBFBDEFBFBD28111346EFBFBD40EFBFBD1641EFBFBD63334E2C5D26457759EFBFBDEFBFBDEFBFBDD192EFBFBDEFBFBD143868144120EFBFBD4052EFBFBD0A73747468646AEFBFBD0818EFBFBDEFBFBDEFBFBD5E6729EFBFBD183EEFBFBD220FEFBFBD0AEFBFBD62EFBFBDEFBFBD574E02EFBFBDEFBFBDEFBFBD39032327380DEFBFBD111879EFBFBD010C00631030C4855E2C0A652136D5B5EFBFBDEFBFBD41230C661CEFBFBDCAA370EFBFBDD1A97FEFBFBDEFBFBD1FEFBFBDEFBFBDC7B73FEFBFBDEFBFBD6450C2B359EFBFBD6F4CEFBFBD247AEFBFBD5DEFBFBDEFBFBDEFBFBDEFBFBDEFBFBD6A01215D5AEFBFBD1A3E58386BC3875C10EFBFBD397C04EFBFBDEFBFBDEFBFBD7360EFBFBD3108167A29EFBFBDEFBFBD392D3A3533355C4474DEB8EFBFBD0AEFBFBDEFBFBD0F1721EFBFBD1170015C0CEFBFBDEFBFBD462F745EEFBFBD2CEFBFBD2FEFBFBDEFBFBD343568C484EFBFBD181A210905EFBFBDEFBFBD2334120A68001AEFBFBDEFBFBD21EFBFBD62EFBFBD682EC394191D1BEFBFBD1C32EFBFBDEFBFBD3532780264EFBFBD2C0732EFBFBDEFBFBD6132DBA2EFBFBDEFBFBD76EFBFBD483B3735356C24EFBFBDEFBFBD32EFBFBD2F24EFBFBD01181E0223EFBFBD4DEFBFBDEFBFBD3E24EFBFBDEFBFBD52EFBFBD5EEFBFBD37EFBFBDEFBFBD3146E7A6A6EFBFBD0AEFBFBDEFBFBD79EFBFBD2240EFBFBDEFBFBD1056EFBFBDEFBFBD3A1206517A424E04EFBFBDEFBFBD3438EFBFBD74EFBFBD5628EFBFBDEFBFBD2CEFBFBD5FEFBFBD696D6AEFBFBD48EFBFBDEFBFBD292D620D5AEFBFBD460B11EFBFBD16EFBFBD455F5A2CEFBFBDEFBFBD7E144A58EFBFBDEFBFBDEFBFBDEFBFBDEFBFBD3821EFBFBD39EFBFBDEFBFBDEFBFBD41EFBFBDEFBFBD163EC6A1EFBFBD10071738EFBFBD18EFBFBDEFBFBDEFBFBDEFBFBDEFBFBD5CEFBFBD6421CCB1D1B9EFBFBDEFBFBD61230BC99CEFBFBD410907363CEFBFBD066504EFBFBD0036EFBFBD6143146B0BEFBFBDEFBFBDEFBFBDEFBFBDEFBFBD6021EFBFBD4C6351EFBFBD0806267CEFBFBD045748EFBFBDEFBFBDEFBFBD12EFBFBD0F7A743B2921EFBFBD6561EFBFBDEFBFBD7B5BEFBFBDEFBFBD453E575C080A5CEFBFBDEFBFBDEFBFBDEFBFBD3FDEBF7FEFBFBDEFBFBDEFBFBDEFBFBDEFBFBD376F5F7FEFBFBDEFBFBDEFBFBDEFBFBDEFA39E655025EFBFBD0EEFBFBDD8B129EFBFBD7AEFBFBD11CB8BEFBFBD01EFBFBDEFBFBD7A1E79EFBFBDEFBFBD58084D756E6A6AEFBFBD5052EFBFBD141F3A073E3CEFBFBD6DEFBFBD3401313CEFBFBD6D34EFBFBD7002182FEFBFBD5FEFBFBDEFBFBDD1A5EFBFBDEFBFBD014367330546184A00EFBFBD4760240CEFBFBDEFBFBD0C18EFBFBD7275EFBFBD2DEFBFBD6C7433EFBFBD7AEFBFBD63C3BEEFBFBD5B3BEFBFBD6260EFBFBDEFBFBDD5AAEFBFBDC8BA337EEFBFBDEFBFBD7939EFBFBDEFBFBDEFBFBDEFBFBDEFBFBDEFBFBDEFBFBDEFBFBD6C7BEFBFBD436D5C1FEFBFBDEFBFBD16EFBFBDEFBFBDEFBFBDEFBFBDEFBFBDEFBFBD5B154D01EBBEB57CEFBFBDEFBFBD50EFBFBDEFBFBDEFBFBDEFBFBDEFBFBDEFBFBDEFBFBDEFBFBDEFBFBDEFBFBD050B357DEFBFBD7EEFBFBD1048583A20C38608EFBFBD4B46EFBFBDEFBFBD4C2E3B75EFBFBD2FEFBFBD6CEFBFBD735DEFBFBDEFBFBDEFBFBDEFBFBDEFBFBD6648445C0A3A7448EFBFBD0709EFBFBDEFBFBD6801D0BDEFBFBDEFBFBD23EFBFBDEFBFBD59EFBFBDD4A6EFBFBDEFBFBD3514C5BA1259EFBFBD2836EFBFBD4CEFBFBD61EFBFBD50EFBFBD1BEFBFBD7EEFBFBDEFBFBD60EFBFBDEFBFBD13DEACEFBFBDEFBFBD7AEFBFBDEFBFBDCB9F2FEFBFBD5042EFBFBD347EEFBFBDEFBFBD55EFBFBD17EFBFBD1A4F65EFBFBD6DEFBFBD24EFBFBD6EEFBFBDEFBFBDEFBFBDDD8AEFBFBD77EFBFBD73EFBFBD47EFBFBD25EFBFBDEFBFBD1F33EFBFBD30487F7FEFBFBDEFBFBD0DEFBFBD43474FEFBFBD75484F3D7AEFBFBDEFBFBDEFBFBDEFBFBD4EEFBFBD33EFBFBDEFBFBD17EFBFBD7EEFBFBDEFBFBD203AEFBFBD0AE997BFEFBFBD5DEFBFBD6A5DEFBFBDC499EFBFBD74EFBFBD210DEFBFBDEFBFBDEFBFBDEFBFBDEFBFBD5D1453EFBFBD7917EFBFBDEFBFBD11DB80EFBFBDEFBFBD721778D792EFBFBD05EFBFBD2541EFBFBDEFBFBD3B2778EFBFBD08252EEFBFBD2EEFBFBD34EFBFBDEFBFBDEFBFBD51786731EFBFBDEFBFBD77EFBFBD467BEFBFBDEFBFBDEFBFBD671658EFBFBD7E3EEFBFBDEFBFBD0AEFBFBD2DEFBFBD3AEFBFBD1BEFBFBDEFBFBD3CEFBFBD7FEFBFBD5548D28CEFBFBD443CEFBFBD35EFBFBD3362EFBFBDEFBFBD4560CF9BEFBFBD3038EFBFBDEFBFBDEFBFBDEFBFBD2DEFBFBD69EFBFBD6C16EFBFBD03EFBFBDEFBFBDEFBFBD48EFBFBDEFBFBD4AEFBFBD5E072FEFBFBD266A3B23EFBFBD20EFBFBDEFBFBD52EFBFBD54EFBFBD2BE9808DEFBFBDEFBFBDEFBFBD3542546430EFBFBD76EFBFBD726C7CEFBFBD03EFBFBDC3B671EFBFBDEFBFBD05EFBFBD66EFBFBDEFBFBDEFBFBDEFBFBDEFBFBD02EFBFBDEFBFBD45EFBFBD38EFBFBD61EFBFBDEFBFBDD78B7A36EFBFBDEFBFBDEFBFBDEFBFBD6F6DEFBFBDEFBFBDEFBFBD526CEFBFBDEFBFBD5D54EFBFBDE6869DEFBFBD3FEFBFBD17EFBFBDEFBFBD37EFBFBD2A04EFBFBDEFBFBDEFBFBD376FEFBFBDEFBFBDEFBFBDEFBFBD61EFBFBD53EFBFBD7FEFBFBDEFBFBDEFBFBD3003EFBFBD55EFBFBD36EFBFBDEFBFBDEFBFBDEFBFBDEFBFBDD3BD6570EFBFBDEFBFBDEFBFBDEFBFBD3CEFBFBD0154DBB60EEFBFBDEFBFBDEFBFBD525FEFBFBD4A430EEFBFBDEFBFBD16EFBFBD667B7E07EFBFBD6AEFBFBD2507547DEFBFBDEFBFBD77EFBFBD5EEFBFBDEFBFBD18EFBFBDEFBFBD08EFBFBDD4B3427D1DEFBFBDEFBFBD4376EFBFBD13036EEFBFBDD9943DEFBFBD66EFBFBDEFBFBDEFBFBD0D7302EFBFBDEFBFBD18EFBFBD46EFBFBDEFBFBD2E00EFBFBDEFBFBDEFBFBD17EFBFBD0570EFBFBD700AEFBFBD1A73EFBFBD781CEFBFBDEFBFBD5AEFBFBDEFBFBDEFBFBDEFBFBD2FEFBFBD1AEFBFBDEFBFBDEFBFBDEFBFBDEFBFBDEFBFBD553D6836262DEFBFBD54660E6BEFBFBD58197CEFBFBDEFBFBDEFBFBDEFBFBD797EEFBFBDEFBFBD7EEFBFBD2C20EFBFBDDAB810EFBFBDD395EFBFBDEFBFBDEFBFBD36EFBFBDEFBFBD6F45EFBFBDEFBFBD7B596EEFBFBD24EFBFBD7B4F276CEFBFBDEFBFBD7EEFBFBDEFBFBDEFBFBD573A2F56EFBFBD3F3DEFBFBDEFBFBDEFBFBDEFBFBD7944EFBFBD7BEFBFBDEFBFBD5CEFBFBDEFBFBDEFBFBDEFBFBD45EFBFBDEFBFBDEFBFBDEFBFBDEFBFBD6D601BEFBFBDEFBFBDEFBFBDEFBFBD3AEFBFBDEFBFBDEEAA83EFBFBD073B1757EFBFBD65EFBFBDEFBFBD300C1C3F7EEFBFBD28EFBFBDEFBFBD3FEFBFBDEFBFBD6BEFBFBD0DEFBFBD05EFBFBD6DEFBFBD0D1A30780455EFBFBDE597B25AEFBFBDCD9001EFBFBDEFBFBD6603EFBFBDCC9EEFBFBDEFBFBDDF9071CFBCDF98EFBFBDEFBFBDEFBFBD34EFBFBDEFBFBDEFBFBD2AEFBFBD5551EFBFBD34EFBFBD7A755EEFBFBD1AEFBFBD56EFBFBD17EFBFBDDBB9EFBFBDEFBFBD1DEFBFBD65775AEFBFBD2D4C4B1FEFBFBDEFBFBDEFBFBD66EFBFBDEFBFBD055DEFBFBDEFBFBD65EFBFBDEFBFBDEFBFBD663DEFBFBDEFBFBDEFBFBD5BEFBFBDEFBFBD377A39EFBFBDEFBFBD1FEFBFBDEFBFBD5A174F071EEFBFBD4D031F64D9A743EFBFBDDFB65D2E46EFBFBDEFBFBD6D3B78EFBFBDEFBFBD4AEFBFBD4DEFBFBD25EFBFBD2BEFBFBD24EFBFBD3FEFBFBDEFBFBD271AEFBFBD10EFBFBDEFBFBDCA92EFBFBD7DEFBFBDEFBFBDEFBFBDEFBFBD2A6EEFBFBD4572EFBFBDDE94CBA6EFBFBDEFBFBDEFBFBDEFBFBD42EFBFBD1BEFBFBDEFBFBDEFBFBD7CEFBFBDEFBFBD0DEFBFBDD4B45A3B5DEFBFBD264DEFBFBD522F1EEFBFBDC5A97A6405194AEFBFBDC4B6EFBFBDEFBFBD74EFBFBDEFBFBD7AEFBFBD0DEFBFBD78EFBFBD6C7DEFBFBD385AEFBFBDDCBCEFBFBDEFBFBDEFBFBD7B54EFBFBD5AEFBFBD74134FEFBFBD2CEFBFBD1F720A44EFBFBD1852163FEFBFBDEFBFBD3DEFBFBDEFBFBDEFBFBD7AEFBFBD7A134A1930EFBFBDEFBFBD2FEFBFBDEFBFBD4A31EFBFBD686421EFBFBDEFBFBD23EFBFBD65EFBFBD43EFBFBD633653CF964809EFBFBD1CEFBFBDEFBFBD39EFBFBDEFBFBD5AEFBFBDEFBFBD01213DEFBFBD273BC686EFBFBDEFBFBDEFBFBDEFBFBD771FEFBFBDEFBFBDEFBFBDEFBFBDEFBFBD57166370EFBFBD5AEFBFBD53EFBFBD7F6E6656EFBFBD3BEFBFBD66DFBE08EFBFBD0464EFBFBD70581B7FEFBFBD48EFBFBDEFBFBD4934EFBFBD5AEFBFBDEFBFBDEFBFBD4201081A01415106040141EFBFBD21EFBFBDEFBFBDEFBFBD5B7107EFBFBDD8907B08EFBFBD3DEFBFBDEFBFBDEFBFBD01EFBFBD7AEFBFBD233EEFBFBD03EFBFBD2C753A5D32CAB2405B4DEFBFBD13EFBFBD42EFBFBD64EFBFBDEFBFBD0EEFBFBD5C50EFBFBD74EFBFBD21EFBFBD2618EFBFBD3F6644EFBFBD54EFBFBD64EFBFBD49EFBFBD7449EFBFBDEFBFBD7BEFBFBDEFBFBDEFBFBD2757EFBFBDEFBFBDEFBFBDEFBFBD5E5465EFBFBDEFBFBD6575165830EFBFBD33EFBFBD631A0770EFBFBD62EFBFBD49683F093A365CEFBFBDEFBFBD22614BEFBFBD1D24EFBFBDEFBFBD38EFBFBD11126AEFBFBD51EFBFBD615E2B48D881EFBFBD37EFBFBD1FEFBFBDEFBFBDEFBFBD5AEFBFBD6524506F5423E2879140DBAC672D0523CEAD792BEFBFBD3805EFBFBD732DEFBFBDEFBFBD71EFBFBD140CEFBFBDEFBFBD03291866EFBFBDEFBFBD566658EFBFBDEFBFBD29EFBFBD314EDEABEFBFBDEFBFBD51EFBFBDEFBFBDEFBFBD482CEFBFBD3D06EFBFBD31EFBFBDEFBFBD493C5C2AEFBFBDEFBFBDEFBFBDEFBFBD2D1513EFBFBDEFBFBD5414030AEFBFBD01EFBFBD33EFBFBDEFBFBDEFBFBD110CEFBFBDEFBFBD6CEFBFBD631F4A38EFBFBDEFBFBD6BEFBFBDEFBFBD6422EFBFBD11EFBFBDEFBFBDEFBFBDEFBFBDEFBFBD7AEFBFBDEFBFBD1B46D286EFBFBD0559EFBFBD47EFBFBDEFBFBD1DEFBFBDEFBFBD45162FEFBFBD783DEFBFBDEFBFBD0DEFBFBD4C1064EFBFBD22EFBFBD77EFBFBD4F70EFBFBD67EFBFBDEFBFBD7BEFBFBD2E3E46366F5BEFBFBD50EFBFBD4D3C42566FEFBFBD083DEFBFBDEFBFBD4405EFBFBD64EFBFBDEFBFBDEFBFBDEFBFBD63EFBFBD5405EFBFBDEFBFBD54711E23EFBFBDCAB3EFBFBD2AEFBFBD49EFBFBD5421EFBFBDCAB1EFBFBDEFBFBDEFBFBD422DEFBFBDE2988EEFBFBD6DEFBFBD1D23EFBFBD3715EFBFBDEFBFBD422E6F3367EFBFBD061478E6868B0414EFBFBD1EEFBFBD30774A12EFBFBD4D616E1A45EFBFBDEFBFBD5D73E2B3A8EFBFBDEFBFBD3B362856EFBFBD32EFBFBDEFBFBD392CEFBFBDEFBFBD333560647C12EFBFBD432DEFBFBDEFBFBDEFBFBD4D3BEFBFBD741917EFBFBDEFBFBD674EEFBFBDEFBFBDEFBFBD430F0BEFBFBDEFBFBD29EFBFBD63EFBFBDEFBFBDEFBFBDEFBFBDDAA0D7B22A2E647D532D3837746F6C6A0CEFBFBD09EFBFBDEFBFBDEFBFBD501AEFBFBDEFBFBD6EEFBFBD080C11EFBFBD0A18EFBFBD04EFBFBDEFBFBD4048EFBFBDEFBFBDEFBFBD7AEAB383EFBFBDEFBFBD6D4DEFBFBD162AEFBFBDEFBFBDEFBFBD5CEFBFBDEFBFBD6CEFBFBD4B5A680D5AEFBFBD167D6921EFBFBD6AEFBFBDEFBFBDEFBFBDEFBFBD5F7F09EFBFBDEFBFBD726D0EEFBFBD5EEFBFBD4DEFBFBD195ACF9319EFBFBDEFBFBD60EFBFBDEFBFBDEFBFBD1061EFBFBDEFBFBDEFBFBD67EFBFBD681C42C68646EFBFBDEFBFBD59EFBFBDEFBFBD6263EFBFBDCDBA735353EFBFBDEFBFBD16330D47EFBFBDEFBFBD00163EC28273EFBFBD02EFBFBD1806EFBFBD17EFBFBD2F5BEFBFBDEFBFBDEFBFBDEFBFBDEFBFBD60EFBFBD47EFBFBD4C61EFBFBD2AEFBFBDEFBFBD33EFBFBDEFBFBD5011EFBFBDEFBFBD50EFBFBD3AEFBFBDEFBFBD5D15EFBFBDEFBFBDC282EFBFBDEFBFBD4B33EFBFBDEFBFBD07EFBFBD0F3AEFBFBD7F26EFBFBD0F7824EFBFBD2C7C2042225DEFBFBD7BEFBFBD7526EFBFBD55EFBFBD5AEFBFBDEFBFBD0BEFBFBD0FEFBFBD5675EFBFBD7B1641EFBFBDEFBFBD07EFBFBDEFBFBD4D30EFBFBD77EFBFBD643474EFBFBDEFBFBD41EFBFBD7500EFBFBD67EFBFBDEFBFBD5FEFBFBD7E76EFBFBDEFBFBDEFBFBDEFBFBDEFBFBDEFBFBDEFBFBD5615E599A505D38076EFBFBD593CEFBFBD38EFBFBDEFBFBDEFBFBD59EFBFBDEFBFBD3416EFBFBD19EFBFBDEFBFBD4FEFBFBD3E4172583CEFBFBDD8B7EFBFBD2D45EFBFBD79DFBEEFBFBD7105EFBFBD3EEFBFBDEFBFBDEFBFBD0C772A71EFBFBD506DEFBFBD3ED8836A2C7CEFBFBD2AEFBFBD61EFBFBD7B6AEFBFBD1AEFBFBDEFBFBD5DEFBFBDEFBFBDD1B61C50EFBFBD15EFBFBD6EEFBFBDEFBFBDEFBFBDEFBFBD503A617F3B6C0F3DEFBFBDEFBFBD0218EFBFBDEFBFBD19EFBFBD32EFBFBD1C6F792CEFBFBD78EFBFBDEFBFBDEFBFBDEFBFBD4D2C1C6FEFBFBD78EFBFBDEFBFBD2DEFBFBD6338EFBFBDEFBFBDEFBFBD76EFBFBD4FEFBFBDEFBFBD5C1C6FEFBFBD25EFBFBDEFBFBD773B50EFBFBDEFBFBDEFBFBD6DEFBFBD3B7A04EFBFBD5BEFBFBD29EFBFBDEFBFBDEFBFBD6DEFBFBDEFBFBD37EFBFBD22EFBFBDEFBFBD3C25EFBFBDEFBFBD4352EB9BA456EFBFBD10EFBFBD5A486A1DEFBFBDEFBFBD36346D5FEFBFBDEFBFBD4073EFBFBDEFBFBD4C42EFBFBD2D1C1E23EFBFBD232339EFBFBD29EFBFBD0C170C40EFBFBDEFBFBD51EFBFBDEFBFBD06EFBFBDEFBFBD22EFBFBD50EFBFBDEFBFBD77EFBFBD556121C5B06343EFBFBD2108191E47EFBFBDEFBFBD71EFBFBD65EFBFBD47EFBFBD72EFBFBD74EFBFBDEFBFBDEFBFBD3FCBAA5A5DEFBFBDC8850CEFBFBDEFBFBDEFBFBDEFBFBD2F191E2FEFBFBD7F78EFBFBDEFBFBDEFBFBDEFBFBDEFBFBD257A64612AEFBFBDEFBFBD3124EFBFBDC38426EFBFBD611AEFBFBDEFBFBD440F451336EFBFBD44EFBFBDEFBFBD63EFBFBD542BEFBFBD331B156C3AEFBFBD656B03EFBFBDEFBFBD7151EFBFBD5D66EFBFBDEFBFBD2C155BEFBFBDEFBFBD1ACEB8EFBFBD403A1877C3B820EFBFBD60EFBFBD1BEFBFBD4B33EFBFBD12EFBFBD0CEFBFBD6CEFBFBDEFBFBDEFBFBD00EFBFBD15EFBFBDEFBFBD68EFBFBD5A0EEFBFBDEFBFBDEFBFBD2739EFBFBD6D13EFBFBDEFBFBD740B2518EFBFBD33EFBFBD22EFBFBD5C23EFBFBDEFBFBDEFBFBD16660B1407EFBFBD2DEFBFBD160EEFBFBD78EFBFBDD0ABEFBFBD00EFBFBDEFBFBD27EFBFBDEFBFBD66EFBFBDEFBFBDEFBFBDEFBFBD6A2411213317EFBFBDEFBFBDEFBFBD681E1E2E155BEFBFBDEFBFBDEFBFBDEFBFBDEFBFBDEFBFBD546431035401EFBFBD7E50353A470154EFBFBDEFBFBD6BEFBFBD48EFBFBDEFBFBD6CEFBFBDEFBFBD271C1351732003EFBFBD2E03D7B7045CEFBFBDEFBFBD48EFBFBD75350177EFBFBD5E1509EFBFBD48EFBFBDEFBFBD390157EFBFBD0A09EFBFBD48EFBFBDEFBFBDEFBFBD13EFBFBDEFBFBD2801EFBFBDE6BCAF5D183CEFBFBD345CEFBFBDDBAE37EFBFBD08D9B7591E4D3FEFBFBD5673EFBFBD4DEFBFBDEFBFBD0CEFBFBD68EFBFBD32EFBFBD5153EFBFBDEFBFBD3045CA9367294F79EFBFBD23EFBFBD09294FEFBFBDEFBFBD3CEFBFBD10341D3534EFBFBD46EFBFBD31726D254D275176EFBFBDEFBFBDEFBFBD5703EFBFBD38E6868B0414EFBFBD1CEFBFBDEFBFBD66EFBFBD097FEFBFBD6FEFBFBD2842EFBFBDCD9A13EFBFBD45D58CDCB141EFBFBD2936DB8505EFBFBDEFBFBD6EEFBFBD4C0D1861EFBFBD660D0CEFBFBD0318EFBFBD01EFBFBD11EFBFBDEFBFBD5AEFBFBD67EFBFBDEFBFBD47E8B78DEFBFBD3AEFBFBDCEA2EFBFBDEFBFBD54C585EFBFBD6FEFBFBD39357A34363574EFBFBDEFBFBDEFBFBDEFBFBDD787EFBFBD40021A3E422362EFBFBDEFBFBD46300168EFBFBD505A79EFBFBDD495EFBFBD0D46EFBFBD76EFBFBD46EFBFBDEFBFBDCF951231EFBFBD423C3B0A614404380AEFBFBD51EFBFBD634721EFBFBD6BEFBFBD1F0B7BEFBFBD6EEFBFBD072078EFBFBD75EFBFBD014DEFBFBDEFBFBD72EFBFBD7BEFBFBDEFBFBD265349EFBFBDEFBFBD7EEFBFBD09EFBFBD6DEFBFBD7B30EFBFBD7117EFBFBDEFBFBDEFBFBDEFBFBD75EFBFBDEFBFBDEFBFBD1CEFBFBD1047EFBFBDEFBFBD1067EFBFBD21EFBFBD0946EFBFBDEFBFBD19EFBFBDEFBFBD65EFBFBDC6B9EFBFBD1332EFBFBD19EFBFBD0927EFBFBD7456EFBFBD3CCFB7EFBFBDEFBFBD38EFBFBD5AEFBFBD05EFBFBDEFBFBDDEAD5A73EFBFBDEFBFBD03EFBFBD2BEFBFBDEFBFBDEFBFBDEFBFBD14EFBFBDCE8CEFBFBDEFBFBDEFBFBD22EFBFBD32EFBFBD62EFBFBD3AEFBFBD36D5B94DEFBFBDEFBFBD7CEFBFBD73DBB842EFBFBD33EFBFBD43EFBFBD1F32EFBFBDEFBFBDEFBFBD43EFBFBDEFBFBD6C1DEFBFBD413508635FEFBFBDEFBFBD520AEFBFBDEFBFBD18EFBFBD467B7E17EFBFBD6AEFBFBD2507547DEFBFBDEFBFBD1BEFBFBD21EFBFBD4E38EFBFBD0CEFBFBD3D4FEFBFBD00EFBFBD22EFBFBD7AEFBFBDEFBFBD410E4F11573D45EFBFBDEFBFBD5FEFBFBD29024F11EFBFBD3D45EFBFBD20EFBFBDEFBFBD083C4576EFBFBD0BEFBFBDEFBFBDEFBFBDEFBFBDEFBFBDEFBFBD421246224356EFBFBD77EFBFBD08EFBFBD212A1272EFBFBDEFBFBD21EFBFBDEFBFBD5E5FEFBFBD4354EFBFBDEFBFBD2CEFBFBD4318EFBFBD20EFBFBDEFBFBD4D324B39EFBFBD4320EFBFBDEFBFBD7B48EFBFBD20581B75EFBFBDEFBFBDEFBFBD505CEFBFBD1927EFBFBD332AEFBFBD1EEFBFBD635E1F55700FEFBFBD13EFBFBDEFBFBDEFBFBDEFBFBDEFBFBD6556690BEFBFBD7DEFBFBDDA991A3004EFBFBDEFBFBD06EFBFBDEFBFBD7BEFBFBDEFBFBDEFBFBD0829EFBFBD437CEFBFBD05EFBFBD4326EFBFBDEFBFBDEFBFBDEFBFBD332F3C0CEFBFBD1EEFBFBD25341206687806EFBFBD264569532CEFBFBDEFBFBDEFBFBDEFBFBD753D733C5F1C3C16EFBFBD2AEFBFBDEFBFBDEFBFBDEFBFBDD480EFBFBD493D536070EFBFBDEFBFBD78090C19001800EFBFBD7060EFBFBD107FEFBFBD0246EFBFBDEFBFBDEFBFBD060C396B6B5B16EFBFBD18EFBFBDEFBFBD101BEFBFBD6860C3B7EFBFBDEFBFBD03EFBFBDEFBFBD6DEFBFBD30EFBFBD45EFBFBD46EFBFBDEFBFBD0935571B5B464300EFBFBD33EFBFBD15EFBFBD32EFBFBDEFBFBDEFBFBDEFBFBD724C6D25EFBFBDEFBFBD5A280B16EFBFBD1D1BEFBFBD1AEFBFBD341733455042EFBFBD20EFBFBD10243810040439EFBFBDEFBFBD4D7151EFBFBDEFBFBD0D3FEFBFBDEFBFBDEFBFBDEFBFBDDC987B28EFBFBD5B6EEFBFBDEFBFBDEFBFBDEFBFBD2DEFBFBD51EFBFBD5BEFBFBD66EFBFBD70EFBFBD2D374A62EFBFBDEFBFBD3A7FEFBFBD2C77EFBFBD2DEFBFBD2DEFBFBD00EFBFBD5C1D1001EFBFBDEFBFBD216EEFBFBD2618EFBFBD3F66EFBFBDEFBFBD29EFBFBDEFBFBD284914EFBFBD5BEFBFBD55EFBFBDEFBFBDEFBFBD6A757376EFBFBDEFBFBDEFBFBDDBAF555BEFBFBDE9BDA4EFBFBD42EFBFBD32EFBFBD78EFBFBD526179EFBFBD2AEFBFBD02EFBFBD5A621920EFBFBDEFBFBD1907EFBFBD205D1446EFBFBD25EFBFBDEFBFBD50680AEFBFBD1DEFBFBD74CD9EEFBFBDEFBFBD67EFBFBDEFBFBDEFBFBDDEB22D7F785677054FEFBFBDEFBFBD551ED19358EFBFBD46EFBFBDEFBFBD7E5AEFBFBD6A121358D99EEFBFBDCAB6EFBFBD63EFBFBD792BDBB671052B5BEFBFBDEFBFBDEFBFBD1F7E2A27EFBFBD0FEFBFBDEFBFBD162CEFBFBD07EFBFBD44EFBFBD0A554A34EFBFBD7A62EFBFBD1A45EFBFBD1DEFBFBDEFBFBD59101A50EFBFBD15EFBFBDEFBFBDEFBFBDEFBFBD7F174075EFBFBD1FEFBFBD77EFBFBD7862EFBFBD6DEFBFBDEFBFBDEFBFBD03EFBFBD16EFBFBD023754EFBFBDC59E1AEFBFBD46EFBFBD7617EFBFBD6B140B077001EFBFBD6344EFBFBD5DEFBFBD6EEFBFBDEFBFBDEFBFBD44046928EFBFBDEFBFBD6D61164643146671EFBFBD30EFBFBDEFBFBDEFBFBD310AEFBFBDEFBFBD30EFBFBDC78559EFBFBD6909EFBFBD5950EFBFBDEFBFBD41EFBFBD207329EFBFBD52EFBFBDEFBFBD33EFBFBD2ECBA3EFBFBDEFBFBD77EFBFBDEFBFBD2C390DEFBFBDEFBFBDCBB2EFBFBD11E7BE9465EFBFBDEFBFBD1049EFBFBD14EFBFBD3413EFBFBD38EFBFBD34EFBFBDEFBFBDEFBFBD4CEFBFBDDE8A2C4D6469EFBFBD56EFBFBDEFBFBDD98EEFBFBD4AD8A8EFBFBDD2B129EFBFBDEFBFBD581BEFBFBDEFBFBD300BC8A368EFBFBD6601EFBFBDEFBFBD6201181A01435C0343EFBFBDEFBFBD73185A377536EFBFBD150C756C6A6A18EFBFBDEFBFBD78EFBFBD18122130EFBFBD1BEFBFBD54060C01434E7AEFBFBD2CEFBFBDEFBFBD5A327D5A730F4670EFBFBDEFBFBD341BEFBFBDEFBFBDEFBFBDEFBFBD3AEFBFBD3EEFBFBDEFBFBDEFBFBD6A40EFBFBDEFBFBD13EFBFBDEFBFBD27EFBFBDEFBFBDEFBFBDEFBFBDEFBFBD2779EFBFBD422E7F5BEFBFBD1BEFBFBDEFBFBD791250EFBFBDEFBFBD0FEFBFBDEFBFBD37EFBFBDEFBFBDEFBFBD31EFBFBD69EFBFBD542E7F12EFBFBD4822EFBFBDEFBFBD722EEFBFBDEFBFBDEFBFBDEFBFBDEFBFBD4257EFBFBD7225EFBFBD25EFBFBDEFBFBD6AEFBFBDEFBFBDEFBFBD35EFBFBD4EEFBFBDEFBFBD58EFBFBD43EFBFBD435B5B581DEFBFBDCBB3140E6DEFBFBDEFBFBD2E4E09583733EFBFBDEFBFBDE3B08EEFBFBDC7BA3C747A5FEFBFBD591C31EFBFBDEFBFBDEFBFBDEFBFBDEFBFBDEFBFBD12EFBFBD5A62EFBFBD605DEFBFBD4A0DD6B9EFBFBD3AEFBFBDEFBFBDEFBFBD68EFBFBDEFBFBD1BEFBFBD75EFBFBD61EFBFBD55EFBFBDEFBFBDEFBFBD2FEFBFBD37773DDAB6EFBFBDEFBFBD166BEFBFBDEFBFBDEFBFBD696BEFBFBD6459EFBFBD70EFBFBD59EFBFBD69EFBFBD7BCEA940EFBFBDEFBFBD6933EFBFBDEFBFBD42EFBFBD0E64EFBFBDEFBFBD45EFBFBD5B7961EFBFBD572BEFBFBD5E7DEFBFBD5E6D146CEFBFBD7EEFBFBDEFBFBD6F03EFBFBD07EFBFBD3EEFBFBDEFBFBDEFBFBDEFBFBD52EFBFBD65736C6FEFBFBDEFBFBD735FEFBFBDEFBFBD42C780EA89A16A14EFBFBD7201EFBFBD46412740EFBFBD57EFBFBD3A64EFBFBDEFBFBD3754EFBFBD1DD2A028EFBFBDEFBFBDEFBFBDEFBFBD720A6B0DEFBFBD691A104FE1AB88047CEFBFBDEFBFBDEFBFBD37D48DEFBFBD0DEFBFBD2FEFBFBD6BEFBFBDEFBFBD39EFBFBD7656224C24EFBFBD001EEFBFBDEFBFBD7A10C6B9EFBFBD640778100E56EFBFBD1CEFBFBD201C1E3EEFBFBD07213C087DEFBFBD20EFBFBDEFBFBDEFBFBDEFBFBD20EFBFBD07EFBFBD4EEFBFBDEFBFBD773BEFBFBD7B10EFBFBDEFBFBDEFBFBDC284EFBFBDEFBFBD0961EFBFBDDDB3EFBFBD42EFBFBD493AEFBFBDD2946F2EEFBFBD696EC3AFEFBFBD242EEFBFBDEFBFBDEFBFBDEFBFBDEFBFBDEFBFBD11EFBFBDEFBFBD2132EFBFBDEFBFBDEFBFBDEFBFBDEFBFBDEFBFBD1769EFBFBDEFBFBD21EFBFBD20EFBFBDDD80EFBFBD6BEFBFBD4F367CEFBFBDEFBFBD17046BEFBFBDEFBFBD08EFBFBD4FEFBFBD64EFBFBD24EFBFBD6FEFBFBD397B15EFBFBDEFBFBDCAB2EFBFBDEFBFBDEFBFBDEFBFBD3F7EEFBFBDEFBFBDEFBFBDEFBFBDEFBFBD1034EFBFBD457DEFBFBDEFBFBD7E1EEFBFBD0962EFBFBD091A45C69C18EFBFBD1AEFBFBD38EFBFBD5954EFBFBDEFBFBD1D1B14EFBFBD72EFBFBD55EFBFBD1C16EFBFBDDA991A30EFBFBD14EFBFBD06061300EFBFBDEFBFBDEFBFBDEFBFBDEFBFBD1F6058EFBFBD574CEFBFBD17EFBFBD08EFBFBDEFBFBD5F47EFBFBD5934D29BEFBFBDEFBFBDEFBFBD63EFBFBDD7A3EFBFBDEFBFBDEFBFBD43EFBFBD74EFBFBDEFBFBD59EFBFBD001A3E4243E6808667EFBFBD6872EFBFBDEFBFBD0646EFBFBDEFBFBD59EFBFBDEFBFBD6263EFBFBDEFBFBDEFBFBD735353EFBFBDEFBFBDEFBFBDEFBFBD4C61EFBFBD1960EFBFBD212C6420010BEFBFBD62182C5EEFBFBDEFBFBD6CEFBFBDEFBFBD4B53EFBFBDEFBFBD024EEFBFBD662A13EFBFBD70EFBFBD0539EFBFBD53EFBFBDCF9D2F25275E38EFBFBD70EFBFBDEFBFBDEFBFBD24EFBFBD5932EFBFBDEFBFBD41EFBFBD0724EFBFBDEFBFBDEFBFBD3A696656EFBFBD60EFBFBDEFBFBDCCACEFBFBD71EFBFBDEFBFBD2C78EFBFBDEFBFBD6B646A0B36EFBFBD5EEFBFBDEFBFBD5EC5BE255FEFBFBDEFBFBDEFBFBDEFBFBD11EFBFBD57EFBFBD48EFBFBD32EFBFBD29EFBFBDEFBFBDEFBFBD7CEFBFBD73EFBFBD481941EFBFBD15EFBFBDEFBFBD76EFBFBD447C77EFBFBD3AEFBFBDEFBFBD72EFBFBDEFBFBDEFBFBD417957076EEFBFBD1152EFBFBDEFBFBD54EFBFBDC9A75CC9847AEFBFBD721564EFBFBD4C4B1D2BEFBFBD20EFBFBDCAB3EFBFBD2B1529EFBFBD5C21EFBFBDCAB1EFBFBDEFBFBDC38B0F0B2036EFBFBD7EEFBFBD71770C6D4B2025EFBFBD297A0C170840EFBFBD08EFBFBD111CEFBFBD017A1C43CF85EFBFBDEFBFBDC5BA34EFBFBD4FC786EFBFBDEFBFBD2025EFBFBD4C11EFBFBD2920EFBFBD4379EFBFBDEFBFBD233227796530015438EFBFBDEFBFBDEFBFBDEFBFBDCA9C12EFBFBDEFBFBD71EFBFBD1150551E5D552973756C55EFBFBD31EFBFBDEFBFBD724A63EFBFBD744D7AC694EFBFBD3AEFBFBDEFBFBD48076AD2B7EFBFBDEFBFBD675FEFBFBDEFBFBD532209EFBFBDEFBFBD0EEFBFBDEFBFBD6BEFBFBDEFBFBDEFBFBD63EFBFBDEFBFBD6ED5A46731EFBFBDEFBFBDEFBFBD6BEFBFBD4E6FEFBFBD38EFBFBDEFBFBD05EFBFBDEFBFBD79EFBFBD52EFBFBDEFBFBD21EFBFBD1FEFBFBD3E3DEFBFBDEFBFBD0871EFBFBD3EEFBFBDEFBFBD5EEFBFBD312CEFBFBD0BEFBFBD6B397005EFBFBD02EFBFBDEFBFBD7BEFBFBD70EFBFBD53EFBFBDEFBFBDD39B257CEFBFBD7B2DEFBFBD3B0EEFBFBDEFBFBD48EFBFBD6F1BEFBFBD08EFBFBD24EFBFBDEFBFBD6DEFBFBDEFBFBDEFBFBD51EFBFBD79EFBFBD6B465D2E3832EFBFBD4EEFBFBD5167EFBFBD3C7120EFBFBDEFBFBD6CEFBFBD70EFBFBDEFBFBDEFBFBDEFBFBD3E444DEFBFBD53EFBFBD6AEFBFBD60EFBFBDEFBFBD7B35EFBFBD44EFBFBD27EFBFBD3C5167640A0FEFBFBDEFBFBD6DEFBFBD607B4B45EFBFBD7AEFBFBD54EFBFBDEFBFBDD4802AEFBFBDEFBFBD6BEFBFBDEFBFBD1DEFBFBD00EFBFBDEFBFBD42D59DEFBFBDEFBFBDEFBFBDEFBFBD0A38531C77EFBFBDEFBFBDEFBFBD441420EFBFBD69EFBFBD44EFBFBD220A2E0DEFBFBDEFBFBD340CEFBFBDEFBFBDC2A5012E0D3EEFBFBD3428EFBFBDEFBFBDEFBFBD012E0DEFBFBDEFBFBD4925EFBFBDEFBFBDEFBFBD70D69E6802EFBFBDEFBFBD4349EFBFBDEFBFBD37EFBFBD08EFBFBD0D34EFBFBDEFBFBDC9BB36EFBFBD71EFBFBD6B0355EFBFBDCEB2506E442841DE925FEFBFBDEFBFBD11EFBFBD62EFBFBDEFBFBD227516EFBFBD727BEFBFBDEFBFBD5BEFBFBD3B46EFBFBD2CEFBFBD19EFBFBD71EFBFBDC388182E12EFBFBD363B4AEFBFBD6C4444405028EFBFBD334EEFBFBD50EFBFBD04EFBFBDEFBFBD0B396B606431EFBFBDEFBFBD2330EFBFBD262863EFBFBD172F5028EFBFBD3574EFBFBD78EFBFBDEFBFBDEFBFBD0B791EEFBFBD52EFBFBD2AEFBFBD334FEFBFBD6F42EFBFBDEFBFBD53282AEFBFBDEFBFBDEFBFBDEFBFBD4F4565180CEFBFBDC682EFBFBDEFBFBD4851EFBFBD16EFBFBD775E51EFBFBD36EFBFBDEFBFBDEFBFBD44EFBFBD02EFBFBD14EFBFBDEFBFBD60EFBFBD4EEFBFBD5BEFBFBD6444480CEFBFBDEFBFBDEFBFBD3AEFBFBDEFBFBD38EFBFBD4E123A49EFBFBD75EFBFBDEFBFBDEFBFBD44EFBFBDEFBFBDEFBFBD4E7237EFBFBDEFBFBDC299EFBFBD2437EFBFBD45EFBFBD2A370222EFBFBD21EFBFBDEFBFBDD6BB7704EFBFBD64EFBFBD523175EFBFBD6414EFBFBDEFBFBDEFBFBD0CEFBFBDEFBFBDEFBFBD4232EFBFBD39C789EFBFBD5F0A494A35EFBFBD42120A492824EFBFBD5BEFBFBD3BEFBFBDEFBFBD25EFBFBDD4AC15EFBFBDEFBFBD70EFBFBD00EFBFBDEFBFBD38EFBFBD17EFBFBDEFBFBD1C0A49282427EFBFBDEFBFBD74121832D7B30606EFBFBD00EFBFBDEFBFBDEFBFBDEFBFBD31EFBFBD42120AC9992824EFBFBDEFBFBD0E2824EFBFBDEFBFBDEFBFBDEFBFBD02EFBFBDEFBFBD1B0AEFBFBD285021EFBFBD4421EFBFBD727E12EFBFBD2455EFBFBDDA93EFBFBD5AC39EEFBFBDEFBFBD0AC9B6EFBFBDEFBFBDEFBFBD0AC9967105EFBFBD2414EFBFBD50484E6DEFBFBD06EFBFBDEFBFBDEFBFBD0AEFBFBD40EFBFBD583E4221791CEFBFBDEFBFBD60EFBFBD422109EFBFBDEFBFBDEFBFBD0AEFBFBD40710EEFBFBD2414EFBFBD3B7D4248321FEFBFBD64EFBFBDE5B682EFBFBDEFBFBD70EFBFBD64EFBFBD0D3CEFBFBD4EEFBFBDEFBFBD11EFBFBDEFBFBD4E320CEFBFBD374EEFBFBDEFBFBDEFBFBDEFBFBD3C75EFBFBDEFBFBD0AEFBFBDEFBFBDEFBFBD4EEFBFBDEFBFBDEFBFBD67432709EFBFBD2474EFBFBDDF85EFBFBDDAA83BEFBFBDEC85A5EFBFBDEFBFBD59EFBFBDEFBFBD0C1709EFBFBDEFBFBDEFBFBD237B6111EFBFBDEFBFBD2474EFBFBDEFBFBDEFBFBD493A090CEFBFBDEFBFBD1B18710260EFBFBD08EFBFBD34EFBFBDEFBFBD2474EFBFBD73EFBFBD491E091DEFBFBD491E5D2719EFBFBDEFBFBD1127EFBFBDEFBFBD52EFBFBD274EEFBFBD2CEFBFBDEFBFBD4974EFBFBD2C63EFBFBD3A4932EFBFBDEFBFBD36EFBFBDEFBFBD75EFBFBD6D617DEFBFBD75EFBFBD6DEFBFBD0A3A49EFBFBD24EFBFBDEFBFBDEFBFBDDA820D3AEFBFBD3BEFBFBD24EFBFBD4D28196609EFBFBD245D154A0EEFBFBD29EFBFBDEFBFBD104AEFBFBD2CEFBFBD0CEFBFBD0056EFBFBD104AEFBFBDEFBFBDEFBFBD7AEFBFBD3427EFBFBDEFBFBD42EFBFBD44EFBFBD6C514AEFBFBDEFBFBDEFBFBD23482523164C5F2AEFBFBD72E68DA56414657CEFBFBD52EFBFBD48EFBFBDEFBFBD68EFBFBD4C2A19EFBFBDEFBFBDEFBFBD2CEFBFBDEFBFBD19EFBFBD09EFBFBD19EFBFBD656C0F57EFBFBD61710C694A14EFBFBDEFBFBDEFBFBDEFBFBD1A30EFBFBD18EFBFBD7BEFBFBD64EFBFBDEFBFBD382A1C622AEFBFBD4344EFBFBD49EFBFBDEFBFBD711AEFBFBD48223A4F50EFBFBD610E5078EFBFBD5EEFBFBDEFBFBD042EEFBFBDEFBFBDEFBFBD17EFBFBD5C7408184E2A175B45EFBFBD7DEFBFBDEFBFBDEFBFBD162B4649EE8AA963C49927EFBFBDEFBFBD114FEFBFBD49C48A31EFBFBDEFBFBDEFBFBD3A46690253EFBFBD13EFBFBD15EFBFBD02EFBFBDCE8B15EFBFBDEFBFBD15C48A102B42EFBFBD38EFBFBD351AC48A776245EFBFBD5831EFBFBD395C1D5D152B0EEFBFBD29C48A102BEFBFBD2C56EFBFBD780A5747EFBFBD1577EFBFBD44EFBFBDEFBFBDEFBFBDC48A67EFBFBD4614EFBFBD4553EFBFBDEFBFBDEFBFBDEFBFBD7804EFBFBD621CEFBFBD7AEFBFBDEFBFBD582A6FEFBFBD1D63EFBFBD665A073BEFBFBD147E29EFBFBDEFBFBD16EFBFBDEFBFBDEFBFBDEFBFBD11EFBFBDEFBFBDEFBFBD77EFBFBD17156BEFBFBDEFBFBD1852EFBFBD5844EFBFBDEFBFBDEFBFBD4A0C170910EFBFBDEFBFBD2378EFBFBD24EFBFBDEFBFBD23EFBFBDEFBFBDEFBFBDEFBFBD463A09EFBFBDEFBFBD4F4244EFBFBD620AEFBFBDD8B41370EFBFBD71EFBFBDDD9A6CEFBFBDEFBFBD3FEFBFBDEFBFBD257814EFBFBD7A40EFBFBD16761AEFBFBDDA991A3C6446660CEFBFBD38023C2600EFBFBD5461EFBFBD017A0CEFBFBD475E58EFBFBDEFBFBD7768EFBFBD3D6EEFBFBD19EFBFBDEFBFBD62EFBFBD24EFBFBD380327EFBFBDEFBFBDEFBFBD1938564AEFBFBD446CEFBFBD33EFBFBD3370421201EFBFBDEFBFBD69EFBFBDEFBFBD6D07EFBFBDCE8BEFBFBDEFBFBDEFBFBD15EFBFBDEFBFBD10EFBFBD436C3FEFBFBD051BEFBFBDEFBFBD1E3B032731EFBFBD33EFBFBDEFBFBD62EFBFBDEFBFBD3CEFBFBDEFBFBD1E627BEFBFBDEFBFBDEFBFBD494CEFBFBD0C0CEFBFBDEFBFBD6EEFBFBD08EFBFBDEFBFBD38036FEFBFBD5509EFBFBDEFBFBD20EFBFBDEFBFBDEFBFBD5B7704597D22EFBFBDEFBFBD7B01EFBFBD7AEFBFBD05EFBFBD68EFBFBDEFBFBD29EFBFBD4F4502232FEFBFBD64EFBFBDEFBFBD521CEFBFBD7AEFBFBDEFBFBD21EFBFBDEFBFBD15EFBFBD6AEFBFBDEFBFBD1842EFBFBD24EFBFBDEFBFBD3C1D2453EFBFBDEFBFBD0104EFBFBDEFBFBD5A04EFBFBD13EFBFBD0F017C2603EFBFBD0B5DEFBFBDCB95302750C78626EFBFBD214EEFBFBD78EFBFBDEFBFBD5D2254EFBFBDEFBFBDEFBFBD304A220EEFBFBD2524EFBFBD43EFBFBDEFBFBD5DEFBFBD75EFBFBDEFBFBD680EEFBFBDEFBFBD4D4D0D1BEFBFBDEFBFBDEFBFBDEFBFBD0617EFBFBDEFBFBDEFBFBDD89014EFBFBD0036EFBFBDEFBFBD34EFBFBDEFBFBD1C16EFBFBD1A1D5BEFBFBD1A34EFBFBD16EFBFBD0C7909EFBFBDEFBFBD161F71EFBFBDEFBFBD1C45533CEFBFBD45EFBFBDEFBFBD14CD8A7CEFBFBD442E5DEFBFBD1CEFBFBD171B0BEFBFBDEFBFBDEFBFBD4D4D0D18EFBFBDEFBFBD293032EFBFBD72EFBFBD5E0223EFBFBD0006EFBFBD311C182FEFBFBD5FEFBFBDEFBFBDD1A529EFBFBDEFBFBDEFBFBD2CEFBFBD6701EFBFBDEFBFBD3A76EFBFBD2DEFBFBDEFBFBDEFBFBDEFBFBD6FEFBFBD03EFBFBD0C702224EFBFBDE79291272653CC8EEFBFBDEFBFBD414EEFBFBDD5ABCD904822EFBFBDEFBFBDEFBFBD19EFBFBDEFBFBD70EFBFBD30333FEFBFBDEFBFBD69EFBFBDEFBFBDDF8A675DEFBFBD2A2DEFBFBD6BEFBFBDEFBFBDEFBFBD7AEFBFBDEFBFBD7EEFBFBD5D7458EFBFBD74EFBFBD090F12EFBFBDEFBFBD2FEFBFBD10EFBFBD636DEFBFBDEFBFBDD387EFBFBD55CDA6EFBFBD77EFBFBDEFBFBD4E0B066FEFBFBD264FEFBFBD7AEFBFBDEFBFBD1E4B18EFBFBD3F66EFBFBD6168EFBFBD50EFBFBDEFBFBDEFBFBDD193442A3AEFBFBDE8B9BBEFBFBD77EFBFBD68EFBFBD20EFBFBD5E34EFBFBDEFBFBD6EEFBFBDEFBFBDEFBFBDEFBFBD5FEFBFBD7EEFBFBD5D6F4555EFBFBD67EFBFBDEFBFBD1F3DEFBFBD345AEFBFBDECA098534F4A4E72264EE3829165EFBFBDEFBFBD25277924195C304EEFBFBDD196EFBFBDEFBFBD0B46DBB8EFBFBD0B065C30EFBFBDEFBFBD31EFBFBD08EFBFBD43EFBFBDEFBFBD6C1BEFBFBD41350F7CEFBFBD6A12EFBFBDEFBFBDEFBFBD6AEFBFBDEFBFBD7701EFBFBD46EFBFBD7140EFBFBD57EFBFBDEFBFBD79EFBFBDEFBFBDEFBFBD3FEFBFBDEFBFBD4AEFBFBD6F50EFBFBD0AEFBFBD7574EFBFBDEFBFBDEFBFBD374FEFBFBD7400EFBFBD5377EFBFBD53EFBFBD6FEFBFBD532957EFBFBDEFBFBDEFBFBDEFBFBDEFBFBDEFBFBDEFBFBD2B2CEFBFBD6039EFBFBDEFBFBD54EFBFBD13EFBFBD77EFBFBDEFBFBDEFBFBD6EEFBFBDEFBFBDEFBFBDEFBFBDEFBFBD77EFBFBD5E47EFBFBD746A58EFBFBDEFBFBDEFBFBD7704DBA934EFBFBDEFBFBD5FEFBFBD5946EFBFBD37EFBFBD5369EFBFBDEFBFBD792A5B550065EFBFBD0065EBA8B653EFBFBD09EFBFBD4EEFBFBDEFBFBDEFBFBD31EFBFBDEFBFBD45EFBFBD2520EFBFBD47EFBFBDEFBFBDEFBFBD3B467245EFBFBD0664EFBFBD08325C280041232028EFBFBDEFBFBD2020EFBFBD310455EFBFBDEFBFBD1C3F1D1A710F3D48EFBFBD387AEFBFBDEFBFBDEFBFBDEFBFBDEFBFBD34EFBFBD5465EFBFBDEFBFBD691AEFBFBDEFBFBDEFBFBD6EEFBFBDEFBFBD12CA8534EFBFBDEFBFBD151DEFBFBD34EFBFBD4CEFBFBD48EFBFBD18EFBFBDEFBFBD61EFBFBDEFBFBDEFBFBD6346EFBFBD4EEFBFBD69702272EFBFBD44EFBFBD4630EFBFBD34EFBFBDEFBFBDEFBFBDEFBFBD767DEFBFBD36EFBFBD1738EFBFBD7F020BEFBFBDEFBFBD3D1BEFBFBDEFBFBD79EFBFBDEFBFBD391D0BEFBFBD39673DEFBFBD4A69EFBFBDEFBFBD5506EFBFBD6B09EFBFBDEFBFBD73692AEFBFBDEFBFBDEFBFBD06EFBFBDEFBFBD3711EFBFBD3867EFBFBD3103EFBFBD1DEFBFBDDC8DEFBFBDEFBFBD3AEFBFBD356C2D3151EFBFBDDC93EFBFBDC4B6EFBFBDEFBFBD5A0EEFBFBDEFBFBDEFBFBDEFBFBDEFBFBDDCA91028EFBFBD7DEFBFBD1C0AEFBFBD45EFBFBD033914666BEFBFBD565258EFBFBDEFBFBD5918EFBFBD57EFBFBDEFBFBD571BEFBFBDEFBFBDEFBFBDDFABEFBFBD19EFBFBD745BEFBFBDEFBFBD3AEFBFBD7978EFBFBD546C09EFBFBDEFBFBD5B2AEFBFBDEFBFBDD7A5EFBFBD2214500554EFBFBD0D75EFBFBD63154015E9B6960F1AEFBFBDC8B71D70003211EFBFBD07126EEFBFBD126E7DCBB7EFBFBDEFBFBD40EFBFBDEFBFBDEFBFBDEFBFBDEFBFBD77EFBFBDC8B745EFBFBDEFBFBDEFBFBDEFBFBD3267C8B745EFBFBDEFBFBD6EEFBFBDEFBFBD7C5EEFBFBD67EFBFBDEFBFBDEFBFBDC8B96D4BEFBFBD3978031FEFBFBDEFBFBD5E7EEFBFBD1F23EFBFBDEFBFBDEFBFBDEFBFBD1CEFBFBD1FEFBFBDEFBFBD727DEFBFBDEFBFBD1FEFBFBDEFBFBD4E03EFBFBDEFBFBD07EFBFBD1CEFBFBDEFBFBD457769EFBFBDEFBFBD6175EFBFBDEFBFBDEFBFBDEFBFBDD4BDEFBFBDEFBFBD74EFBFBDEFBFBD5C617DEFBFBD183E47EFBFBDEFBFBD0F5A6D1F7BEFBFBDC99C10EFBFBDEFBFBDEFBFBD2C1CEFBFBDEFBFBD34EFBFBD0FEFBFBDEFBFBD051DEFBFBDEFBFBD6ED49E17EFBFBDEFBFBDEFBFBD67EFBFBDC799EFBFBD48EFBFBD075D7DEFBFBDD5AFEFBFBDEFBFBDEFBFBD59EFBFBDDDBEEFBFBD60EFBFBDEFBB84C48661EFBFBD1E6A5D6F3CEFBFBDEFBFBDEFBFBDEFBFBDEFBFBD0B1D2E2124EFBFBD19757713D69E44EFBFBDEFBFBD01EFBFBD7DD2A6EFBFBDEFBFBD424D2B6BEFBFBD69D285EFBFBD7D3DEFBFBD7F4B4A4B6EEFBFBD2579EFBFBD2362EFBFBDEFBFBD3F2F2C5DD3A7EFBFBDEFBFBDEFBFBDEFBFBDEFBFBD6EEFBFBD63EFBFBD2D6AEFBFBDEFBFBDEFBFBD17EFBFBDEFBFBD6949EFBFBD6551EFBFBD696AEFBFBD57EFBFBDEFBFBDEFBFBDEFBFBDEFBFBDEFBFBDEFBFBDEFBFBDEFBFBD2AEFBFBDEFBFBD4E5BEFBFBD621D534BEFBFBD5D6FEFBFBDEFBFBD5E77EFBFBDEFBFBD69EFBFBD3CEFBFBD6160EFBFBDEFBFBDEFBFBD575A7FEFBFBD35EFBFBD04EFBFBDEFBFBD2C73EFBFBD7DEFBFBD38EFBFBD235BEFBFBD70EFBFBD0C434BEFBFBDEFBFBD5506EFBFBDEFBFBDEFBFBDEFBFBD5AEFBFBD441C5BEFBFBDEFBFBDEFBFBD5B66EFBFBD424A6DEFBFBDEFBFBDEFBFBD5CEFBFBDEFBFBD3DEFBFBD52EFBFBD3D35EFBFBD381403EFBFBD6DEFBFBD16DBB2EFBFBD1DEFBFBD6225EFBFBD6FEFBFBDEFBFBD1B5DEFBFBD37EFBFBDEFBFBD622B0DEFBFBD35EFBFBDEFBFBD75EFBFBDEFBFBD03EFBFBD0E3BEFBFBD34EFBFBD22EFBFBD15EFBFBD1AEFBFBDEFBFBD7FEFBFBD3A4CEFBFBDEFBFBDEFBFBDEFBFBD7A29765BEFBFBD7E6D60EFBFBD69EFBFBD2B32EFBFBD72EFBFBD2FEFBFBDD2A6EFBFBD1FEFBFBD6CEFBFBDEFBFBD763707EFBFBD0E6E5E1CEFBFBDC3B97544EFBFBD27EFBFBD6FEFBFBD58220C686DEFBFBD14EFBFBDEFBFBDEFBFBDEFBFBD5A15DBA5EFBFBDEFBFBDEFBFBDEFBFBDEFBFBDEFBFBDC480EFBFBDEFBFBD45296CEFBFBDEFBFBDEFBFBD6DEFBFBD01EFBFBDD598EFBFBD45EFBFBD442DEFBFBDEFBFBDCC84EFBFBDEFBFBDEFBFBD2C2AEFBFBDEFBFBDEFBFBDEFBFBDEFBFBDEFBFBD4BEFBFBDEFBFBD5E334037EFBFBDEFBFBD61EFBFBDEFBFBDEFBFBDEFBFBD69EFBFBDEFBFBD45EFBFBD3AEFBFBDEFBFBD55EFBFBD3BEFBFBD2DEFBFBDEFBFBD562FEFBFBDEFBFBDEFBFBDD59DEFBFBDEFBFBD6073EFBFBD2C3677EFBFBDEFBFBDEFBFBDEFBFBDEFBFBD3D536B57EFBFBD4D5BEFBFBD40EFBFBDEFBFBD5A6FEFBFBDEFBFBDEFBFBD527BEFBFBD1A76EFBFBD37D6A6EFBFBDEFBFBDEFBFBD1EEFBFBDEFBFBDEFBFBD6CEFBFBD09EFBFBDEFBFBDEFBFBD57EFBFBD4AEFBFBD0D5A6C4A5416EFBFBD6DEFBFBDEFBFBD7221EFBFBDEFBFBD47EFBFBDEFBFBD765EEFBFBD2CEFBFBDEFBFBDEFBFBD52EFBFBDEFBFBD69EFBFBDEFBFBD4457EFBFBDEFBFBD0BEFBFBDEFBFBDEFBFBD41EFBFBD7DEFBFBD41EFBFBD1DEFBFBD55EFBFBD4FEFBFBDEFBFBD56EFBFBD7CEFBFBD5961EFBFBDEFBFBDEFBFBD76696BEFBFBDEFBFBDCDA03DEFBFBDEFBFBD2B36EFBFBD71EFBFBDEFBFBDD583EFBFBDEFBFBDEFBFBDEFBFBD4BEFBFBDEFBFBD244DEFBFBDEFBFBDEFBFBD4BEFBFBDEFBFBDEFBFBDEFBFBD07EFBFBD3DEFBFBDEFBFBD5CEFBFBD4DEFBFBDEFBFBD29EFBFBD721D7EEFBFBD0332EFBFBD3C4FEFBFBDEFBFBD562C3AEFBFBDEFBFBD1DEFBFBD2A1E0A155CEFBFBD2AEFBFBD3E7DEFBFBD3FEFBFBD0CEFBFBDEFBFBDEFBFBD37EFBFBDEFBFBDEFBFBDCDBBEFBFBDEFBFBD14EFBFBDEFBFBDEFBFBDEFBFBDEFBFBD17EFBFBDEFBFBDEFBFBDEFBFBDEFBFBD71EFBFBDCD93EFBFBDEFBFBDEFBFBD47EFBFBD4E5AEFBFBDD0A3EFBFBDD0A35E3F7F37EFBFBD4EEFBFBD175FEFBFBD72EFBFBD4B1D0859EFBFBDEFBFBD4BEFBFBD7AEFBFBDEFBFBDEFBFBDEFBFBDEFBFBDEFBFBD5340EFBFBDEFBFBD0CEFBFBD55EFBFBDEFBFBDEFBFBDC7A376EFBFBD53EFBFBD534D20EFBFBDEFBFBDD7A91E0DD09DEFBFBD4BEFBFBDEFBFBDEFBFBD6FEFBFBD3F0EEFBFBD4AEFBFBD7BD98CEFBFBD127770EFBFBD7A34407BEFBFBDEFBFBDEFBFBD3F5EEFBFBDEFBFBDDAA437EFBFBD79EFBFBDEFBFBD7AEFBFBD1260EFBFBD7FEFBFBDC486EFBFBDEFBFBD7E7330EFBFBDEFBFBD44EFBFBDEFBFBD4EEFBFBD4EEFBFBD4ED09F3EEFBFBD2BEFBFBD5FEFBFBD0E151B74283AEFBFBD0E15EFBFBDD7A10EEFBFBDDF9EEFBFBD47EFBFBD7DEFBFBDEFBFBDEFBFBD1F6FEFBFBD2EEFBFBD1A74EFBFBD70EFBFBD5DEFBFBDEFBFBDEFBFBDEFBFBD78EFBFBDEFBFBD32541018EFBFBD2336EFBFBD7EEFBFBDEFBFBD32EFBFBD5025EFBFBDEFBFBD77EFBFBD176FEFBFBDEFBFBDEFBFBD264A0C7AEFBFBD7C17EFBFBDEFBFBD32171713EFBFBDEFBFBDEFBFBDEFBFBDEFBFBDEFBFBD5EEFBFBDEFBFBD676F6A7413EFBFBDEFBFBD1D57EFBFBD4FEFBFBD093B4EEFBFBDEFBFBD7AEFBFBDEFBFBD6F2F06EFBFBDEFBFBD5F7F7BEFBFBDEFBFBD1FEFBFBDEFBFBDEFBFBDEFBFBD176FEFBFBD3DEFBFBD1B37EFBFBD4EEFBFBD08EFBFBD5CEFBFBD62EFBFBDEFBFBDEFBFBD4EEFBFBDEFBFBD3EEFBFBDEFBFBDEFBFBD47EFBFBD2EEFBFBDEFBFBDEFBFBD3CEFBFBDEFBFBD2CEFBFBDEFBFBD75EFBFBDEFBFBD35EFBFBD1EEFBFBD2CEFBFBD5AEFBFBDEFBFBD6473EFBFBD14EFBFBDEFBFBD14DEBE79EFBFBDEFBFBDEFBFBDEFBFBD7513EFBFBDEFBFBD5CEFBFBDEFBFBD5257EFBFBDEFBFBDD9B1EFBFBDEFBFBD777FEFBFBD7DEFBFBDEFBFBDEFBFBDEFBFBD79EFBFBDEFBFBDEFBFBDEFBFBD4FEFBFBDEFBFBD53751BEFBFBDEFBFBD4FEFBFBD5E12EFBFBDEFBFBDEFBFBDC7925F4ED0A5EFBFBD65EFBFBD70EFBFBD54EFBFBDEFBFBDEFBFBD2F3FEFBFBD1C6FEFBFBD35357370697AEFBFBD3DEFBFBDEFBFBD6BEFBFBDEFBFBD2137EFBFBDEFBFBDEFBFBD7FEFBFBD5AEFBFBDEB9DB71E3843723B0F3D2C16EFBFBDEFBFBDEFBFBDEFBFBDEFBFBDEFBFBDEFBFBD0B7E576EEFBFBD55EFBFBDEFBFBD55EFBFBD65EFBFBDEFBFBDEFBFBDEFBFBD76EFBFBD3F5BCDB9EFBFBD3BEFBFBDEFBFBD72EFBFBDEFBFBDEFBFBDEFBFBD557C77593B0F7BEFBFBDEFBFBD1BEFBFBDEFBFBD2F65EFBFBD29EFBFBD2BEFBFBDEFBFBDD38B3FEFBFBDEFBFBD0B29164F5F15EFBFBD12CB9B04DBABEFBFBD76EFBFBDEFBFBDEFBFBDEFBFBD76EFBFBD6CEFBFBDC384EFBFBDEFBFBDEFBFBD6D034F432AEFBFBDEFBFBDEFBFBD0EEFBFBDEFBFBDEFBFBDEFBFBD2DCAB57EEFBFBD68EFBFBD7BEFBFBDEFBFBDEFBFBD2A32EFBFBD665EEFBFBD6C1D7EEFBFBD0767EFBFBDEFBFBD77EFBFBDEFBFBD27EFBFBDEFBFBDEFBFBD34EFBFBDEFBFBDEFBFBD2FEFBFBDEFBFBDD0994CEFBFBD1E4FEFBFBD0303465C5CEFBFBDEFBFBDEFBFBDD399EFBFBD1BEFBFBD24EFBFBD5CDE8D42EFBFBD67773F3DEFBFBD43EFBFBDEFBFBD74EFBFBDEFBFBD62EFBFBDEFBFBD7FEFBFBDEFBFBDEFBFBDEFBFBD224FEFBFBDEFBFBD22646823EFBFBDD9BFEFBFBDEFBFBDEFBFBDEFBFBDEFBFBD5DEFBFBD5EEFBFBDEFBFBD36EFBFBDEFBFBD5D3BEFBFBDEFBFBD457FEFBFBD54EFBFBDEFBFBDEFBFBD53EFBFBD7F21EFBFBDEFBFBD6EEFBFBDEFBFBDEFBFBDEFBFBD4B75581D1D283E7E6908100972EFBFBDEFBFBDEFBFBD63EFBFBDEFBFBDEFBFBD7DEFBFBDEFBFBD70EFBFBD077DEFBFBDEFBFBDEFBFBDEFBFBD6BEFBFBDEFBFBDEFBFBD5BEFBFBDDE886A63EFBFBDEFBFBDEFBFBD6F6940EFBFBDEFBFBDEFBFBDEFBFBD5FEFBFBD2F1F2E16EFBFBD41EFBFBDEFBFBDEFBFBD07733517EFBFBD52EFBFBD6F2B7DD7A3EFBFBD7F7FEFBFBDEFBFBD58EFBFBDEFBFBDEFBFBD2AEFBFBD0FEFBFBDEFBFBDCB9B73EFBFBDEFBFBD79EFBFBDEFBFBD38EFBFBDEFBFBD32EFBFBDEFBFBDEFBFBD79EFBFBDEFBFBDEFBFBDDDB3EFBFBD5CEFBFBDEFBFBDEFBFBD52EFBFBDEFBFBDEFBFBD79EFBFBD60D98E2E2B76135E6534EFBFBD27EFBFBD14EFBFBD79092AEFBFBD4A4E5049465CEFBFBD4AEFBFBD51295254EFBFBD4625EFBFBD2505EFBFBDC6A45222EFBFBD08EFBFBDEFBFBD426EEFBFBD2A2FEFBFBD32EFBFBDEFBFBD3AEFBFBDEFBFBD6A2DEFBFBDEFBFBD02EFBFBDDC8155EFBFBD2FEFBFBDEFBFBD39582571EFBFBD01EFBFBDEFBFBDEFBFBD4A6AEFBFBD4F0C2B5534EFBFBDEFBFBDEFBFBD1401EFBFBD002607EFBFBDEFBFBD29627B0EEFBFBD49C694EFBFBD06EFBFBD235311606A03EFBFBDEFBFBDD293EFBFBD4937EFBFBDEFBFBD44336A11EFBFBD03EFBFBDEFBFBDEFBFBD534C43EFBFBD0127EFBFBD764D793EEFBFBDEFBFBDEFBFBDD284004E63EFBFBD29EFBFBD4E1DEFBFBDEFBFBD6BEFBFBDEFBFBD0B012EEFBFBD4B4E6CEFBFBD74EFBFBD11EFBFBD73EFBFBD4B4746EFBFBD612E1D79EFBFBD062EEFBFBD70EFBFBDEFBFBDEFBFBDEFBFBD71EFBFBD745628EFBFBD09687262EFBFBD142A16034D40EFBFBDEFBFBD0FEFBFBD03EFBFBD78DE98680A44EFBFBD4EEFBFBDEFBFBD0B2D0BEFBFBD28EFBFBD00EFBFBD002747EFBFBD792CD680EFBFBD6B70EFBFBD414018EFBFBD7973EFBFBD1323EFBFBDEFBFBD5EEFBFBDEFBFBD3F37274D4BEFBFBDEFBFBD552120EFBFBD03EFBFBD1C4355EFBFBD45387AEFBFBD60EFBFBD3EEFBFBD78C88500EFBFBD46445514EFBFBD11EFBFBDEFBFBDEFBFBD6B23EFBFBD386B4A0EEFBFBDEFBFBDEFBFBD17EFBFBD0AEFBFBD720354294B1940EFBFBDDC9EEFBFBDD6B77E345031EFBFBDEFBFBDEFBFBD1A135471284600EFBFBDEFBFBDEFBFBD76EFBFBDEFBFBD260A6C72EFBFBD4D591021EFBFBDEFBFBDEFBFBD26EFBFBDEFBFBD643C36456916EFBFBD4D63EFBFBD29EFBFBDEFBFBDD3B3EFBFBDEFBFBDD6B7EFBFBDEFBFBD64EFBFBD5EEFBFBD5160EFBFBD2BEFBFBDEFBFBD04EFBFBD3E07CD8DEFBFBD3C06EFBFBDEFBFBDCAA8EFBFBD103D02EFBFBD700A053839062705EFBFBD394EEFBFBD0027EFBFBDEFBFBD14EFBFBD11365057EFBFBD4FEFBFBD6A2DEFBFBDEFBFBDEFBFBD450153EFBFBDEFBFBD2BEFBFBD0A13014CEFBFBD7706EFBFBD19EFBFBD50EFBFBDC594EFBFBDEFBFBDEFBFBDEFBFBD12EFBFBD3825702A055A39EFBFBDEFBFBDEFBFBD22581EEFBFBD47EFBFBD230303EFBFBD09EFBFBD69EFBFBD153FEFBFBD6262514AEFBFBD47EFBFBD4C2EEFBFBD474521EFBFBD77EFBFBD23130F15457EEFBFBD5CC994EFBFBDEFBFBD287AEFBFBDEFBFBD3A50373952EFBFBD4001536EEFBFBD1FEFBFBD2243EFBFBDEFBFBD3D4CEFBFBDEFBFBD1EEFBFBDEFBFBDEFBFBDEFBFBDC5A8EFBFBDEFBFBD364CEFBFBDEFBFBDEFBFBD1A53EFBFBD6402EFBFBDEFBFBD2547EFBFBDEFBFBD15EFBFBDEFBFBDEFBFBD12EFBFBDEFBFBD5DEFBFBD52EFBFBDEFBFBD537369557CEFBFBD0B5009547224EFBFBDEFBFBDEFBFBD4AEFBFBD5149684A10D49B2BEFBFBD244FEFBFBDEFBFBD7AEFBFBD722320EFBFBD00EFBFBD5C6555421218EFBFBD431AEFBFBD2BEFBFBDEFBFBD34EFBFBD60D588EFBFBD52EFBFBDEFBFBD3158EFBFBD592BEFBFBDEFBFBDEFBFBD0756EFBFBDC9AA20436E1472EFBFBD7659257344EFBFBDEFBFBD64554AEFBFBD3C35EFBFBD7EEFBFBDEFBFBDD985EFBFBDEFBFBDEFBFBD6EEFBFBD0C450CEFBFBD29EFBFBD38EFBFBDEFBFBD146A091431EFBFBDCFA9EFBFBDEFBFBDEFBFBDEFBFBD5323722A080E073AEFBFBDEFBFBD2928EFBFBD0129EFBFBD2015EFBFBDC889EFBFBDEFBFBD1CEFBFBD720A52EFBFBDEFBFBDEFBFBD6CEFBFBD35EFBFBDEFBFBD2570EFBFBD09495F48EFBFBD04EFBFBD5CEFBFBDD2B1EFBFBD70583C7164EFBFBD5A70EFBFBDEFBFBD4B3A1A6FEFBFBD0434014D4EEFBFBD49450C713DEFBFBD69074DEFBFBDEFBFBD71EFBFBD3426EFBFBD284BEFBFBDEFBFBDEFBFBDEFBFBD0A6C02EFBFBDEFBFBDD29C131AEFBFBDEFBFBD1C6CEFBFBDD59CEFBFBD18DBA651EFBFBD24041F27EFBFBD7756EFBFBD096872034DEFBFBDEFBFBDEFBFBD3802EFBFBD76D094071CDBA631EFBFBD1412EFBFBD4EEFBFBD6DEFBFBD1DEFBFBD26EFBFBDEFBFBD291544EFBFBD626CEFBFBDEFBFBDEFBFBD1D49EFBFBDEFBFBD02EFBFBDEFBFBDEFBFBD2646EFBFBD116A41EFBFBD4AEFBFBD0BEFBFBDEFBFBDDDB8EFBFBDEFBFBD4555EFBFBD7A5D56C88302EFBFBD1CEFBFBD16EFBFBD5248EFBFBDEFBFBDD3970B2EC793EFBFBD35EFBFBD16EFBFBDD698EFBFBDE29A8D0FEFBFBDEFBFBDEFBFBD012BEFBFBDEFBFBD11584976EFBFBDEFBFBD5FEFBFBD346AEFBFBD7C44EFBFBD2601EFBFBD244ED390053C4CEFBFBD204EEFBFBDEFBFBD7112101AEFBFBDDB8AEFBFBD5E59EFBFBD2F12EFBFBD6A7E6CEFBFBD40EFBFBDEFBFBDEFBFBD16D58BEFBFBD11EFBFBD7F0BEFBFBD525AEFBFBD375B55EFBFBD6730EFBFBD03EFBFBDEFBFBDEFBFBD0809EFBFBDEFBFBD30EFBFBDEFBFBDEFBFBD5414EFBFBDEFBFBD7C3826EFBFBDEFBFBD294E2DEFBFBDEFBFBD19754D28EFBFBD096C7242EFBFBDEFBFBDEFBFBD10C6B3EFBFBD6DEFBFBDEFBFBDEFBFBDEFBFBDEFBFBD4A0B19530A36EFBFBDC9A63C62EFBFBDEFBFBD0810687265DB94EFBFBD1CEFBFBD7DEFBFBDD4B1EFBFBD6DEFBFBD2501EFBFBDEFBFBD4453121039DEB6097802EFBFBDEFBFBDEFBFBD53EFBFBD4107EFBFBDEFBFBD13EFBFBDEFBFBD14EFBFBD2236EFBFBD0EEFBFBDEFBFBDEFBFBDEFBFBDEFBFBD46EFBFBDE9AF8DEFBFBD2CEFBFBD14EFBFBDEFBFBD23EFBFBDEFBFBDEFBFBDEFBFBDEFBFBDCFBD3D14EFBFBD7AEFBFBDEFBFBDEFBFBD240CEFBFBDEFBFBD3B2AEFBFBD123AEFBFBDEEAFBCEFBFBD2675EFBFBD2A400AEFBFBD72035214D9BE2EEEA48ECC89EFBFBD19552ACFB0EFBFBD1A15525938EFBFBD4EEFBFBDEFBFBD4D0DEFBFBD12EFBFBDEFBFBD0029EFBFBD20EFBFBD5902273F54EFBFBDEFBFBDEFBFBD49EFBFBDEFBFBD24352AEFBFBD38137C0C482DEFBFBDEFBFBD5E0AEFBFBD53EFBFBDEFBFBD53EFBFBDCA95EFBFBDEFBFBD1C19513BEFBFBDEFBFBD44C29C62544AEFBFBD51EFBFBD00EFBFBD2828054AEFBFBD4129EFBFBD40740E4AEFBFBD522E512A0D4E5EEFBFBDEFBFBDEFBFBD54EFBFBD6800EFBFBD2CEFBFBDEFBFBDEFBFBD7FEFBFBDEFBFBDEFBFBDEFBFBD02EFBFBDEFBFBD6015EFBFBD74EFBFBD233658754C05451E513D1EEFBFBD24EFBFBD1EEFBFBDCBAA30EFBFBDEFBFBD0AEFBFBD02EFBFBD1CEFBFBD54C8902AEFBFBDDE86EFBFBDEFBFBD1CEFBFBDEFBFBD2FEFBFBDEFBFBD311414EFBFBD7223EFBFBD36EFBFBD4579EFBFBD03100544EFBFBD11EFBFBD231C46130E222AEFBFBDEFBFBDEFBFBD1C6879EFBFBDEFBFBD04EFBFBDEFBFBD44EFBFBDEFBFBDEFBFBDEFBFBD447E0DEFBFBD6E7E06EFBFBD002A47EFBFBD7E51EFBFBDEFBFBD5E07412509EFBFBDEFBFBD6FEFBFBDEFBFBD1261EFBFBD46EFBFBD505CEFBFBDEFBFBDEFBFBD17EFBFBD0AEFBFBD724447EFBFBDEFBFBD50EFBFBD2A011DC59C51EFBFBDEFBFBDEFBFBDCB9FEFBFBDEFBFBDD680EFBFBDEFBFBDEFBFBDEFBFBD00EFBFBDEFBFBD3B200BEFBFBD72EFBFBDEFBFBDEFBFBDEFBFBDEFBFBDEFBFBDEFBFBDC88A284765EFBFBDEFBFBD224BEFBFBD5C4EEFBFBDEFBFBD562BEFBFBDEFBFBDEFBFBD4AEFBFBDEFBFBDEFBFBD6BEFBFBDEFBFBD1CEFBFBD52EFBFBDEFBFBD057DEFBFBD54CA8260EFBFBD4252EFBFBDEFBFBD565445EFBFBDEFBFBDEFBFBD40EFBFBD53123FEFBFBD0910EFBFBDEFBFBDEFBFBDEFBFBD58EFBFBDEFBFBD0245EFBFBD46455424EFBFBDE98FA5EFBFBDEFBFBD4B42351274EFBFBDEFBFBDEFBFBD287718EFBFBDEFBFBD0C467EEFBFBDEFBFBDEFBFBD302A0B030146EFBFBDC9A82421EFBFBD32EFBFBD6647054EEFBFBD53EFBFBD704AEFBFBDEFBFBDEFBFBD7330EFBFBD77EFBFBDEFBFBD0C3865EFBFBD53EFBFBD5F7CEFBFBD03EFBFBD5ECBAA3834EFBFBD5CEFBFBDEFBFBDEFBFBD6253EFBFBD352012711C52C69F5CEFBFBDEFBFBD28EFBFBDEFBFBD37EFBFBDEFBFBD6A53EFBFBDEFBFBDEFBFBD76EFBFBDEFBFBDCDAB6DEFBFBD3EEFBFBDEFBFBD65EFBFBDEFBFBD0A713FEFBFBDEFBFBD6EEFBFBD347FEFBFBDDC84C9A4EFBFBD5A31EFBFBD02EFBFBDEFBFBDCC9E747ED6B25C6CEFBFBDEFBFBDEFBFBDEFBFBD1762EFBFBDEFBFBDEFBFBDEFBFBDEFBFBDEFBFBD5AEFBFBDEFBFBD18EFBFBDEFBFBD7B7E2856EFBFBDEFBFBDDAA4EFBFBDEFBFBD162CEFBFBD35EFBFBD7FEFBFBD57EFBFBDEFBFBD6221EFBFBD69EFBFBDEFBFBD0801EFBFBDEFBFBDEFBFBDEFBFBDEFBFBDEFBFBDCF97EFBFBD3CEFBFBDEFBFBD36075BDDB5EFBFBDEFBFBD75EFBFBDEFBFBDEFBFBD3F58592CEFBFBD7A32EFBFBD297FEFBFBDCBABEFBFBD7D6FEFBFBDEFBFBDEFBFBDEFBFBDEFBFBD11EFBFBDEFBFBDEFBFBDEFBFBDEFBFBD59EFBFBDEFBFBDEFBFBDEFBFBD38EFBFBDEFBFBD404D27EFBFBD5FC5B77A5AEFBFBD6A7B71EFBFBDEFBFBDEFBFBD14EFBFBD26562D34163AEFBFBD2F3A791A26EFBFBD2F7AEFBFBD0D5BEFBFBDEFBFBDD3A04EEFBFBD14EFBFBDEFBFBD587C28EFBFBDEFBFBD7974EFBFBDEFBFBDEFBFBD78535E3C79EFBFBD3EEFBFBDEFBFBDEFBFBD577DEFBFBDEFBFBD5F0AEFBFBDEFBFBD7954EFBFBDEFBFBD78541EEFBFBD4834EFBFBD5C79EFBFBDEFBFBDEFBFBDDEB93C5254622E77702E0FEFBFBDEFBFBD31EFBFBDEFBFBDEFBFBD69EFBFBDEFBFBD5C4E63EFBFBDEFBFBDEFBFBDEFBFBD6912EFBFBDEFBFBDEFBFBD2CEFBFBDEFBFBD5C2E45753EEFBFBD541E4779EFBFBDEFBFBDEFBFBDEFBFBDEFBFBDEFBFBDEFBFBD54632AEFBFBDEFBFBD545E4F6A51EFBFBDEFBFBD0DEFBFBDEFBFBDEFBFBD7BEFBFBDEFBFBDEE97BD77326773EFBFBDEFBFBDEFBFBDEFBFBD76554FEFBFBD4DEFBFBDEFBFBD5EEFBFBD36EFBFBD6B2A30EFBFBD3B38EFBFBD473AEFBFBDEFBFBDEFBFBDEFBFBDEFBFBDEFBFBD2CEFBFBD71560F02EFBFBD66EFBFBDEFBFBD69132C09EFBFBD40EFBFBD31EFBFBD3741EFBFBD42EFBFBDEFBFBD486F2BEFBFBDEFBFBD7CEFBFBDEFBFBD3CEFBFBD0916EFBFBDEFBFBDEFBFBD7A38EFBFBDEFBFBD38EFBFBD723A0FEFBFBD022E6138EFBFBDEFBFBDEFBFBDEFBFBD68EFBFBD79EFBFBD6371EFBFBDEFBFBD6CCEA5EFBFBDEFBFBD7CEFBFBD6CEFBFBDEFBFBD5C4EEFBFBD715DEFBFBDEFBFBDC3A7696A38EFBFBD4733EFBFBDC995EFBFBD10EFBFBD463412EFBFBDD1A673EFBFBD29EFBFBD2D2E4EEFBFBD29EFBFBD08EFBFBDEFBFBDEFBFBD5AEFBFBDEFBFBDEFBFBD31EFBFBDEFBFBD343436EFBFBDEFBFBDEFBFBD6F46DF88EFBFBD42EFBFBD1E72115C52EFBFBDEFBFBD0EEFBFBDEFBFBD591620EFBFBD32EFBFBDEFBFBD4BEFBFBD275E4A5C12485CEFBFBDEFBFBDEFBFBDEFBFBD08555E5465EFBFBDEFBFBD6535D6A4EFBFBDEFBFBD1C7174172775EFBFBD6352EFBFBD4AEFBFBDEFBFBD177949EFBFBDEFBFBDEFBFBDEFBFBD007D7E337AEFBFBD24EFBFBD7E1E6DEFBFBDEFBFBD6645EFBFBDEFBFBD7CEFBFBDEFBFBD5CEFBFBDEFBFBD632EEFBFBD6E2EEFBFBD4F39EFBFBD6E36EFBFBDEFBFBD5F50EFBFBDEFBFBDEFBFBD627DEFBFBD73366F1A2957634DEFBFBDC588EFBFBDEFBFBD38EFBFBDEFBFBDC691EFBFBD2416EFBFBDEFBFBD53EFBFBDEFBFBDEFBFBD3C784AEFBFBDEFBFBD4CEFBFBD3EEFBFBDEFBFBD7929EFBFBD6AEFBFBD47EFBFBDEFBFBD3521EFBFBDEFBFBDDD9BEFBFBD63EFBFBD73EFBFBDEFBFBD7F3FEFBFBDEFBFBD4FEFBFBDEFBFBDEFBFBD284BEFBFBD61EFBFBDEFBFBD3EEFBFBDEFBFBDEFBFBD733EEFBFBDEFBFBDEFBFBDEFBFBD58EFBFBD795B150A4CEFBFBD234DEFBFBD216302EFBFBDEFBFBD34EFBFBD43C3A729EFBFBD6F32EFBFBDEFBFBDEFBFBD31EFBFBD2C4326EFBFBDEFBFBD2EEFBFBDC79EEFBFBD791010EFBFBD5A5CEFBFBDEFBFBD194732EFBFBD54EFBFBD2DEFBFBD2949EFBFBDEFBFBD07EFBFBD6AEFBFBD577FEFBFBDEFBFBD175A16625128EFBFBDC69AEFBFBD290D31EFBFBDEFBFBD38EFBFBD47EFBFBDEFBFBD1A7D32EFBFBDEFBFBDEFBFBD4F0717EFBFBD234307EFBFBDEFBFBDEFBFBD1BEFBFBDEFBFBDEFBFBDEFBFBD6415EFBFBD36EFBFBD6B06572E17EFBFBDEFBFBDEFBFBD49EFBFBD397D2AEFBFBD5CEFBFBD3D55EFBFBD5BEFBFBD61EFBFBD25EFBFBDEFBFBDEFBFBDD28BD5A5D1BA1C4FEFBFBDEFBFBD432EEFBFBDEFBFBDEFBFBDE2BC9E5006EFBFBDEFBFBD64EFBFBD5C22EFBFBDEFBFBD5A3D7C4A3902EFBFBDEFBFBDEFBFBDEFBFBDEFBFBD4DEFBFBDEFBFBD526C7455EFBFBD164F675C43EFBFBDEFBFBDEFBFBDEFBFBD130233EFBFBD08D183EFBFBD09EFBFBD7DEFBFBDEFBFBD040135EFBFBDEFBFBDEFBFBDCE9D6BEFBFBDEFBFBD4BEFBFBD66EFBFBDEFBFBDEFBFBD38EFBFBDEFBFBDEFBFBDEFBFBD7474EFBFBD6C1E443E5A2DEFBFBD184D4FEFBFBD13EFBFBDEFBFBDEFBFBDEFBFBDEFBFBD422EEFBFBD562CEFBFBD3C54EFBFBD1675715AEFBFBD0141EFBFBD65220175EFBFBDD4BF0C23EFBFBD70EFBFBD2EEFBFBDEFBFBDEFBFBDEFBFBD0736EFBFBDEFBFBD25EFBFBD3454EFBFBD2E4EEFBFBD084CEFBFBD59EFBFBD07EFBFBDEFBFBDEFBFBD17EFBFBDEFBFBD73EFBFBDEFBFBD4A16EFBFBD1C3F17EFBFBD227EEFBFBDEFBFBD6CEFBFBD33685DEFBFBDEFBFBD5F644FEFBFBD187AEFBFBDEFBFBD4FEFBFBDEFBFBD5EEFBFBD35EFBFBD67EFBFBDEFBFBD2AEFBFBDEFBFBD13792E254C5CEFBFBD53EFBFBDEFBFBDEFBFBD594AEFBFBD1A1EEFBFBDEFBFBD746EEFBFBD79EFBFBD196D512E7354EFBFBD73712E4F02EFBFBD20EFBFBD683A42EFBFBD3EEFBFBDEFBFBD3BEFBFBDEFBFBD6D55EFBFBD5BEFBFBD723AEFBFBDEFBFBDEFBFBD5642EFBFBD1C695179EFBFBD43501727751AEFBFBDEFBFBD5434EFBFBDEFBFBDEFBFBD38EFBFBD71EFBFBDEFBFBD62EFBFBD057AEFBFBD59EFBFBD1C35EFBFBD486701EFBFBDEFBFBD2EEFBFBDEFBFBD611222DC826216EFBFBD14294531EFBFBD5E13EFBFBD50EFBFBD58EFBFBDEFBFBD3CEFBFBDEFBFBDEFBFBD3CEFBFBDEFBFBD3CCE98EFBFBDEFBFBDEFBFBD44EFBFBDEFBFBDEFBFBDEFBFBD2CEFBFBDEFBFBD45394B61EFBFBDEFBFBD6F2EEFBFBDD5B258EFBFBD5539EFBFBD39684A4806432E1727EFBFBD48E4889D7F3FEFBFBDEFBFBDEFBFBD69EFBFBD03EFBFBDEFBFBDEFBFBD43690C03EFBFBDEFBFBDEFBFBDEFBFBD66EFBFBD69234FEFBFBD5CEFBFBDEFBFBD5CEFBFBD59EFBFBD6A16EFBFBD08EFBFBD24EFBFBD7C4F5CEFBFBDEFBFBDEFBFBD53623AEFBFBDEFBFBDEFBFBDEFBFBDCFAEEFBFBD41EFBFBD35EFBFBD4741EFBFBD0C7F17EFBFBDEFBFBD3411EFBFBDEFBFBDDF973D14720FEFBFBD2D11EFBFBDEFBFBDEFBFBD7C7EEFBFBDEFBFBD45D3BDEFBFBD7AEFBFBD55EFBFBD68137A2C09642D2E4EEFBFBD425304EFBFBD27EFBFBD460FEFBFBD06EFBFBDEFBFBD286AEFBFBDEFBFBDEFBFBDEFBFBDEFBFBDEFBFBD6BEFBFBD6738EFBFBD5F4FEFBFBD67EFBFBD15EFBFBD240C104677715AEFBFBDEFBFBD08EFBFBDEFBFBD693D4E3DEFBFBDEFBFBD79EFBFBD653A11EFBFBD297C15EFBFBD4DEFBFBD3EDFAE36EFBFBDEFBFBDEFBFBD2952EFBFBDEFBFBDEFBFBDEFBFBD5524104AEFBFBD48EFBFBD2578EFBFBDEFBFBD1ED6B4604F1378EFBFBDEFBFBDEFBFBDEFBFBD2B2DEFBFBDEFBFBD7AEFBFBDEFBFBD0B2712EFBFBD731767EFBFBD7E02EFBFBDCDA762EFBFBD18EFBFBD3EEFBFBD16491242EFBFBDEFBFBD73365FEFBFBD11EFBFBDEFBFBD52EFBFBD73EFBFBD5C1CEFBFBDEFBFBD39490934EFBFBD1309EFBFBDEFBFBDEFBFBD34EFBFBD52EFBFBD4E5143EFBFBDEFBFBD743EEFBFBDEFBFBD4BEFBFBDCF9DEFBFBDC98354206C3EEFBFBDEFBFBD79EFBFBD5A43EFBFBDEFBFBD7422EFBFBD1C7F3AEFBFBDEFBFBDEFBFBDEFBFBD3AEFBFBD68EFBFBD093DEFBFBD43EFBFBD5B5CEFBFBDEFBFBD69EFBFBDEFBFBDEFBFBDEFBFBD646A41EFBFBD7DEFBFBD46EFBFBD66EFBFBDEFBFBD626DEFBFBD6B4AEFBFBD1417EFBFBDD68A692A0916EFBFBD2EEFBFBDEFBFBD614A116AEFBFBDEFBFBD7CEFBFBDEFBFBDEFBFBD7FEFBFBD79EFBFBDCBA600EFBFBDEFBFBDEFBFBD743EEFBFBD59EFBFBD40C2BFEFBFBD333AEFBFBDEFBFBD54EFBFBDCA8C1E3D4DEFBFBD0CEFBFBD04C6B6EFBFBDEFBFBDEFBFBDEFBFBD3D0F1511EFBFBD58EFBFBDEFBFBD293D6201EFBFBDEFBFBDEFBFBD4CEFBFBD71ECA3890B33EFBFBDEFBFBD6733EFBFBDEFBFBDEFBFBDEFBFBD5AEFBFBD36EFBFBDEFBFBD3952EFBFBD5DEFBFBDEFBFBDEFBFBD3844EFBFBDEFBFBD444AEFBFBDC5BDEFBFBD67EFBFBD59EFBFBD23EFBFBDEFBFBD7756EFBFBD56EFBFBDEFBFBD622E5A602A77712A4F5AEFBFBD47EFBFBD65EFBFBD552D0BEFBFBDEFBFBD544EEFBFBDEFBFBD6031EFBFBDEFBFBDEFBFBDEFBFBD76EFBFBDEFBFBD27EFBFBDEFBFBD66EFBFBD2C0C0466730767EFBFBD34EFBFBDEFBFBD30EFBFBD482D0BEFBFBD652E11EFBFBD0C13EFBFBD64EFBFBD73EFBFBD594F11EFBFBDEFBFBD175BEFBFBDEFBFBD49EFBFBD3C0EEFBFBDEBB79F5D6CEFBFBDEFBFBD66EFBFBD16EFBFBD46EFBFBDEFBFBDEFBFBDEFBFBD75EFBFBDEFBFBD625D7F6F59EFBFBD367AEFBFBDEFBFBD69EFBFBD19DCBCEFBFBD65DCACEFBFBDEFBFBD7CEFBFBDEFBFBDDCA2D7AFEFBFBDEFBFBD70EFBFBD44EFBFBD5FEFBFBDEFBFBDEFBFBDEFBFBDEFBFBDEFBFBDEFBFBD275C6CEFBFBD72EFBFBDEFBFBD0574EFBFBD556FEFBFBD7FEFBFBDEFBFBDEFBFBDEFBFBD64EFBFBDEFBFBDEFBFBDEFBFBDEFBFBD7010EFBFBDEFBFBDEFBFBDEFBFBD35EFBFBD5B67EFBFBDEFBFBD180E54EFBFBDEFBFBD60EFBFBDEFBFBDD7A8EFBFBD7273EFBFBDEFBFBDEFBFBDEFBFBDC2BE09EFBFBDEFBFBD3263EFBFBD7D4AEFBFBD65555C3EEFBFBDEFBFBD77EFBFBD7FEFBFBD32C8886117EFBFBD59EFBFBD5C2D0A2E7F593FEFBFBD34EFBFBD5C4E1A4C0EEFBFBDEFBFBD1F692F5254EFBFBD6C2FEFBFBD064A5B1F6B4F0FEFBFBD563DEFBFBD5E121FEFBFBD12EFBFBDEFBFBD5EEFBFBD5BEFBFBD3ECEA9EFBFBDEFBFBD2BEFBFBDEFBFBD0AEE8FB4EFBFBDEFBFBDEFBFBDEFBFBDEFBFBD31EFBFBD7A7DEFBFBDEFBFBD56EFBFBDD284EFBFBD6C2F0FEFBFBDEFBFBDEFBFBDC783EFBFBDEFBFBDEFBFBDEFBFBDEFBFBDDA9E6636EFBFBD031E726173EFBFBD71C6B5EFBFBDEFBFBDCBA334EFBFBDEFBFBD7D79EFBFBD6CEFBFBDEFBFBD7A5BEFBFBDEFBFBDEFBFBD3FEFBFBDEFBFBDEFBFBDEFBFBD6966EFBFBD47EFBFBDEFBFBDEFBFBDEFBFBDEFBFBD5609EFBFBD6F7B6DEFBFBD38EFBFBDEFBFBD5613EFBFBD677BEFBFBD25EFBFBDEFBFBDEFBFBD5616EFBFBD6F7B6DEFBFBDEFBFBD7DEFBFBD6BEFBFBD04EFBFBDEFBFBD5EEFBFBD1765EFBFBDEFBFBD52EFBFBDEFBFBDD58DEFBFBD777B2D7610EFBFBDDB9376EFBFBD5F5B4E5CEFBFBDEFBFBDEFBFBD55EFBFBDEFBFBD2AEFBFBD7BEFBFBDEFBFBD2247EFBFBDEFBFBD5E6A757DEFBFBD7A1AD7B7EFBFBDEFBFBD78EFBFBDEFBFBDEFBFBD3AEFBFBD0079726F333F7007EFBFBDEFBFBD5E5C6F00CF9BEFBFBDEFBFBDEFBFBD0118474FEFBFBD427A07EFBFBDEFBFBDEFBFBD7DEFBFBD30EFBFBD197A596FEFBFBD5FEFBFBD465F4C5CEFBFBD5BEFBFBD79EFBFBD2967EFBFBDEFBFBD3AC689EFBFBD0DEFBFBDE5B585EFBFBD7AEFBFBDEFBFBD7602562135EFBFBD72EFBFBD76EFBFBD5C3D6EEFBFBDEFBFBD7F69422DEFBFBDEFBFBD6D77EFBFBD7E7BEFBFBDEFBFBD46EFBFBD381C3F367ADC8FEFBFBDEFBFBDEFBFBDEFBFBD3EEFBFBDD8BBEFBFBD0D7AEFBFBD7FEFBFBDEFBFBDD1BCEFBFBD64EFBFBD30203CEFBFBDEFBFBDEFBFBDEFBFBD52EFBFBD341BEFBFBDEFBFBD1E7B7110EFBFBD382171EFBFBD685AEFBFBDC6A846ECBE9EEFBFBDEFBFBD4BDFBFEFBFBD68EFBFBDEFBFBD0A45EFBFBD2B37EFBFBD2A28761BEFBFBDEFBFBD59EFBFBD5C6C17EFBFBDEFBFBDDABAEFBFBD39EFBFBDD2920CEFBFBD397FEFBFBD361F3665EFBFBD557D113701EFBFBD55EFBFBDEFBFBDEFBFBD2CEFBFBDEFBFBD446A79EFBFBDEFBFBD3C7DEFBFBDEFBFBDEFBFBDEFBFBD26EFBFBD78EFBFBDEFBFBD33592EEFBFBD2EEFBFBDEFBFBDEFBFBD6BEFBFBDEFBFBDF285AB9F1FEFBFBDCBBDEFBFBD2A1CEFBFBDEFBFBDEFBFBDEFBFBDEFBFBD70196AEFBFBD190CEFBFBDEFBFBDEFBFBD7EEFBFBD071FEFBFBD66523045EFBFBDC48CEFBFBDEFBFBD56EFBFBDEFBFBDEFBFBDCC8BEFBFBD3EEFBFBDEFBFBDEFBFBD45EFBFBD46EFBFBD6267046FEFBFBDEFBFBDEFBFBD7A48EFBFBDEFBFBD55EFBFBDEFBFBD53EFBFBDEFBFBD436FEFBFBDD38FEFBFBDEFBFBDEFBFBD73EFBFBD3DEFBFBD7DEFBFBDEFBFBDEFBFBD5655EFBFBD41372F0EEFBFBDEFBFBDEFBFBDEFBFBD44EFBFBD34EFBFBD17D697EFBFBDEFBFBDEFBFBD5CEFBFBD121BEFBFBD76EFBFBD3261EFBFBDD4B7EFBFBDEFBFBD740BEFBFBDEFBFBDEFBFBD2FEFBFBD1D2BEFBFBD7818EFBFBD1B31EFBFBD0FEFBFBD61EFBFBDEFBFBD3BEFBFBD4874287B3CEFBFBDEFBFBDEFBFBDEFBFBDEFBFBD65EFBFBD7D0EEFBFBD0EEFBFBDEFBFBD53EFBFBD39EFBFBDEFBFBDEFBFBD78EFBFBDEFBFBD65EFBFBD3CDEACEFBFBDEFBFBDEFBFBDEFBFBDEFBFBDEFBFBDEFBFBD5BEFBFBDEFBFBD7BEFBFBD3FEFBFBDEFBFBD29EFBFBD24EFBFBD67EFBFBD75EFBFBDEFBFBD5FEFBFBDD1BB2FEFBFBDEFBFBD3FEFBFBD33EFBFBDEFBFBDEFBFBDEFBFBDEFBFBD16EFBFBDEFBFBD0FEFBFBD523CEFBFBD7639706022EFBFBD0F3DEFBFBDEFBFBD2F3F5C1E22757E6B03EFBFBD7FEFBFBDEFBFBD7903654A02EFBFBD53EFBFBD1F02EFBFBDEFBFBD6BEFBFBDEFBFBDEFBFBDEFBFBD15EFBFBDEFBFBD44EFBFBD1FEFBFBDEFBFBD5F59DCBDEFBFBD03EFBFBD37EFBFBDEFBFBDEFBFBD2AEFBFBD760AEFBFBDEFBFBDEFBFBDEFBFBD43EFBFBDEFBFBDEFBFBDEFBFBD53EFBFBD70EFBFBD62EFBFBD463ED783EFBFBDEFBFBD63EFBFBDEFBFBDEFBFBDF39BAE864C3D755FEFBFBD6A53CFA10FEFBFBD78EFBFBDEFBFBDEFBFBD6FEFBFBDEFBFBDEFBFBDEFBFBDEFBFBDC5B9EFBFBDEFBFBD37EFBFBDEFBFBDEFBFBDEFBFBDEFBFBD44EFBFBDEFBFBDEF899249EFBFBD26EFBFBDEFBFBDD3B8EFBFBDEFBFBDEFBFBD5B786FEFBFBD54EFBFBD6EEFBFBDEFBFBDEFBFBD45EFBFBDEFBFBD5CEFBFBDEFBFBD42EFBFBDEFBFBDEFBFBD27662CEFBFBDEFBFBDEFBFBDEFBFBD0741EFBFBDEFBFBD7F45EFBFBDEFBFBD126BEFBFBD53EFBFBD0624EFBFBDEFBFBD2B1D7C5CEFBFBD7DD6AFD79AEFBFBDEFBFBD7FEFBFBDEFBFBD3DEFBFBD293EEFBFBDEFBFBD551EEFBFBDEFBFBD0FEFBFBDEFBFBDEFBFBDEFBFBD2A6175EFBFBDEFBFBDEFBFBD28EFBFBD4D25EFBFBD4DEFBFBD1E7FEFBFBDEFBFBDEFBFBDEFBFBDEFBFBDEFBFBD7F6E7BEFBFBDEFBFBDEFBFBDEFBFBDEFBFBD725FEFBFBDEFBFBDEFBFBDEFBFBD376D3D15EFBFBD03523C7237EFBFBD5234DBABEFBFBD69EFBFBD2FEFBFBD177CEFBFBDEFBFBDEFBFBDEFBFBD78EFBFBDEFBFBDEFBFBD5CCFBDEFBFBDEFBFBDEFBFBDEFBFBDEFBFBD01504B0304140000000800EFBFBD524541EFBFBDEFBFBDEFBFBD791E020000001C00000B0000004064622F646174612E6462EFBFBDEFBFBD6EEFBFBD4010EFBFBD776D08EFBFBD25EFBFBD47142145EFBFBD4B0555EFBFBDEFBFBDEFBFBD4E30EFBFBD52C4A12A5508386972326B7B512C61486D27EFBFBDD7B47DEFBFBDEFBFBD517BEFBFBD3BEFBFBDEFBFBD4B1763DA90EFBFBD054EEFBFBDEFBFBDEFBFBDEFBFBDEFBFBDEFBFBDEFBFBDEFBFBD6765EFBFBD35EFBFBDEFBFBD713B48280CEFBFBD514812EFBFBDEFBFBD1CEFBFBD18EFBFBD0040EFBFBD0D112AEFBFBD3F48EFBFBD106EEFBFBD182D27EFBFBDEFBFBDEFBFBDEFBFBD58EFBFBD39EFBFBD0BEFBFBDEFBFBDEFBFBDEFBFBDEFBFBD7FEFBFBD4439EFBFBDCDAFEFBFBD350EEFBFBDEFBFBD2828EFBFBDEFBFBD366AEFBFBD4148EFBFBD46311D522FEFBFBD6730EFBFBDEFBFBD21EFBFBDEFBFBDEFBFBDEFBFBDEFBFBD5C52EFBFBDEFBFBD3F106B1C0E6713EFBFBDEFBFBD6D3C4B7F2CEFBFBDEFBFBD4DEFBFBDEFBFBDEFBFBD6C1C3CEFBFBD39EFBFBDEFBFBDEFBFBD7F11EFBFBD20EFBFBD234CEFBFBD2F7C3F16EFBFBD79EFBFBD0BEFBFBD52097FEFBFBD27EFBFBD1DD2B3EFBFBDEFBFBDEFBFBD1E35EFBFBD4E68765B0DEFBFBD0576EFBFBD65EFBFBD05EFBFBD24C892EFBFBDEFBFBD7D11C490EFBFBDEFBFBD1751EFBFBD501FEFBFBD0F7014EFBFBDEFBFBD691027EFBFBD7735EFBFBDE7AAAB6A2D553733EFBFBDEFBFBDEFBFBD7550EFBFBD7D4DDF9F3A4133EFBFBD55EFBFBD0E65EFBFBD2C4BEFBFBD721DEFBFBDEFBFBDCE88EFBFBD746AD8AD337B6FEFBFBD241109EFBFBD215BEFBFBDEFBFBD67EFBFBD3B6EC39C05EFBFBD4F074E1A77EFBFBD33EFBFBD4CEFBFBDEFBFBDEFBFBDEFBFBD614847EFBFBD03EFBFBD75EFBFBDEFBFBDEFBFBD34EFBFBDEFBFBDEFBFBD750EEFBFBD2FEFBFBDEFBFBD25CFA72AEFBFBD5451EFBFBDEFBFBD62EFBFBDEFBFBD5130EFBFBDEFBFBD24EFBFBD222557EFBFBD38EFBFBDEFBFBD6C331D2D1BEFBFBD37EFBFBD62EFBFBD7872EFBFBD3F3D4977EFBFBDEFBFBD500FEFBFBD434A14D5A85245D3A8EFBFBD58EFBFBDEFBFBD4C5537744D57EFBFBD5E3556EFBFBDEFBFBD166E617FEFBFBDEFBFBD3EEFBFBDEFBFBD4E1FEFBFBD49EFBFBD5DEFBFBD682F0BEFBFBDEFBFBDDABFEFBFBDEFBFBDEFBFBD496D3DEFBFBD6BEFBFBDEFBFBDEFBFBDEFBFBDEEADA4EFBFBDEFBFBDEFBFBDEFBFBDEFBFBD6FEFBFBD350EEFBFBDEFBFBD14EEA7B9EFBFBD5E7C7C3EEFBFBD17EFBFBD412CEFBFBDEFBFBD5E2CEFBFBDEFBFBDEFBFBDD58BEFBFBD210FEFBFBD0BEFBFBDEFBFBD0C7DEFBFBD7C360D5F5FEFBFBD5EEFBFBD267B7CEFBFBDEFBFBDEFBFBDEFBFBD00504B01020000140000000800EFBFBD524541EFBFBDEFBFBDEFBFBDEFBFBD07000000050000000400000000000000000000000000000000006C6F636B504B01020000140000000800EFBFBD524541EFBFBDEFBFBD577EEFBFBD6D0000EFBFBD670E00100000000000000000000000000029000000646F63756D656E742E6D77622E786D6C504B01020000140000000800EFBFBD524541EFBFBDEFBFBDEFBFBD791E020000001C00000B00000000000000000000000000EFBFBD6D00004064622F646174612E6462504B05060000000003000300EFBFBD0000003170000022004D7953514C20576F726B62656E6368204D6F64656C206172636869766520312E3000, 'modelo.mwb', 28946, 'application/vnd.mysql-workbench-model'),
	(2, 'Segundo Recurso', 'Segundo Recurso<br/>', '2012-10-31 18:40:26', NULL, 31, _binary 0x766965726E65732032206465206E6F7669656E6272652031383A33300A4D6974726520383730205069736F2031300A6761627269656C2E666C6F72657340676C6F62616C6C6F6769632E636F6D0A0A436F64696E6720446F6A6F0A5444440A, 'goballogic', 95, 'application/octet-stream');
/*!40000 ALTER TABLE `recurso` ENABLE KEYS */;


-- Dumping structure for table edu.relacion
DROP TABLE IF EXISTS `relacion`;
CREATE TABLE IF NOT EXISTS `relacion` (
  `id` bigint(20) unsigned NOT NULL AUTO_INCREMENT,
  `idprimera` bigint(20) unsigned NOT NULL,
  `idsegunda` bigint(20) unsigned NOT NULL,
  `tipoRelacion` bigint(20) unsigned NOT NULL,
  PRIMARY KEY (`id`),
  KEY `fk_relacion_tiporelacion_1` (`tipoRelacion`),
  KEY `fk_relacion_persona_2` (`idsegunda`),
  KEY `idprimera` (`idprimera`),
  CONSTRAINT `fk_relacion_persona_1` FOREIGN KEY (`idprimera`) REFERENCES `persona` (`id`),
  CONSTRAINT `fk_relacion_persona_2` FOREIGN KEY (`idsegunda`) REFERENCES `persona` (`id`),
  CONSTRAINT `fk_relacion_tiporelacion_1` FOREIGN KEY (`tipoRelacion`) REFERENCES `tiporelacion` (`id`)
) ENGINE=InnoDB AUTO_INCREMENT=24 DEFAULT CHARSET=utf8 COLLATE=utf8_spanish_ci;

-- Dumping data for table edu.relacion: ~7 rows (approximately)
DELETE FROM `relacion`;
/*!40000 ALTER TABLE `relacion` DISABLE KEYS */;
INSERT INTO `relacion` (`id`, `idprimera`, `idsegunda`, `tipoRelacion`) VALUES
	(17, 21, 631, 1),
	(18, 4, 27, 3),
	(19, 27, 4, 3),
	(20, 26, 27, 3),
	(21, 27, 26, 3),
	(22, 367, 379, 3),
	(23, 379, 367, 3),
	(24, 640, 641, 1);
/*!40000 ALTER TABLE `relacion` ENABLE KEYS */;


-- Dumping structure for table edu.rol
DROP TABLE IF EXISTS `rol`;
CREATE TABLE IF NOT EXISTS `rol` (
  `id` bigint(20) unsigned NOT NULL AUTO_INCREMENT,
  `nombre` varchar(255) CHARACTER SET latin1 DEFAULT NULL,
  `descripcion` tinytext CHARACTER SET latin1,
  `fechaAlta` date DEFAULT NULL,
  `fechaBaja` date DEFAULT NULL,
  PRIMARY KEY (`id`)
) ENGINE=InnoDB AUTO_INCREMENT=6 DEFAULT CHARSET=utf8 COLLATE=utf8_spanish_ci;

-- Dumping data for table edu.rol: ~5 rows (approximately)
DELETE FROM `rol`;
/*!40000 ALTER TABLE `rol` DISABLE KEYS */;
INSERT INTO `rol` (`id`, `nombre`, `descripcion`, `fechaAlta`, `fechaBaja`) VALUES
	(1, 'administrador', NULL, NULL, NULL),
	(2, 'directivo', NULL, NULL, NULL),
	(3, 'docente', NULL, NULL, NULL),
	(4, 'alumno', NULL, NULL, NULL),
	(5, 'padre', NULL, NULL, NULL);
/*!40000 ALTER TABLE `rol` ENABLE KEYS */;


-- Dumping structure for table edu.rol_permiso
DROP TABLE IF EXISTS `rol_permiso`;
CREATE TABLE IF NOT EXISTS `rol_permiso` (
  `rol` bigint(20) unsigned NOT NULL,
  `permiso` bigint(20) unsigned NOT NULL,
  `valor` int(10) DEFAULT NULL,
  PRIMARY KEY (`rol`,`permiso`),
  KEY `fk_rol_permiso_permisorol_1` (`permiso`),
  CONSTRAINT `fk_rol_permiso_permisorol_1` FOREIGN KEY (`permiso`) REFERENCES `permisorol` (`id`),
  CONSTRAINT `fk_rol_permiso_rol_1` FOREIGN KEY (`rol`) REFERENCES `rol` (`id`)
) ENGINE=InnoDB DEFAULT CHARSET=utf8 COLLATE=utf8_spanish_ci;

-- Dumping data for table edu.rol_permiso: ~14 rows (approximately)
DELETE FROM `rol_permiso`;
/*!40000 ALTER TABLE `rol_permiso` DISABLE KEYS */;
INSERT INTO `rol_permiso` (`rol`, `permiso`, `valor`) VALUES
	(1, 1, 7),
	(1, 2, 7),
	(1, 3, 7),
	(1, 4, 7),
	(1, 5, 7),
	(1, 6, 7),
	(1, 7, 7),
	(1, 8, 7),
	(2, 1, 5),
	(2, 2, 3),
	(2, 3, 3),
	(2, 5, 3),
	(2, 6, 5),
	(2, 7, 5);
/*!40000 ALTER TABLE `rol_permiso` ENABLE KEYS */;


-- Dumping structure for table edu.tiponota
DROP TABLE IF EXISTS `tiponota`;
CREATE TABLE IF NOT EXISTS `tiponota` (
  `id` bigint(20) unsigned NOT NULL AUTO_INCREMENT,
  `nombre` varchar(255) CHARACTER SET latin1 DEFAULT NULL,
  `descripcion` longtext CHARACTER SET latin1,
  PRIMARY KEY (`id`)
) ENGINE=InnoDB AUTO_INCREMENT=9 DEFAULT CHARSET=utf8 COLLATE=utf8_spanish_ci;

-- Dumping data for table edu.tiponota: ~8 rows (approximately)
DELETE FROM `tiponota`;
/*!40000 ALTER TABLE `tiponota` DISABLE KEYS */;
INSERT INTO `tiponota` (`id`, `nombre`, `descripcion`) VALUES
	(1, 'T1', 'Primer Trimestr'),
	(2, 'T2', 'Segundo Trimestre'),
	(3, 'T3', 'Tercer Trimestr'),
	(4, 'G1', 'Primer Global'),
	(5, 'F', 'Nota Final'),
	(6, 'Examen Online', 'Nota de Examen online'),
	(7, 'Examen Presencial', 'Nota de Examen tomado en el curso'),
	(8, 'Practico', 'Nota de trabajo práctico');
/*!40000 ALTER TABLE `tiponota` ENABLE KEYS */;


-- Dumping structure for table edu.tiporecurso
DROP TABLE IF EXISTS `tiporecurso`;
CREATE TABLE IF NOT EXISTS `tiporecurso` (
  `id` bigint(20) unsigned NOT NULL AUTO_INCREMENT,
  `nombre` varchar(255) CHARACTER SET latin1 DEFAULT NULL,
  `descripcion` longtext CHARACTER SET latin1,
  PRIMARY KEY (`id`)
) ENGINE=InnoDB DEFAULT CHARSET=utf8 COLLATE=utf8_spanish_ci;

-- Dumping data for table edu.tiporecurso: ~0 rows (approximately)
DELETE FROM `tiporecurso`;
/*!40000 ALTER TABLE `tiporecurso` DISABLE KEYS */;
/*!40000 ALTER TABLE `tiporecurso` ENABLE KEYS */;


-- Dumping structure for table edu.tiporelacion
DROP TABLE IF EXISTS `tiporelacion`;
CREATE TABLE IF NOT EXISTS `tiporelacion` (
  `id` bigint(20) unsigned NOT NULL AUTO_INCREMENT,
  `nombre` varchar(255) CHARACTER SET latin1 DEFAULT NULL,
  `descripcion` tinytext CHARACTER SET latin1,
  PRIMARY KEY (`id`)
) ENGINE=InnoDB AUTO_INCREMENT=4 DEFAULT CHARSET=utf8 COLLATE=utf8_spanish_ci;

-- Dumping data for table edu.tiporelacion: ~3 rows (approximately)
DELETE FROM `tiporelacion`;
/*!40000 ALTER TABLE `tiporelacion` DISABLE KEYS */;
INSERT INTO `tiporelacion` (`id`, `nombre`, `descripcion`) VALUES
	(1, 'Padre', 'Padre - Hijo'),
	(2, 'Madre', 'Madre - Hijo'),
	(3, 'Hermano', 'Hermano - Hermano');
/*!40000 ALTER TABLE `tiporelacion` ENABLE KEYS */;


-- Dumping structure for table edu.tiporelacion_esc
DROP TABLE IF EXISTS `tiporelacion_esc`;
CREATE TABLE IF NOT EXISTS `tiporelacion_esc` (
  `id` int(10) NOT NULL AUTO_INCREMENT,
  `nombre` varchar(50) NOT NULL DEFAULT '0',
  `descripcion` text,
  PRIMARY KEY (`id`)
) ENGINE=InnoDB AUTO_INCREMENT=2 DEFAULT CHARSET=latin1;

-- Dumping data for table edu.tiporelacion_esc: ~1 rows (approximately)
DELETE FROM `tiporelacion_esc`;
/*!40000 ALTER TABLE `tiporelacion_esc` DISABLE KEYS */;
INSERT INTO `tiporelacion_esc` (`id`, `nombre`, `descripcion`) VALUES
	(1, 'Director', 'Director de la Institucion');
/*!40000 ALTER TABLE `tiporelacion_esc` ENABLE KEYS */;


-- Dumping structure for table edu.turno
DROP TABLE IF EXISTS `turno`;
CREATE TABLE IF NOT EXISTS `turno` (
  `id` bigint(20) unsigned NOT NULL AUTO_INCREMENT,
  `nombre` varchar(255) CHARACTER SET latin1 DEFAULT NULL,
  `inicio` varchar(50) COLLATE utf8_spanish_ci DEFAULT NULL,
  `fin` varchar(255) COLLATE utf8_spanish_ci DEFAULT NULL,
  PRIMARY KEY (`id`)
) ENGINE=InnoDB AUTO_INCREMENT=4 DEFAULT CHARSET=utf8 COLLATE=utf8_spanish_ci;

-- Dumping data for table edu.turno: ~3 rows (approximately)
DELETE FROM `turno`;
/*!40000 ALTER TABLE `turno` DISABLE KEYS */;
INSERT INTO `turno` (`id`, `nombre`, `inicio`, `fin`) VALUES
	(1, 'Mañana', '08:00', '13:00'),
	(2, 'Tarde', '13:30', '18:30'),
	(3, 'Noche', '19:00', '23:00');
/*!40000 ALTER TABLE `turno` ENABLE KEYS */;


-- Dumping structure for table edu.usuario
DROP TABLE IF EXISTS `usuario`;
CREATE TABLE IF NOT EXISTS `usuario` (
  `id` bigint(20) unsigned NOT NULL AUTO_INCREMENT,
  `persona` bigint(20) unsigned DEFAULT NULL,
  `ussername` varchar(255) CHARACTER SET latin1 DEFAULT NULL,
  `password` varchar(255) CHARACTER SET latin1 DEFAULT NULL,
  `fechaAlta` timestamp NULL DEFAULT CURRENT_TIMESTAMP,
  `fechaBaja` datetime DEFAULT NULL,
  `fechaModPass` date DEFAULT NULL,
  PRIMARY KEY (`id`),
  KEY `FK_usuario_persona` (`persona`),
  CONSTRAINT `FK_usuario_persona` FOREIGN KEY (`persona`) REFERENCES `persona` (`id`)
) ENGINE=InnoDB AUTO_INCREMENT=33 DEFAULT CHARSET=utf8 COLLATE=utf8_spanish_ci;

-- Dumping data for table edu.usuario: ~15 rows (approximately)
DELETE FROM `usuario`;
/*!40000 ALTER TABLE `usuario` DISABLE KEYS */;
INSERT INTO `usuario` (`id`, `persona`, `ussername`, `password`, `fechaAlta`, `fechaBaja`, `fechaModPass`) VALUES
	(1, 50, 'gonzasiman@mendoza.edu.ar', '25f9e794323b453885f5181f1b624d0b', '2012-10-31 12:04:02', '2012-10-31 18:07:42', '2012-12-01'),
	(11, 31, 'leo@yahoo.com.ar', '202cb962ac59075b964b07152d234b70', '2012-10-31 18:04:03', '2012-10-31 18:04:21', NULL),
	(12, 32, 'miguel@serte.com', '202cb962ac59075b964b07152d234b70', '2012-10-31 18:07:33', '2012-10-31 18:07:38', NULL),
	(13, 33, 'jgomez@gmail.com', 'd04825982bca6de784385ef7d235dcc0', '2012-11-05 18:12:32', NULL, NULL),
	(14, 34, 'alejo@gmail.com', '25f9e794323b453885f5181f1b624d0b', '2012-11-06 16:45:07', NULL, NULL),
	(15, 35, 'raquel@gmail.com', '25f9e794323b453885f5181f1b624d0b', '2012-11-06 16:46:51', NULL, NULL),
	(17, 630, 'mbenedetti@gmail.com', '25f9e794323b453885f5181f1b624d0b', '2012-11-14 12:04:59', NULL, NULL),
	(18, 631, 'aseverino@mtl.com', '25f9e794323b453885f5181f1b624d0b', '2012-11-15 11:49:29', NULL, NULL),
	(19, 21, 'sdigiovanni@gmail.com', '25f9e794323b453885f5181f1b624d0b', '2012-11-16 12:32:37', NULL, NULL),
	(20, 29, 'msanchez@gmail.com', '25f9e794323b453885f5181f1b624d0b', '2012-11-16 12:33:11', NULL, NULL),
	(21, 55, 'gsolis@utn.edu.ar', '25f9e794323b453885f5181f1b624d0b', '2012-11-28 17:40:10', NULL, '2012-11-28'),
	(29, 639, 'gonzasiman@gmail.com', '25f9e794323b453885f5181f1b624d0b', '2012-11-30 18:27:25', NULL, '2012-12-01'),
	(30, 640, 'pablodz9@gmail.com', 'ad923ff04255780fd42522cc28784771', '2012-11-30 18:29:47', NULL, NULL),
	(31, 641, 'sorianoleandroe@gmail.com', 'fc8c3e83c0b8bf68bc5fdb42c369fe07', '2012-11-30 18:31:22', NULL, NULL),
	(32, 642, 'patricia.mur@mito.com', 'a859e4af3e3d52601aacd231f8598a7e', '2012-12-01 21:00:49', NULL, NULL);
/*!40000 ALTER TABLE `usuario` ENABLE KEYS */;


-- Dumping structure for table edu.usuario_rol
DROP TABLE IF EXISTS `usuario_rol`;
CREATE TABLE IF NOT EXISTS `usuario_rol` (
  `usuario` bigint(20) unsigned NOT NULL,
  `rol` bigint(20) unsigned NOT NULL,
  PRIMARY KEY (`usuario`,`rol`),
  KEY `fk_usario_rol_rol_1` (`rol`),
  CONSTRAINT `fk_usario_rol_rol_1` FOREIGN KEY (`rol`) REFERENCES `rol` (`id`),
  CONSTRAINT `fk_usario_rol_usuario_1` FOREIGN KEY (`usuario`) REFERENCES `usuario` (`id`)
) ENGINE=InnoDB DEFAULT CHARSET=utf8 COLLATE=utf8_spanish_ci;

-- Dumping data for table edu.usuario_rol: ~9 rows (approximately)
DELETE FROM `usuario_rol`;
/*!40000 ALTER TABLE `usuario_rol` DISABLE KEYS */;
INSERT INTO `usuario_rol` (`usuario`, `rol`) VALUES
	(1, 1),
	(21, 2),
	(29, 2),
	(32, 2),
	(20, 3),
	(19, 4),
	(30, 4),
	(18, 5),
	(31, 5);
/*!40000 ALTER TABLE `usuario_rol` ENABLE KEYS */;
/*!40014 SET FOREIGN_KEY_CHECKS=1 */;
/*!40101 SET CHARACTER_SET_CLIENT=@OLD_CHARACTER_SET_CLIENT */;
